model,attack,asr_percent,set,source
Llama 2 7B Chat,GCG,31.9,test_all,"https://arxiv.org/html/2402.04249v2 (Mazeika et al., HarmBench, Feb 2024, App. Tables 6-7); paper self-reported"
Llama 2 7B Chat,GCG-M,21.1,test_all,"https://arxiv.org/html/2402.04249v2 (Mazeika et al., HarmBench, Feb 2024, App. Tables 6-7); paper self-reported"
Llama 2 7B Chat,GCG-T,19.3,test_all,"https://arxiv.org/html/2402.04249v2 (Mazeika et al., HarmBench, Feb 2024, App. Tables 6-7); paper self-reported"
Llama 2 7B Chat,PEZ,1.8,test_all,"https://arxiv.org/html/2402.04249v2 (Mazeika et al., HarmBench, Feb 2024, App. Tables 6-7); paper self-reported"
Llama 2 7B Chat,GBDA,1.3,test_all,"https://arxiv.org/html/2402.04249v2 (Mazeika et al., HarmBench, Feb 2024, App. Tables 6-7); paper self-reported"
Llama 2 7B Chat,UAT,4.4,test_all,"https://arxiv.org/html/2402.04249v2 (Mazeika et al., HarmBench, Feb 2024, App. Tables 6-7); paper self-reported"
Llama 2 7B Chat,AP,16.6,test_all,"https://arxiv.org/html/2402.04249v2 (Mazeika et al., HarmBench, Feb 2024, App. Tables 6-7); paper self-reported"
Llama 2 7B Chat,SFS,5.0,test_all,"https://arxiv.org/html/2402.04249v2 (Mazeika et al., HarmBench, Feb 2024, App. Tables 6-7); paper self-reported"
Llama 2 7B Chat,ZS,2.2,test_all,"https://arxiv.org/html/2402.04249v2 (Mazeika et al., HarmBench, Feb 2024, App. Tables 6-7); paper self-reported"
Llama 2 7B Chat,PAIR,9.4,test_all,"https://arxiv.org/html/2402.04249v2 (Mazeika et al., HarmBench, Feb 2024, App. Tables 6-7); paper self-reported"
Llama 2 7B Chat,TAP,9.1,test_all,"https://arxiv.org/html/2402.04249v2 (Mazeika et al., HarmBench, Feb 2024, App. Tables 6-7); paper self-reported"
Llama 2 7B Chat,TAP-T,7.8,test_all,"https://arxiv.org/html/2402.04249v2 (Mazeika et al., HarmBench, Feb 2024, App. Tables 6-7); paper self-reported"
Llama 2 7B Chat,AutoDAN,0.0,test_all,"https://arxiv.org/html/2402.04249v2 (Mazeika et al., HarmBench, Feb 2024, App. Tables 6-7); paper self-reported"
Llama 2 7B Chat,PAP-top5,2.7,test_all,"https://arxiv.org/html/2402.04249v2 (Mazeika et al., HarmBench, Feb 2024, App. Tables 6-7); paper self-reported"
Llama 2 7B Chat,Human,0.7,test_all,"https://arxiv.org/html/2402.04249v2 (Mazeika et al., HarmBench, Feb 2024, App. Tables 6-7); paper self-reported"
Llama 2 7B Chat,DR,0.6,test_all,"https://arxiv.org/html/2402.04249v2 (Mazeika et al., HarmBench, Feb 2024, App. Tables 6-7); paper self-reported"
Llama 2 13B Chat,GCG,30.3,test_all,"https://arxiv.org/html/2402.04249v2 (Mazeika et al., HarmBench, Feb 2024, App. Tables 6-7); paper self-reported"
Llama 2 13B Chat,GCG-M,11.4,test_all,"https://arxiv.org/html/2402.04249v2 (Mazeika et al., HarmBench, Feb 2024, App. Tables 6-7); paper self-reported"
Llama 2 13B Chat,GCG-T,16.6,test_all,"https://arxiv.org/html/2402.04249v2 (Mazeika et al., HarmBench, Feb 2024, App. Tables 6-7); paper self-reported"
Llama 2 13B Chat,PEZ,1.9,test_all,"https://arxiv.org/html/2402.04249v2 (Mazeika et al., HarmBench, Feb 2024, App. Tables 6-7); paper self-reported"
Llama 2 13B Chat,GBDA,2.4,test_all,"https://arxiv.org/html/2402.04249v2 (Mazeika et al., HarmBench, Feb 2024, App. Tables 6-7); paper self-reported"
Llama 2 13B Chat,UAT,1.6,test_all,"https://arxiv.org/html/2402.04249v2 (Mazeika et al., HarmBench, Feb 2024, App. Tables 6-7); paper self-reported"
Llama 2 13B Chat,AP,17.8,test_all,"https://arxiv.org/html/2402.04249v2 (Mazeika et al., HarmBench, Feb 2024, App. Tables 6-7); paper self-reported"
Llama 2 13B Chat,SFS,6.9,test_all,"https://arxiv.org/html/2402.04249v2 (Mazeika et al., HarmBench, Feb 2024, App. Tables 6-7); paper self-reported"
Llama 2 13B Chat,ZS,2.9,test_all,"https://arxiv.org/html/2402.04249v2 (Mazeika et al., HarmBench, Feb 2024, App. Tables 6-7); paper self-reported"
Llama 2 13B Chat,PAIR,14.7,test_all,"https://arxiv.org/html/2402.04249v2 (Mazeika et al., HarmBench, Feb 2024, App. Tables 6-7); paper self-reported"
Llama 2 13B Chat,TAP,14.1,test_all,"https://arxiv.org/html/2402.04249v2 (Mazeika et al., HarmBench, Feb 2024, App. Tables 6-7); paper self-reported"
Llama 2 13B Chat,TAP-T,8.2,test_all,"https://arxiv.org/html/2402.04249v2 (Mazeika et al., HarmBench, Feb 2024, App. Tables 6-7); paper self-reported"
Llama 2 13B Chat,AutoDAN,0.9,test_all,"https://arxiv.org/html/2402.04249v2 (Mazeika et al., HarmBench, Feb 2024, App. Tables 6-7); paper self-reported"
Llama 2 13B Chat,PAP-top5,3.6,test_all,"https://arxiv.org/html/2402.04249v2 (Mazeika et al., HarmBench, Feb 2024, App. Tables 6-7); paper self-reported"
Llama 2 13B Chat,Human,1.8,test_all,"https://arxiv.org/html/2402.04249v2 (Mazeika et al., HarmBench, Feb 2024, App. Tables 6-7); paper self-reported"
Llama 2 13B Chat,DR,3.1,test_all,"https://arxiv.org/html/2402.04249v2 (Mazeika et al., HarmBench, Feb 2024, App. Tables 6-7); paper self-reported"
Llama 2 70B Chat,GCG,39.1,test_all,"https://arxiv.org/html/2402.04249v2 (Mazeika et al., HarmBench, Feb 2024, App. Tables 6-7); paper self-reported"
Llama 2 70B Chat,GCG-M,10.9,test_all,"https://arxiv.org/html/2402.04249v2 (Mazeika et al., HarmBench, Feb 2024, App. Tables 6-7); paper self-reported"
Llama 2 70B Chat,GCG-T,21.8,test_all,"https://arxiv.org/html/2402.04249v2 (Mazeika et al., HarmBench, Feb 2024, App. Tables 6-7); paper self-reported"
Llama 2 70B Chat,PEZ,3.1,test_all,"https://arxiv.org/html/2402.04249v2 (Mazeika et al., HarmBench, Feb 2024, App. Tables 6-7); paper self-reported"
Llama 2 70B Chat,GBDA,2.2,test_all,"https://arxiv.org/html/2402.04249v2 (Mazeika et al., HarmBench, Feb 2024, App. Tables 6-7); paper self-reported"
Llama 2 70B Chat,UAT,4.4,test_all,"https://arxiv.org/html/2402.04249v2 (Mazeika et al., HarmBench, Feb 2024, App. Tables 6-7); paper self-reported"
Llama 2 70B Chat,AP,21.6,test_all,"https://arxiv.org/html/2402.04249v2 (Mazeika et al., HarmBench, Feb 2024, App. Tables 6-7); paper self-reported"
Llama 2 70B Chat,SFS,7.8,test_all,"https://arxiv.org/html/2402.04249v2 (Mazeika et al., HarmBench, Feb 2024, App. Tables 6-7); paper self-reported"
Llama 2 70B Chat,ZS,2.9,test_all,"https://arxiv.org/html/2402.04249v2 (Mazeika et al., HarmBench, Feb 2024, App. Tables 6-7); paper self-reported"
Llama 2 70B Chat,PAIR,14.4,test_all,"https://arxiv.org/html/2402.04249v2 (Mazeika et al., HarmBench, Feb 2024, App. Tables 6-7); paper self-reported"
Llama 2 70B Chat,TAP,13.8,test_all,"https://arxiv.org/html/2402.04249v2 (Mazeika et al., HarmBench, Feb 2024, App. Tables 6-7); paper self-reported"
Llama 2 70B Chat,TAP-T,15.7,test_all,"https://arxiv.org/html/2402.04249v2 (Mazeika et al., HarmBench, Feb 2024, App. Tables 6-7); paper self-reported"
Llama 2 70B Chat,AutoDAN,2.8,test_all,"https://arxiv.org/html/2402.04249v2 (Mazeika et al., HarmBench, Feb 2024, App. Tables 6-7); paper self-reported"
Llama 2 70B Chat,PAP-top5,4.3,test_all,"https://arxiv.org/html/2402.04249v2 (Mazeika et al., HarmBench, Feb 2024, App. Tables 6-7); paper self-reported"
Llama 2 70B Chat,Human,2.4,test_all,"https://arxiv.org/html/2402.04249v2 (Mazeika et al., HarmBench, Feb 2024, App. Tables 6-7); paper self-reported"
Llama 2 70B Chat,DR,3.1,test_all,"https://arxiv.org/html/2402.04249v2 (Mazeika et al., HarmBench, Feb 2024, App. Tables 6-7); paper self-reported"
Vicuna 7B,GCG,65.9,test_all,"https://arxiv.org/html/2402.04249v2 (Mazeika et al., HarmBench, Feb 2024, App. Tables 6-7); paper self-reported"
Vicuna 7B,GCG-M,60.9,test_all,"https://arxiv.org/html/2402.04249v2 (Mazeika et al., HarmBench, Feb 2024, App. Tables 6-7); paper self-reported"
Vicuna 7B,GCG-T,60.7,test_all,"https://arxiv.org/html/2402.04249v2 (Mazeika et al., HarmBench, Feb 2024, App. Tables 6-7); paper self-reported"
Vicuna 7B,PEZ,19.1,test_all,"https://arxiv.org/html/2402.04249v2 (Mazeika et al., HarmBench, Feb 2024, App. Tables 6-7); paper self-reported"
Vicuna 7B,GBDA,19.1,test_all,"https://arxiv.org/html/2402.04249v2 (Mazeika et al., HarmBench, Feb 2024, App. Tables 6-7); paper self-reported"
Vicuna 7B,UAT,18.4,test_all,"https://arxiv.org/html/2402.04249v2 (Mazeika et al., HarmBench, Feb 2024, App. Tables 6-7); paper self-reported"
Vicuna 7B,AP,56.6,test_all,"https://arxiv.org/html/2402.04249v2 (Mazeika et al., HarmBench, Feb 2024, App. Tables 6-7); paper self-reported"
Vicuna 7B,SFS,43.4,test_all,"https://arxiv.org/html/2402.04249v2 (Mazeika et al., HarmBench, Feb 2024, App. Tables 6-7); paper self-reported"
Vicuna 7B,ZS,26.8,test_all,"https://arxiv.org/html/2402.04249v2 (Mazeika et al., HarmBench, Feb 2024, App. Tables 6-7); paper self-reported"
Vicuna 7B,PAIR,53.8,test_all,"https://arxiv.org/html/2402.04249v2 (Mazeika et al., HarmBench, Feb 2024, App. Tables 6-7); paper self-reported"
Vicuna 7B,TAP,51.7,test_all,"https://arxiv.org/html/2402.04249v2 (Mazeika et al., HarmBench, Feb 2024, App. Tables 6-7); paper self-reported"
Vicuna 7B,TAP-T,60.2,test_all,"https://arxiv.org/html/2402.04249v2 (Mazeika et al., HarmBench, Feb 2024, App. Tables 6-7); paper self-reported"
Vicuna 7B,AutoDAN,66.3,test_all,"https://arxiv.org/html/2402.04249v2 (Mazeika et al., HarmBench, Feb 2024, App. Tables 6-7); paper self-reported"
Vicuna 7B,PAP-top5,19.2,test_all,"https://arxiv.org/html/2402.04249v2 (Mazeika et al., HarmBench, Feb 2024, App. Tables 6-7); paper self-reported"
Vicuna 7B,Human,38.9,test_all,"https://arxiv.org/html/2402.04249v2 (Mazeika et al., HarmBench, Feb 2024, App. Tables 6-7); paper self-reported"
Vicuna 7B,DR,23.8,test_all,"https://arxiv.org/html/2402.04249v2 (Mazeika et al., HarmBench, Feb 2024, App. Tables 6-7); paper self-reported"
Vicuna 13B,GCG,65.6,test_all,"https://arxiv.org/html/2402.04249v2 (Mazeika et al., HarmBench, Feb 2024, App. Tables 6-7); paper self-reported"
Vicuna 13B,GCG-M,60.6,test_all,"https://arxiv.org/html/2402.04249v2 (Mazeika et al., HarmBench, Feb 2024, App. Tables 6-7); paper self-reported"
Vicuna 13B,GCG-T,55.2,test_all,"https://arxiv.org/html/2402.04249v2 (Mazeika et al., HarmBench, Feb 2024, App. Tables 6-7); paper self-reported"
Vicuna 13B,PEZ,16.4,test_all,"https://arxiv.org/html/2402.04249v2 (Mazeika et al., HarmBench, Feb 2024, App. Tables 6-7); paper self-reported"
Vicuna 13B,GBDA,14.6,test_all,"https://arxiv.org/html/2402.04249v2 (Mazeika et al., HarmBench, Feb 2024, App. Tables 6-7); paper self-reported"
Vicuna 13B,UAT,14.4,test_all,"https://arxiv.org/html/2402.04249v2 (Mazeika et al., HarmBench, Feb 2024, App. Tables 6-7); paper self-reported"
Vicuna 13B,AP,43.8,test_all,"https://arxiv.org/html/2402.04249v2 (Mazeika et al., HarmBench, Feb 2024, App. Tables 6-7); paper self-reported"
Vicuna 13B,SFS,32.2,test_all,"https://arxiv.org/html/2402.04249v2 (Mazeika et al., HarmBench, Feb 2024, App. Tables 6-7); paper self-reported"
Vicuna 13B,ZS,23.0,test_all,"https://arxiv.org/html/2402.04249v2 (Mazeika et al., HarmBench, Feb 2024, App. Tables 6-7); paper self-reported"
Vicuna 13B,PAIR,50.3,test_all,"https://arxiv.org/html/2402.04249v2 (Mazeika et al., HarmBench, Feb 2024, App. Tables 6-7); paper self-reported"
Vicuna 13B,TAP,53.6,test_all,"https://arxiv.org/html/2402.04249v2 (Mazeika et al., HarmBench, Feb 2024, App. Tables 6-7); paper self-reported"
Vicuna 13B,TAP-T,64.9,test_all,"https://arxiv.org/html/2402.04249v2 (Mazeika et al., HarmBench, Feb 2024, App. Tables 6-7); paper self-reported"
Vicuna 13B,AutoDAN,65.9,test_all,"https://arxiv.org/html/2402.04249v2 (Mazeika et al., HarmBench, Feb 2024, App. Tables 6-7); paper self-reported"
Vicuna 13B,PAP-top5,20.1,test_all,"https://arxiv.org/html/2402.04249v2 (Mazeika et al., HarmBench, Feb 2024, App. Tables 6-7); paper self-reported"
Vicuna 13B,Human,40.5,test_all,"https://arxiv.org/html/2402.04249v2 (Mazeika et al., HarmBench, Feb 2024, App. Tables 6-7); paper self-reported"
Vicuna 13B,DR,20.0,test_all,"https://arxiv.org/html/2402.04249v2 (Mazeika et al., HarmBench, Feb 2024, App. Tables 6-7); paper self-reported"
Baichuan 2 7B,GCG,62.2,test_all,"https://arxiv.org/html/2402.04249v2 (Mazeika et al., HarmBench, Feb 2024, App. Tables 6-7); paper self-reported"
Baichuan 2 7B,GCG-M,40.5,test_all,"https://arxiv.org/html/2402.04249v2 (Mazeika et al., HarmBench, Feb 2024, App. Tables 6-7); paper self-reported"
Baichuan 2 7B,GCG-T,46.1,test_all,"https://arxiv.org/html/2402.04249v2 (Mazeika et al., HarmBench, Feb 2024, App. Tables 6-7); paper self-reported"
Baichuan 2 7B,PEZ,31.9,test_all,"https://arxiv.org/html/2402.04249v2 (Mazeika et al., HarmBench, Feb 2024, App. Tables 6-7); paper self-reported"
Baichuan 2 7B,GBDA,28.9,test_all,"https://arxiv.org/html/2402.04249v2 (Mazeika et al., HarmBench, Feb 2024, App. Tables 6-7); paper self-reported"
Baichuan 2 7B,UAT,28.7,test_all,"https://arxiv.org/html/2402.04249v2 (Mazeika et al., HarmBench, Feb 2024, App. Tables 6-7); paper self-reported"
Baichuan 2 7B,AP,47.2,test_all,"https://arxiv.org/html/2402.04249v2 (Mazeika et al., HarmBench, Feb 2024, App. Tables 6-7); paper self-reported"
Baichuan 2 7B,SFS,27.2,test_all,"https://arxiv.org/html/2402.04249v2 (Mazeika et al., HarmBench, Feb 2024, App. Tables 6-7); paper self-reported"
Baichuan 2 7B,ZS,27.9,test_all,"https://arxiv.org/html/2402.04249v2 (Mazeika et al., HarmBench, Feb 2024, App. Tables 6-7); paper self-reported"
Baichuan 2 7B,PAIR,38.1,test_all,"https://arxiv.org/html/2402.04249v2 (Mazeika et al., HarmBench, Feb 2024, App. Tables 6-7); paper self-reported"
Baichuan 2 7B,TAP,51.7,test_all,"https://arxiv.org/html/2402.04249v2 (Mazeika et al., HarmBench, Feb 2024, App. Tables 6-7); paper self-reported"
Baichuan 2 7B,TAP-T,59.6,test_all,"https://arxiv.org/html/2402.04249v2 (Mazeika et al., HarmBench, Feb 2024, App. Tables 6-7); paper self-reported"
Baichuan 2 7B,AutoDAN,53.4,test_all,"https://arxiv.org/html/2402.04249v2 (Mazeika et al., HarmBench, Feb 2024, App. Tables 6-7); paper self-reported"
Baichuan 2 7B,PAP-top5,19.1,test_all,"https://arxiv.org/html/2402.04249v2 (Mazeika et al., HarmBench, Feb 2024, App. Tables 6-7); paper self-reported"
Baichuan 2 7B,Human,27.8,test_all,"https://arxiv.org/html/2402.04249v2 (Mazeika et al., HarmBench, Feb 2024, App. Tables 6-7); paper self-reported"
Baichuan 2 7B,DR,18.4,test_all,"https://arxiv.org/html/2402.04249v2 (Mazeika et al., HarmBench, Feb 2024, App. Tables 6-7); paper self-reported"
Baichuan 2 13B,GCG,61.6,test_all,"https://arxiv.org/html/2402.04249v2 (Mazeika et al., HarmBench, Feb 2024, App. Tables 6-7); paper self-reported"
Baichuan 2 13B,GCG-M,52.3,test_all,"https://arxiv.org/html/2402.04249v2 (Mazeika et al., HarmBench, Feb 2024, App. Tables 6-7); paper self-reported"
Baichuan 2 13B,GCG-T,44.9,test_all,"https://arxiv.org/html/2402.04249v2 (Mazeika et al., HarmBench, Feb 2024, App. Tables 6-7); paper self-reported"
Baichuan 2 13B,PEZ,28.4,test_all,"https://arxiv.org/html/2402.04249v2 (Mazeika et al., HarmBench, Feb 2024, App. Tables 6-7); paper self-reported"
Baichuan 2 13B,GBDA,26.6,test_all,"https://arxiv.org/html/2402.04249v2 (Mazeika et al., HarmBench, Feb 2024, App. Tables 6-7); paper self-reported"
Baichuan 2 13B,UAT,50.3,test_all,"https://arxiv.org/html/2402.04249v2 (Mazeika et al., HarmBench, Feb 2024, App. Tables 6-7); paper self-reported"
Baichuan 2 13B,AP,54.4,test_all,"https://arxiv.org/html/2402.04249v2 (Mazeika et al., HarmBench, Feb 2024, App. Tables 6-7); paper self-reported"
Baichuan 2 13B,SFS,38.4,test_all,"https://arxiv.org/html/2402.04249v2 (Mazeika et al., HarmBench, Feb 2024, App. Tables 6-7); paper self-reported"
Baichuan 2 13B,ZS,25.8,test_all,"https://arxiv.org/html/2402.04249v2 (Mazeika et al., HarmBench, Feb 2024, App. Tables 6-7); paper self-reported"
Baichuan 2 13B,PAIR,52.8,test_all,"https://arxiv.org/html/2402.04249v2 (Mazeika et al., HarmBench, Feb 2024, App. Tables 6-7); paper self-reported"
Baichuan 2 13B,TAP,54.5,test_all,"https://arxiv.org/html/2402.04249v2 (Mazeika et al., HarmBench, Feb 2024, App. Tables 6-7); paper self-reported"
Baichuan 2 13B,TAP-T,63.6,test_all,"https://arxiv.org/html/2402.04249v2 (Mazeika et al., HarmBench, Feb 2024, App. Tables 6-7); paper self-reported"
Baichuan 2 13B,AutoDAN,60.2,test_all,"https://arxiv.org/html/2402.04249v2 (Mazeika et al., HarmBench, Feb 2024, App. Tables 6-7); paper self-reported"
Baichuan 2 13B,PAP-top5,21.9,test_all,"https://arxiv.org/html/2402.04249v2 (Mazeika et al., HarmBench, Feb 2024, App. Tables 6-7); paper self-reported"
Baichuan 2 13B,Human,31.7,test_all,"https://arxiv.org/html/2402.04249v2 (Mazeika et al., HarmBench, Feb 2024, App. Tables 6-7); paper self-reported"
Baichuan 2 13B,DR,19.4,test_all,"https://arxiv.org/html/2402.04249v2 (Mazeika et al., HarmBench, Feb 2024, App. Tables 6-7); paper self-reported"
Qwen 7B Chat,GCG,59.5,test_all,"https://arxiv.org/html/2402.04249v2 (Mazeika et al., HarmBench, Feb 2024, App. Tables 6-7); paper self-reported"
Qwen 7B Chat,GCG-M,52.3,test_all,"https://arxiv.org/html/2402.04249v2 (Mazeika et al., HarmBench, Feb 2024, App. Tables 6-7); paper self-reported"
Qwen 7B Chat,GCG-T,37.9,test_all,"https://arxiv.org/html/2402.04249v2 (Mazeika et al., HarmBench, Feb 2024, App. Tables 6-7); paper self-reported"
Qwen 7B Chat,PEZ,12.8,test_all,"https://arxiv.org/html/2402.04249v2 (Mazeika et al., HarmBench, Feb 2024, App. Tables 6-7); paper self-reported"
Qwen 7B Chat,GBDA,12.5,test_all,"https://arxiv.org/html/2402.04249v2 (Mazeika et al., HarmBench, Feb 2024, App. Tables 6-7); paper self-reported"
Qwen 7B Chat,UAT,10.0,test_all,"https://arxiv.org/html/2402.04249v2 (Mazeika et al., HarmBench, Feb 2024, App. Tables 6-7); paper self-reported"
Qwen 7B Chat,AP,49.2,test_all,"https://arxiv.org/html/2402.04249v2 (Mazeika et al., HarmBench, Feb 2024, App. Tables 6-7); paper self-reported"
Qwen 7B Chat,SFS,31.3,test_all,"https://arxiv.org/html/2402.04249v2 (Mazeika et al., HarmBench, Feb 2024, App. Tables 6-7); paper self-reported"
Qwen 7B Chat,ZS,15.9,test_all,"https://arxiv.org/html/2402.04249v2 (Mazeika et al., HarmBench, Feb 2024, App. Tables 6-7); paper self-reported"
Qwen 7B Chat,PAIR,49.7,test_all,"https://arxiv.org/html/2402.04249v2 (Mazeika et al., HarmBench, Feb 2024, App. Tables 6-7); paper self-reported"
Qwen 7B Chat,TAP,53.1,test_all,"https://arxiv.org/html/2402.04249v2 (Mazeika et al., HarmBench, Feb 2024, App. Tables 6-7); paper self-reported"
Qwen 7B Chat,TAP-T,58.0,test_all,"https://arxiv.org/html/2402.04249v2 (Mazeika et al., HarmBench, Feb 2024, App. Tables 6-7); paper self-reported"
Qwen 7B Chat,AutoDAN,47.5,test_all,"https://arxiv.org/html/2402.04249v2 (Mazeika et al., HarmBench, Feb 2024, App. Tables 6-7); paper self-reported"
Qwen 7B Chat,PAP-top5,13.0,test_all,"https://arxiv.org/html/2402.04249v2 (Mazeika et al., HarmBench, Feb 2024, App. Tables 6-7); paper self-reported"
Qwen 7B Chat,Human,24.3,test_all,"https://arxiv.org/html/2402.04249v2 (Mazeika et al., HarmBench, Feb 2024, App. Tables 6-7); paper self-reported"
Qwen 7B Chat,DR,13.1,test_all,"https://arxiv.org/html/2402.04249v2 (Mazeika et al., HarmBench, Feb 2024, App. Tables 6-7); paper self-reported"
Qwen 14B Chat,GCG,62.5,test_all,"https://arxiv.org/html/2402.04249v2 (Mazeika et al., HarmBench, Feb 2024, App. Tables 6-7); paper self-reported"
Qwen 14B Chat,GCG-M,53.9,test_all,"https://arxiv.org/html/2402.04249v2 (Mazeika et al., HarmBench, Feb 2024, App. Tables 6-7); paper self-reported"
Qwen 14B Chat,GCG-T,38.9,test_all,"https://arxiv.org/html/2402.04249v2 (Mazeika et al., HarmBench, Feb 2024, App. Tables 6-7); paper self-reported"
Qwen 14B Chat,PEZ,11.2,test_all,"https://arxiv.org/html/2402.04249v2 (Mazeika et al., HarmBench, Feb 2024, App. Tables 6-7); paper self-reported"
Qwen 14B Chat,GBDA,12.0,test_all,"https://arxiv.org/html/2402.04249v2 (Mazeika et al., HarmBench, Feb 2024, App. Tables 6-7); paper self-reported"
Qwen 14B Chat,UAT,10.0,test_all,"https://arxiv.org/html/2402.04249v2 (Mazeika et al., HarmBench, Feb 2024, App. Tables 6-7); paper self-reported"
Qwen 14B Chat,AP,45.6,test_all,"https://arxiv.org/html/2402.04249v2 (Mazeika et al., HarmBench, Feb 2024, App. Tables 6-7); paper self-reported"
Qwen 14B Chat,SFS,28.1,test_all,"https://arxiv.org/html/2402.04249v2 (Mazeika et al., HarmBench, Feb 2024, App. Tables 6-7); paper self-reported"
Qwen 14B Chat,ZS,16.7,test_all,"https://arxiv.org/html/2402.04249v2 (Mazeika et al., HarmBench, Feb 2024, App. Tables 6-7); paper self-reported"
Qwen 14B Chat,PAIR,45.3,test_all,"https://arxiv.org/html/2402.04249v2 (Mazeika et al., HarmBench, Feb 2024, App. Tables 6-7); paper self-reported"
Qwen 14B Chat,TAP,48.1,test_all,"https://arxiv.org/html/2402.04249v2 (Mazeika et al., HarmBench, Feb 2024, App. Tables 6-7); paper self-reported"
Qwen 14B Chat,TAP-T,55.5,test_all,"https://arxiv.org/html/2402.04249v2 (Mazeika et al., HarmBench, Feb 2024, App. Tables 6-7); paper self-reported"
Qwen 14B Chat,AutoDAN,51.9,test_all,"https://arxiv.org/html/2402.04249v2 (Mazeika et al., HarmBench, Feb 2024, App. Tables 6-7); paper self-reported"
Qwen 14B Chat,PAP-top5,13.6,test_all,"https://arxiv.org/html/2402.04249v2 (Mazeika et al., HarmBench, Feb 2024, App. Tables 6-7); paper self-reported"
Qwen 14B Chat,Human,29.5,test_all,"https://arxiv.org/html/2402.04249v2 (Mazeika et al., HarmBench, Feb 2024, App. Tables 6-7); paper self-reported"
Qwen 14B Chat,DR,17.2,test_all,"https://arxiv.org/html/2402.04249v2 (Mazeika et al., HarmBench, Feb 2024, App. Tables 6-7); paper self-reported"
Qwen 72B Chat,GCG-T,36.6,test_all,"https://arxiv.org/html/2402.04249v2 (Mazeika et al., HarmBench, Feb 2024, App. Tables 6-7); paper self-reported"
Qwen 72B Chat,SFS,32.2,test_all,"https://arxiv.org/html/2402.04249v2 (Mazeika et al., HarmBench, Feb 2024, App. Tables 6-7); paper self-reported"
Qwen 72B Chat,ZS,18.4,test_all,"https://arxiv.org/html/2402.04249v2 (Mazeika et al., HarmBench, Feb 2024, App. Tables 6-7); paper self-reported"
Qwen 72B Chat,PAIR,46.6,test_all,"https://arxiv.org/html/2402.04249v2 (Mazeika et al., HarmBench, Feb 2024, App. Tables 6-7); paper self-reported"
Qwen 72B Chat,TAP,50.0,test_all,"https://arxiv.org/html/2402.04249v2 (Mazeika et al., HarmBench, Feb 2024, App. Tables 6-7); paper self-reported"
Qwen 72B Chat,TAP-T,56.4,test_all,"https://arxiv.org/html/2402.04249v2 (Mazeika et al., HarmBench, Feb 2024, App. Tables 6-7); paper self-reported"
Qwen 72B Chat,AutoDAN,41.3,test_all,"https://arxiv.org/html/2402.04249v2 (Mazeika et al., HarmBench, Feb 2024, App. Tables 6-7); paper self-reported"
Qwen 72B Chat,PAP-top5,21.4,test_all,"https://arxiv.org/html/2402.04249v2 (Mazeika et al., HarmBench, Feb 2024, App. Tables 6-7); paper self-reported"
Qwen 72B Chat,Human,38.2,test_all,"https://arxiv.org/html/2402.04249v2 (Mazeika et al., HarmBench, Feb 2024, App. Tables 6-7); paper self-reported"
Qwen 72B Chat,DR,17.2,test_all,"https://arxiv.org/html/2402.04249v2 (Mazeika et al., HarmBench, Feb 2024, App. Tables 6-7); paper self-reported"
Koala 7B,GCG,60.0,test_all,"https://arxiv.org/html/2402.04249v2 (Mazeika et al., HarmBench, Feb 2024, App. Tables 6-7); paper self-reported"
Koala 7B,GCG-M,54.6,test_all,"https://arxiv.org/html/2402.04249v2 (Mazeika et al., HarmBench, Feb 2024, App. Tables 6-7); paper self-reported"
Koala 7B,GCG-T,52.0,test_all,"https://arxiv.org/html/2402.04249v2 (Mazeika et al., HarmBench, Feb 2024, App. Tables 6-7); paper self-reported"
Koala 7B,PEZ,41.8,test_all,"https://arxiv.org/html/2402.04249v2 (Mazeika et al., HarmBench, Feb 2024, App. Tables 6-7); paper self-reported"
Koala 7B,GBDA,51.2,test_all,"https://arxiv.org/html/2402.04249v2 (Mazeika et al., HarmBench, Feb 2024, App. Tables 6-7); paper self-reported"
Koala 7B,UAT,49.7,test_all,"https://arxiv.org/html/2402.04249v2 (Mazeika et al., HarmBench, Feb 2024, App. Tables 6-7); paper self-reported"
Koala 7B,AP,54.4,test_all,"https://arxiv.org/html/2402.04249v2 (Mazeika et al., HarmBench, Feb 2024, App. Tables 6-7); paper self-reported"
Koala 7B,SFS,41.9,test_all,"https://arxiv.org/html/2402.04249v2 (Mazeika et al., HarmBench, Feb 2024, App. Tables 6-7); paper self-reported"
Koala 7B,ZS,43.1,test_all,"https://arxiv.org/html/2402.04249v2 (Mazeika et al., HarmBench, Feb 2024, App. Tables 6-7); paper self-reported"
Koala 7B,PAIR,49.7,test_all,"https://arxiv.org/html/2402.04249v2 (Mazeika et al., HarmBench, Feb 2024, App. Tables 6-7); paper self-reported"
Koala 7B,TAP,58.8,test_all,"https://arxiv.org/html/2402.04249v2 (Mazeika et al., HarmBench, Feb 2024, App. Tables 6-7); paper self-reported"
Koala 7B,TAP-T,57.4,test_all,"https://arxiv.org/html/2402.04249v2 (Mazeika et al., HarmBench, Feb 2024, App. Tables 6-7); paper self-reported"
Koala 7B,AutoDAN,54.1,test_all,"https://arxiv.org/html/2402.04249v2 (Mazeika et al., HarmBench, Feb 2024, App. Tables 6-7); paper self-reported"
Koala 7B,PAP-top5,19.2,test_all,"https://arxiv.org/html/2402.04249v2 (Mazeika et al., HarmBench, Feb 2024, App. Tables 6-7); paper self-reported"
Koala 7B,Human,26.8,test_all,"https://arxiv.org/html/2402.04249v2 (Mazeika et al., HarmBench, Feb 2024, App. Tables 6-7); paper self-reported"
Koala 7B,DR,38.1,test_all,"https://arxiv.org/html/2402.04249v2 (Mazeika et al., HarmBench, Feb 2024, App. Tables 6-7); paper self-reported"
Koala 13B,GCG,62.2,test_all,"https://arxiv.org/html/2402.04249v2 (Mazeika et al., HarmBench, Feb 2024, App. Tables 6-7); paper self-reported"
Koala 13B,GCG-M,57.1,test_all,"https://arxiv.org/html/2402.04249v2 (Mazeika et al., HarmBench, Feb 2024, App. Tables 6-7); paper self-reported"
Koala 13B,GCG-T,57.4,test_all,"https://arxiv.org/html/2402.04249v2 (Mazeika et al., HarmBench, Feb 2024, App. Tables 6-7); paper self-reported"
Koala 13B,PEZ,46.2,test_all,"https://arxiv.org/html/2402.04249v2 (Mazeika et al., HarmBench, Feb 2024, App. Tables 6-7); paper self-reported"
Koala 13B,GBDA,52.4,test_all,"https://arxiv.org/html/2402.04249v2 (Mazeika et al., HarmBench, Feb 2024, App. Tables 6-7); paper self-reported"
Koala 13B,UAT,52.8,test_all,"https://arxiv.org/html/2402.04249v2 (Mazeika et al., HarmBench, Feb 2024, App. Tables 6-7); paper self-reported"
Koala 13B,AP,59.4,test_all,"https://arxiv.org/html/2402.04249v2 (Mazeika et al., HarmBench, Feb 2024, App. Tables 6-7); paper self-reported"
Koala 13B,SFS,38.4,test_all,"https://arxiv.org/html/2402.04249v2 (Mazeika et al., HarmBench, Feb 2024, App. Tables 6-7); paper self-reported"
Koala 13B,ZS,37.1,test_all,"https://arxiv.org/html/2402.04249v2 (Mazeika et al., HarmBench, Feb 2024, App. Tables 6-7); paper self-reported"
Koala 13B,PAIR,52.5,test_all,"https://arxiv.org/html/2402.04249v2 (Mazeika et al., HarmBench, Feb 2024, App. Tables 6-7); paper self-reported"
Koala 13B,TAP,58.8,test_all,"https://arxiv.org/html/2402.04249v2 (Mazeika et al., HarmBench, Feb 2024, App. Tables 6-7); paper self-reported"
Koala 13B,TAP-T,59.9,test_all,"https://arxiv.org/html/2402.04249v2 (Mazeika et al., HarmBench, Feb 2024, App. Tables 6-7); paper self-reported"
Koala 13B,AutoDAN,66.3,test_all,"https://arxiv.org/html/2402.04249v2 (Mazeika et al., HarmBench, Feb 2024, App. Tables 6-7); paper self-reported"
Koala 13B,PAP-top5,16.5,test_all,"https://arxiv.org/html/2402.04249v2 (Mazeika et al., HarmBench, Feb 2024, App. Tables 6-7); paper self-reported"
Koala 13B,Human,31.7,test_all,"https://arxiv.org/html/2402.04249v2 (Mazeika et al., HarmBench, Feb 2024, App. Tables 6-7); paper self-reported"
Koala 13B,DR,27.2,test_all,"https://arxiv.org/html/2402.04249v2 (Mazeika et al., HarmBench, Feb 2024, App. Tables 6-7); paper self-reported"
Orca 2 7B,GCG,45.6,test_all,"https://arxiv.org/html/2402.04249v2 (Mazeika et al., HarmBench, Feb 2024, App. Tables 6-7); paper self-reported"
Orca 2 7B,GCG-M,39.1,test_all,"https://arxiv.org/html/2402.04249v2 (Mazeika et al., HarmBench, Feb 2024, App. Tables 6-7); paper self-reported"
Orca 2 7B,GCG-T,59.7,test_all,"https://arxiv.org/html/2402.04249v2 (Mazeika et al., HarmBench, Feb 2024, App. Tables 6-7); paper self-reported"
Orca 2 7B,PEZ,37.8,test_all,"https://arxiv.org/html/2402.04249v2 (Mazeika et al., HarmBench, Feb 2024, App. Tables 6-7); paper self-reported"
Orca 2 7B,GBDA,37.8,test_all,"https://arxiv.org/html/2402.04249v2 (Mazeika et al., HarmBench, Feb 2024, App. Tables 6-7); paper self-reported"
Orca 2 7B,UAT,39.7,test_all,"https://arxiv.org/html/2402.04249v2 (Mazeika et al., HarmBench, Feb 2024, App. Tables 6-7); paper self-reported"
Orca 2 7B,AP,35.6,test_all,"https://arxiv.org/html/2402.04249v2 (Mazeika et al., HarmBench, Feb 2024, App. Tables 6-7); paper self-reported"
Orca 2 7B,SFS,46.9,test_all,"https://arxiv.org/html/2402.04249v2 (Mazeika et al., HarmBench, Feb 2024, App. Tables 6-7); paper self-reported"
Orca 2 7B,ZS,41.1,test_all,"https://arxiv.org/html/2402.04249v2 (Mazeika et al., HarmBench, Feb 2024, App. Tables 6-7); paper self-reported"
Orca 2 7B,PAIR,57.5,test_all,"https://arxiv.org/html/2402.04249v2 (Mazeika et al., HarmBench, Feb 2024, App. Tables 6-7); paper self-reported"
Orca 2 7B,TAP,57.8,test_all,"https://arxiv.org/html/2402.04249v2 (Mazeika et al., HarmBench, Feb 2024, App. Tables 6-7); paper self-reported"
Orca 2 7B,TAP-T,60.5,test_all,"https://arxiv.org/html/2402.04249v2 (Mazeika et al., HarmBench, Feb 2024, App. Tables 6-7); paper self-reported"
Orca 2 7B,AutoDAN,70.9,test_all,"https://arxiv.org/html/2402.04249v2 (Mazeika et al., HarmBench, Feb 2024, App. Tables 6-7); paper self-reported"
Orca 2 7B,PAP-top5,18.3,test_all,"https://arxiv.org/html/2402.04249v2 (Mazeika et al., HarmBench, Feb 2024, App. Tables 6-7); paper self-reported"
Orca 2 7B,Human,39.1,test_all,"https://arxiv.org/html/2402.04249v2 (Mazeika et al., HarmBench, Feb 2024, App. Tables 6-7); paper self-reported"
Orca 2 7B,DR,38.8,test_all,"https://arxiv.org/html/2402.04249v2 (Mazeika et al., HarmBench, Feb 2024, App. Tables 6-7); paper self-reported"
Orca 2 13B,GCG,50.6,test_all,"https://arxiv.org/html/2402.04249v2 (Mazeika et al., HarmBench, Feb 2024, App. Tables 6-7); paper self-reported"
Orca 2 13B,GCG-M,30.3,test_all,"https://arxiv.org/html/2402.04249v2 (Mazeika et al., HarmBench, Feb 2024, App. Tables 6-7); paper self-reported"
Orca 2 13B,GCG-T,51.8,test_all,"https://arxiv.org/html/2402.04249v2 (Mazeika et al., HarmBench, Feb 2024, App. Tables 6-7); paper self-reported"
Orca 2 13B,PEZ,36.3,test_all,"https://arxiv.org/html/2402.04249v2 (Mazeika et al., HarmBench, Feb 2024, App. Tables 6-7); paper self-reported"
Orca 2 13B,GBDA,34.6,test_all,"https://arxiv.org/html/2402.04249v2 (Mazeika et al., HarmBench, Feb 2024, App. Tables 6-7); paper self-reported"
Orca 2 13B,UAT,35.0,test_all,"https://arxiv.org/html/2402.04249v2 (Mazeika et al., HarmBench, Feb 2024, App. Tables 6-7); paper self-reported"
Orca 2 13B,AP,32.5,test_all,"https://arxiv.org/html/2402.04249v2 (Mazeika et al., HarmBench, Feb 2024, App. Tables 6-7); paper self-reported"
Orca 2 13B,SFS,50.6,test_all,"https://arxiv.org/html/2402.04249v2 (Mazeika et al., HarmBench, Feb 2024, App. Tables 6-7); paper self-reported"
Orca 2 13B,ZS,42.3,test_all,"https://arxiv.org/html/2402.04249v2 (Mazeika et al., HarmBench, Feb 2024, App. Tables 6-7); paper self-reported"
Orca 2 13B,PAIR,55.6,test_all,"https://arxiv.org/html/2402.04249v2 (Mazeika et al., HarmBench, Feb 2024, App. Tables 6-7); paper self-reported"
Orca 2 13B,TAP,60.9,test_all,"https://arxiv.org/html/2402.04249v2 (Mazeika et al., HarmBench, Feb 2024, App. Tables 6-7); paper self-reported"
Orca 2 13B,TAP-T,63.9,test_all,"https://arxiv.org/html/2402.04249v2 (Mazeika et al., HarmBench, Feb 2024, App. Tables 6-7); paper self-reported"
Orca 2 13B,AutoDAN,69.4,test_all,"https://arxiv.org/html/2402.04249v2 (Mazeika et al., HarmBench, Feb 2024, App. Tables 6-7); paper self-reported"
Orca 2 13B,PAP-top5,20.0,test_all,"https://arxiv.org/html/2402.04249v2 (Mazeika et al., HarmBench, Feb 2024, App. Tables 6-7); paper self-reported"
Orca 2 13B,Human,42.4,test_all,"https://arxiv.org/html/2402.04249v2 (Mazeika et al., HarmBench, Feb 2024, App. Tables 6-7); paper self-reported"
Orca 2 13B,DR,45.0,test_all,"https://arxiv.org/html/2402.04249v2 (Mazeika et al., HarmBench, Feb 2024, App. Tables 6-7); paper self-reported"
SOLAR 10.7B-Instruct,GCG,56.6,test_all,"https://arxiv.org/html/2402.04249v2 (Mazeika et al., HarmBench, Feb 2024, App. Tables 6-7); paper self-reported"
SOLAR 10.7B-Instruct,GCG-M,61.3,test_all,"https://arxiv.org/html/2402.04249v2 (Mazeika et al., HarmBench, Feb 2024, App. Tables 6-7); paper self-reported"
SOLAR 10.7B-Instruct,GCG-T,58.6,test_all,"https://arxiv.org/html/2402.04249v2 (Mazeika et al., HarmBench, Feb 2024, App. Tables 6-7); paper self-reported"
SOLAR 10.7B-Instruct,PEZ,54.9,test_all,"https://arxiv.org/html/2402.04249v2 (Mazeika et al., HarmBench, Feb 2024, App. Tables 6-7); paper self-reported"
SOLAR 10.7B-Instruct,GBDA,54.0,test_all,"https://arxiv.org/html/2402.04249v2 (Mazeika et al., HarmBench, Feb 2024, App. Tables 6-7); paper self-reported"
SOLAR 10.7B-Instruct,UAT,53.1,test_all,"https://arxiv.org/html/2402.04249v2 (Mazeika et al., HarmBench, Feb 2024, App. Tables 6-7); paper self-reported"
SOLAR 10.7B-Instruct,AP,54.1,test_all,"https://arxiv.org/html/2402.04249v2 (Mazeika et al., HarmBench, Feb 2024, App. Tables 6-7); paper self-reported"
SOLAR 10.7B-Instruct,SFS,57.5,test_all,"https://arxiv.org/html/2402.04249v2 (Mazeika et al., HarmBench, Feb 2024, App. Tables 6-7); paper self-reported"
SOLAR 10.7B-Instruct,ZS,55.1,test_all,"https://arxiv.org/html/2402.04249v2 (Mazeika et al., HarmBench, Feb 2024, App. Tables 6-7); paper self-reported"
SOLAR 10.7B-Instruct,PAIR,56.3,test_all,"https://arxiv.org/html/2402.04249v2 (Mazeika et al., HarmBench, Feb 2024, App. Tables 6-7); paper self-reported"
SOLAR 10.7B-Instruct,TAP,66.9,test_all,"https://arxiv.org/html/2402.04249v2 (Mazeika et al., HarmBench, Feb 2024, App. Tables 6-7); paper self-reported"
SOLAR 10.7B-Instruct,TAP-T,66.5,test_all,"https://arxiv.org/html/2402.04249v2 (Mazeika et al., HarmBench, Feb 2024, App. Tables 6-7); paper self-reported"
SOLAR 10.7B-Instruct,AutoDAN,71.9,test_all,"https://arxiv.org/html/2402.04249v2 (Mazeika et al., HarmBench, Feb 2024, App. Tables 6-7); paper self-reported"
SOLAR 10.7B-Instruct,PAP-top5,31.0,test_all,"https://arxiv.org/html/2402.04249v2 (Mazeika et al., HarmBench, Feb 2024, App. Tables 6-7); paper self-reported"
SOLAR 10.7B-Instruct,Human,60.4,test_all,"https://arxiv.org/html/2402.04249v2 (Mazeika et al., HarmBench, Feb 2024, App. Tables 6-7); paper self-reported"
SOLAR 10.7B-Instruct,DR,60.0,test_all,"https://arxiv.org/html/2402.04249v2 (Mazeika et al., HarmBench, Feb 2024, App. Tables 6-7); paper self-reported"
Mistral 7B,GCG,69.1,test_all,"https://arxiv.org/html/2402.04249v2 (Mazeika et al., HarmBench, Feb 2024, App. Tables 6-7); paper self-reported"
Mistral 7B,GCG-M,64.1,test_all,"https://arxiv.org/html/2402.04249v2 (Mazeika et al., HarmBench, Feb 2024, App. Tables 6-7); paper self-reported"
Mistral 7B,GCG-T,64.7,test_all,"https://arxiv.org/html/2402.04249v2 (Mazeika et al., HarmBench, Feb 2024, App. Tables 6-7); paper self-reported"
Mistral 7B,PEZ,50.7,test_all,"https://arxiv.org/html/2402.04249v2 (Mazeika et al., HarmBench, Feb 2024, App. Tables 6-7); paper self-reported"
Mistral 7B,GBDA,52.4,test_all,"https://arxiv.org/html/2402.04249v2 (Mazeika et al., HarmBench, Feb 2024, App. Tables 6-7); paper self-reported"
Mistral 7B,UAT,53.1,test_all,"https://arxiv.org/html/2402.04249v2 (Mazeika et al., HarmBench, Feb 2024, App. Tables 6-7); paper self-reported"
Mistral 7B,AP,61.9,test_all,"https://arxiv.org/html/2402.04249v2 (Mazeika et al., HarmBench, Feb 2024, App. Tables 6-7); paper self-reported"
Mistral 7B,SFS,49.7,test_all,"https://arxiv.org/html/2402.04249v2 (Mazeika et al., HarmBench, Feb 2024, App. Tables 6-7); paper self-reported"
Mistral 7B,ZS,40.8,test_all,"https://arxiv.org/html/2402.04249v2 (Mazeika et al., HarmBench, Feb 2024, App. Tables 6-7); paper self-reported"
Mistral 7B,PAIR,53.4,test_all,"https://arxiv.org/html/2402.04249v2 (Mazeika et al., HarmBench, Feb 2024, App. Tables 6-7); paper self-reported"
Mistral 7B,TAP,62.8,test_all,"https://arxiv.org/html/2402.04249v2 (Mazeika et al., HarmBench, Feb 2024, App. Tables 6-7); paper self-reported"
Mistral 7B,TAP-T,65.8,test_all,"https://arxiv.org/html/2402.04249v2 (Mazeika et al., HarmBench, Feb 2024, App. Tables 6-7); paper self-reported"
Mistral 7B,AutoDAN,71.6,test_all,"https://arxiv.org/html/2402.04249v2 (Mazeika et al., HarmBench, Feb 2024, App. Tables 6-7); paper self-reported"
Mistral 7B,PAP-top5,26.6,test_all,"https://arxiv.org/html/2402.04249v2 (Mazeika et al., HarmBench, Feb 2024, App. Tables 6-7); paper self-reported"
Mistral 7B,Human,58.7,test_all,"https://arxiv.org/html/2402.04249v2 (Mazeika et al., HarmBench, Feb 2024, App. Tables 6-7); paper self-reported"
Mistral 7B,DR,45.9,test_all,"https://arxiv.org/html/2402.04249v2 (Mazeika et al., HarmBench, Feb 2024, App. Tables 6-7); paper self-reported"
Mixtral 8x7B,GCG-T,62.2,test_all,"https://arxiv.org/html/2402.04249v2 (Mazeika et al., HarmBench, Feb 2024, App. Tables 6-7); paper self-reported"
Mixtral 8x7B,SFS,51.2,test_all,"https://arxiv.org/html/2402.04249v2 (Mazeika et al., HarmBench, Feb 2024, App. Tables 6-7); paper self-reported"
Mixtral 8x7B,ZS,40.0,test_all,"https://arxiv.org/html/2402.04249v2 (Mazeika et al., HarmBench, Feb 2024, App. Tables 6-7); paper self-reported"
Mixtral 8x7B,PAIR,61.1,test_all,"https://arxiv.org/html/2402.04249v2 (Mazeika et al., HarmBench, Feb 2024, App. Tables 6-7); paper self-reported"
Mixtral 8x7B,TAP,68.7,test_all,"https://arxiv.org/html/2402.04249v2 (Mazeika et al., HarmBench, Feb 2024, App. Tables 6-7); paper self-reported"
Mixtral 8x7B,TAP-T,69.0,test_all,"https://arxiv.org/html/2402.04249v2 (Mazeika et al., HarmBench, Feb 2024, App. Tables 6-7); paper self-reported"
Mixtral 8x7B,AutoDAN,72.8,test_all,"https://arxiv.org/html/2402.04249v2 (Mazeika et al., HarmBench, Feb 2024, App. Tables 6-7); paper self-reported"
Mixtral 8x7B,PAP-top5,28.6,test_all,"https://arxiv.org/html/2402.04249v2 (Mazeika et al., HarmBench, Feb 2024, App. Tables 6-7); paper self-reported"
Mixtral 8x7B,Human,53.6,test_all,"https://arxiv.org/html/2402.04249v2 (Mazeika et al., HarmBench, Feb 2024, App. Tables 6-7); paper self-reported"
Mixtral 8x7B,DR,47.2,test_all,"https://arxiv.org/html/2402.04249v2 (Mazeika et al., HarmBench, Feb 2024, App. Tables 6-7); paper self-reported"
OpenChat 3.5 1210,GCG,65.3,test_all,"https://arxiv.org/html/2402.04249v2 (Mazeika et al., HarmBench, Feb 2024, App. Tables 6-7); paper self-reported"
OpenChat 3.5 1210,GCG-M,54.0,test_all,"https://arxiv.org/html/2402.04249v2 (Mazeika et al., HarmBench, Feb 2024, App. Tables 6-7); paper self-reported"
OpenChat 3.5 1210,GCG-T,56.9,test_all,"https://arxiv.org/html/2402.04249v2 (Mazeika et al., HarmBench, Feb 2024, App. Tables 6-7); paper self-reported"
OpenChat 3.5 1210,PEZ,39.0,test_all,"https://arxiv.org/html/2402.04249v2 (Mazeika et al., HarmBench, Feb 2024, App. Tables 6-7); paper self-reported"
OpenChat 3.5 1210,GBDA,43.5,test_all,"https://arxiv.org/html/2402.04249v2 (Mazeika et al., HarmBench, Feb 2024, App. Tables 6-7); paper self-reported"
OpenChat 3.5 1210,UAT,41.6,test_all,"https://arxiv.org/html/2402.04249v2 (Mazeika et al., HarmBench, Feb 2024, App. Tables 6-7); paper self-reported"
OpenChat 3.5 1210,AP,55.0,test_all,"https://arxiv.org/html/2402.04249v2 (Mazeika et al., HarmBench, Feb 2024, App. Tables 6-7); paper self-reported"
OpenChat 3.5 1210,SFS,54.4,test_all,"https://arxiv.org/html/2402.04249v2 (Mazeika et al., HarmBench, Feb 2024, App. Tables 6-7); paper self-reported"
OpenChat 3.5 1210,ZS,43.6,test_all,"https://arxiv.org/html/2402.04249v2 (Mazeika et al., HarmBench, Feb 2024, App. Tables 6-7); paper self-reported"
OpenChat 3.5 1210,PAIR,53.1,test_all,"https://arxiv.org/html/2402.04249v2 (Mazeika et al., HarmBench, Feb 2024, App. Tables 6-7); paper self-reported"
OpenChat 3.5 1210,TAP,64.4,test_all,"https://arxiv.org/html/2402.04249v2 (Mazeika et al., HarmBench, Feb 2024, App. Tables 6-7); paper self-reported"
OpenChat 3.5 1210,TAP-T,66.8,test_all,"https://arxiv.org/html/2402.04249v2 (Mazeika et al., HarmBench, Feb 2024, App. Tables 6-7); paper self-reported"
OpenChat 3.5 1210,AutoDAN,74.4,test_all,"https://arxiv.org/html/2402.04249v2 (Mazeika et al., HarmBench, Feb 2024, App. Tables 6-7); paper self-reported"
OpenChat 3.5 1210,PAP-top5,26.3,test_all,"https://arxiv.org/html/2402.04249v2 (Mazeika et al., HarmBench, Feb 2024, App. Tables 6-7); paper self-reported"
OpenChat 3.5 1210,Human,51.5,test_all,"https://arxiv.org/html/2402.04249v2 (Mazeika et al., HarmBench, Feb 2024, App. Tables 6-7); paper self-reported"
OpenChat 3.5 1210,DR,45.9,test_all,"https://arxiv.org/html/2402.04249v2 (Mazeika et al., HarmBench, Feb 2024, App. Tables 6-7); paper self-reported"
Starling 7B,GCG,65.3,test_all,"https://arxiv.org/html/2402.04249v2 (Mazeika et al., HarmBench, Feb 2024, App. Tables 6-7); paper self-reported"
Starling 7B,GCG-M,61.9,test_all,"https://arxiv.org/html/2402.04249v2 (Mazeika et al., HarmBench, Feb 2024, App. Tables 6-7); paper self-reported"
Starling 7B,GCG-T,58.9,test_all,"https://arxiv.org/html/2402.04249v2 (Mazeika et al., HarmBench, Feb 2024, App. Tables 6-7); paper self-reported"
Starling 7B,PEZ,49.7,test_all,"https://arxiv.org/html/2402.04249v2 (Mazeika et al., HarmBench, Feb 2024, App. Tables 6-7); paper self-reported"
Starling 7B,GBDA,57.9,test_all,"https://arxiv.org/html/2402.04249v2 (Mazeika et al., HarmBench, Feb 2024, App. Tables 6-7); paper self-reported"
Starling 7B,UAT,53.8,test_all,"https://arxiv.org/html/2402.04249v2 (Mazeika et al., HarmBench, Feb 2024, App. Tables 6-7); paper self-reported"
Starling 7B,AP,62.2,test_all,"https://arxiv.org/html/2402.04249v2 (Mazeika et al., HarmBench, Feb 2024, App. Tables 6-7); paper self-reported"
Starling 7B,SFS,55.6,test_all,"https://arxiv.org/html/2402.04249v2 (Mazeika et al., HarmBench, Feb 2024, App. Tables 6-7); paper self-reported"
Starling 7B,ZS,50.3,test_all,"https://arxiv.org/html/2402.04249v2 (Mazeika et al., HarmBench, Feb 2024, App. Tables 6-7); paper self-reported"
Starling 7B,PAIR,58.9,test_all,"https://arxiv.org/html/2402.04249v2 (Mazeika et al., HarmBench, Feb 2024, App. Tables 6-7); paper self-reported"
Starling 7B,TAP,68.8,test_all,"https://arxiv.org/html/2402.04249v2 (Mazeika et al., HarmBench, Feb 2024, App. Tables 6-7); paper self-reported"
Starling 7B,TAP-T,68.0,test_all,"https://arxiv.org/html/2402.04249v2 (Mazeika et al., HarmBench, Feb 2024, App. Tables 6-7); paper self-reported"
Starling 7B,AutoDAN,74.7,test_all,"https://arxiv.org/html/2402.04249v2 (Mazeika et al., HarmBench, Feb 2024, App. Tables 6-7); paper self-reported"
Starling 7B,PAP-top5,31.6,test_all,"https://arxiv.org/html/2402.04249v2 (Mazeika et al., HarmBench, Feb 2024, App. Tables 6-7); paper self-reported"
Starling 7B,Human,60.8,test_all,"https://arxiv.org/html/2402.04249v2 (Mazeika et al., HarmBench, Feb 2024, App. Tables 6-7); paper self-reported"
Starling 7B,DR,57.5,test_all,"https://arxiv.org/html/2402.04249v2 (Mazeika et al., HarmBench, Feb 2024, App. Tables 6-7); paper self-reported"
Zephyr 7B,GCG,69.4,test_all,"https://arxiv.org/html/2402.04249v2 (Mazeika et al., HarmBench, Feb 2024, App. Tables 6-7); paper self-reported"
Zephyr 7B,GCG-M,62.1,test_all,"https://arxiv.org/html/2402.04249v2 (Mazeika et al., HarmBench, Feb 2024, App. Tables 6-7); paper self-reported"
Zephyr 7B,GCG-T,60.9,test_all,"https://arxiv.org/html/2402.04249v2 (Mazeika et al., HarmBench, Feb 2024, App. Tables 6-7); paper self-reported"
Zephyr 7B,PEZ,62.0,test_all,"https://arxiv.org/html/2402.04249v2 (Mazeika et al., HarmBench, Feb 2024, App. Tables 6-7); paper self-reported"
Zephyr 7B,GBDA,63.1,test_all,"https://arxiv.org/html/2402.04249v2 (Mazeika et al., HarmBench, Feb 2024, App. Tables 6-7); paper self-reported"
Zephyr 7B,UAT,61.9,test_all,"https://arxiv.org/html/2402.04249v2 (Mazeika et al., HarmBench, Feb 2024, App. Tables 6-7); paper self-reported"
Zephyr 7B,AP,59.7,test_all,"https://arxiv.org/html/2402.04249v2 (Mazeika et al., HarmBench, Feb 2024, App. Tables 6-7); paper self-reported"
Zephyr 7B,SFS,63.7,test_all,"https://arxiv.org/html/2402.04249v2 (Mazeika et al., HarmBench, Feb 2024, App. Tables 6-7); paper self-reported"
Zephyr 7B,ZS,61.2,test_all,"https://arxiv.org/html/2402.04249v2 (Mazeika et al., HarmBench, Feb 2024, App. Tables 6-7); paper self-reported"
Zephyr 7B,PAIR,59.1,test_all,"https://arxiv.org/html/2402.04249v2 (Mazeika et al., HarmBench, Feb 2024, App. Tables 6-7); paper self-reported"
Zephyr 7B,TAP,67.8,test_all,"https://arxiv.org/html/2402.04249v2 (Mazeika et al., HarmBench, Feb 2024, App. Tables 6-7); paper self-reported"
Zephyr 7B,TAP-T,70.2,test_all,"https://arxiv.org/html/2402.04249v2 (Mazeika et al., HarmBench, Feb 2024, App. Tables 6-7); paper self-reported"
Zephyr 7B,AutoDAN,75.6,test_all,"https://arxiv.org/html/2402.04249v2 (Mazeika et al., HarmBench, Feb 2024, App. Tables 6-7); paper self-reported"
Zephyr 7B,PAP-top5,32.4,test_all,"https://arxiv.org/html/2402.04249v2 (Mazeika et al., HarmBench, Feb 2024, App. Tables 6-7); paper self-reported"
Zephyr 7B,Human,66.5,test_all,"https://arxiv.org/html/2402.04249v2 (Mazeika et al., HarmBench, Feb 2024, App. Tables 6-7); paper self-reported"
Zephyr 7B,DR,67.8,test_all,"https://arxiv.org/html/2402.04249v2 (Mazeika et al., HarmBench, Feb 2024, App. Tables 6-7); paper self-reported"
R2D2 (Ours),GCG,6.3,test_all,"https://arxiv.org/html/2402.04249v2 (Mazeika et al., HarmBench, Feb 2024, App. Tables 6-7); paper self-reported"
R2D2 (Ours),GCG-M,5.2,test_all,"https://arxiv.org/html/2402.04249v2 (Mazeika et al., HarmBench, Feb 2024, App. Tables 6-7); paper self-reported"
R2D2 (Ours),GCG-T,0.0,test_all,"https://arxiv.org/html/2402.04249v2 (Mazeika et al., HarmBench, Feb 2024, App. Tables 6-7); paper self-reported"
R2D2 (Ours),PEZ,2.8,test_all,"https://arxiv.org/html/2402.04249v2 (Mazeika et al., HarmBench, Feb 2024, App. Tables 6-7); paper self-reported"
R2D2 (Ours),GBDA,0.2,test_all,"https://arxiv.org/html/2402.04249v2 (Mazeika et al., HarmBench, Feb 2024, App. Tables 6-7); paper self-reported"
R2D2 (Ours),UAT,0.0,test_all,"https://arxiv.org/html/2402.04249v2 (Mazeika et al., HarmBench, Feb 2024, App. Tables 6-7); paper self-reported"
R2D2 (Ours),AP,5.0,test_all,"https://arxiv.org/html/2402.04249v2 (Mazeika et al., HarmBench, Feb 2024, App. Tables 6-7); paper self-reported"
R2D2 (Ours),SFS,43.1,test_all,"https://arxiv.org/html/2402.04249v2 (Mazeika et al., HarmBench, Feb 2024, App. Tables 6-7); paper self-reported"
R2D2 (Ours),ZS,7.1,test_all,"https://arxiv.org/html/2402.04249v2 (Mazeika et al., HarmBench, Feb 2024, App. Tables 6-7); paper self-reported"
R2D2 (Ours),PAIR,47.8,test_all,"https://arxiv.org/html/2402.04249v2 (Mazeika et al., HarmBench, Feb 2024, App. Tables 6-7); paper self-reported"
R2D2 (Ours),TAP,61.9,test_all,"https://arxiv.org/html/2402.04249v2 (Mazeika et al., HarmBench, Feb 2024, App. Tables 6-7); paper self-reported"
R2D2 (Ours),TAP-T,54.9,test_all,"https://arxiv.org/html/2402.04249v2 (Mazeika et al., HarmBench, Feb 2024, App. Tables 6-7); paper self-reported"
R2D2 (Ours),AutoDAN,17.2,test_all,"https://arxiv.org/html/2402.04249v2 (Mazeika et al., HarmBench, Feb 2024, App. Tables 6-7); paper self-reported"
R2D2 (Ours),PAP-top5,24.8,test_all,"https://arxiv.org/html/2402.04249v2 (Mazeika et al., HarmBench, Feb 2024, App. Tables 6-7); paper self-reported"
R2D2 (Ours),Human,13.7,test_all,"https://arxiv.org/html/2402.04249v2 (Mazeika et al., HarmBench, Feb 2024, App. Tables 6-7); paper self-reported"
R2D2 (Ours),DR,15.0,test_all,"https://arxiv.org/html/2402.04249v2 (Mazeika et al., HarmBench, Feb 2024, App. Tables 6-7); paper self-reported"
GPT-3.5 Turbo 0613,GCG-T,38.6,test_all,"https://arxiv.org/html/2402.04249v2 (Mazeika et al., HarmBench, Feb 2024, App. Tables 6-7); paper self-reported"
GPT-3.5 Turbo 0613,ZS,24.4,test_all,"https://arxiv.org/html/2402.04249v2 (Mazeika et al., HarmBench, Feb 2024, App. Tables 6-7); paper self-reported"
GPT-3.5 Turbo 0613,PAIR,47.8,test_all,"https://arxiv.org/html/2402.04249v2 (Mazeika et al., HarmBench, Feb 2024, App. Tables 6-7); paper self-reported"
GPT-3.5 Turbo 0613,TAP,49.2,test_all,"https://arxiv.org/html/2402.04249v2 (Mazeika et al., HarmBench, Feb 2024, App. Tables 6-7); paper self-reported"
GPT-3.5 Turbo 0613,TAP-T,63.0,test_all,"https://arxiv.org/html/2402.04249v2 (Mazeika et al., HarmBench, Feb 2024, App. Tables 6-7); paper self-reported"
GPT-3.5 Turbo 0613,PAP-top5,15.2,test_all,"https://arxiv.org/html/2402.04249v2 (Mazeika et al., HarmBench, Feb 2024, App. Tables 6-7); paper self-reported"
GPT-3.5 Turbo 0613,Human,24.7,test_all,"https://arxiv.org/html/2402.04249v2 (Mazeika et al., HarmBench, Feb 2024, App. Tables 6-7); paper self-reported"
GPT-3.5 Turbo 0613,DR,22.2,test_all,"https://arxiv.org/html/2402.04249v2 (Mazeika et al., HarmBench, Feb 2024, App. Tables 6-7); paper self-reported"
GPT-3.5 Turbo 1106,GCG-T,42.6,test_all,"https://arxiv.org/html/2402.04249v2 (Mazeika et al., HarmBench, Feb 2024, App. Tables 6-7); paper self-reported"
GPT-3.5 Turbo 1106,ZS,28.7,test_all,"https://arxiv.org/html/2402.04249v2 (Mazeika et al., HarmBench, Feb 2024, App. Tables 6-7); paper self-reported"
GPT-3.5 Turbo 1106,PAIR,36.3,test_all,"https://arxiv.org/html/2402.04249v2 (Mazeika et al., HarmBench, Feb 2024, App. Tables 6-7); paper self-reported"
GPT-3.5 Turbo 1106,TAP,38.9,test_all,"https://arxiv.org/html/2402.04249v2 (Mazeika et al., HarmBench, Feb 2024, App. Tables 6-7); paper self-reported"
GPT-3.5 Turbo 1106,TAP-T,47.6,test_all,"https://arxiv.org/html/2402.04249v2 (Mazeika et al., HarmBench, Feb 2024, App. Tables 6-7); paper self-reported"
GPT-3.5 Turbo 1106,PAP-top5,11.3,test_all,"https://arxiv.org/html/2402.04249v2 (Mazeika et al., HarmBench, Feb 2024, App. Tables 6-7); paper self-reported"
GPT-3.5 Turbo 1106,Human,3.1,test_all,"https://arxiv.org/html/2402.04249v2 (Mazeika et al., HarmBench, Feb 2024, App. Tables 6-7); paper self-reported"
GPT-3.5 Turbo 1106,DR,33.8,test_all,"https://arxiv.org/html/2402.04249v2 (Mazeika et al., HarmBench, Feb 2024, App. Tables 6-7); paper self-reported"
GPT-4 0613,GCG-T,22.5,test_all,"https://arxiv.org/html/2402.04249v2 (Mazeika et al., HarmBench, Feb 2024, App. Tables 6-7); paper self-reported"
GPT-4 0613,ZS,18.9,test_all,"https://arxiv.org/html/2402.04249v2 (Mazeika et al., HarmBench, Feb 2024, App. Tables 6-7); paper self-reported"
GPT-4 0613,PAIR,39.4,test_all,"https://arxiv.org/html/2402.04249v2 (Mazeika et al., HarmBench, Feb 2024, App. Tables 6-7); paper self-reported"
GPT-4 0613,TAP,43.3,test_all,"https://arxiv.org/html/2402.04249v2 (Mazeika et al., HarmBench, Feb 2024, App. Tables 6-7); paper self-reported"
GPT-4 0613,TAP-T,55.8,test_all,"https://arxiv.org/html/2402.04249v2 (Mazeika et al., HarmBench, Feb 2024, App. Tables 6-7); paper self-reported"
GPT-4 0613,PAP-top5,17.0,test_all,"https://arxiv.org/html/2402.04249v2 (Mazeika et al., HarmBench, Feb 2024, App. Tables 6-7); paper self-reported"
GPT-4 0613,Human,12.1,test_all,"https://arxiv.org/html/2402.04249v2 (Mazeika et al., HarmBench, Feb 2024, App. Tables 6-7); paper self-reported"
GPT-4 0613,DR,20.9,test_all,"https://arxiv.org/html/2402.04249v2 (Mazeika et al., HarmBench, Feb 2024, App. Tables 6-7); paper self-reported"
GPT-4 Turbo 1106,GCG-T,22.3,test_all,"https://arxiv.org/html/2402.04249v2 (Mazeika et al., HarmBench, Feb 2024, App. Tables 6-7); paper self-reported"
GPT-4 Turbo 1106,ZS,12.7,test_all,"https://arxiv.org/html/2402.04249v2 (Mazeika et al., HarmBench, Feb 2024, App. Tables 6-7); paper self-reported"
GPT-4 Turbo 1106,PAIR,33.8,test_all,"https://arxiv.org/html/2402.04249v2 (Mazeika et al., HarmBench, Feb 2024, App. Tables 6-7); paper self-reported"
GPT-4 Turbo 1106,TAP,37.6,test_all,"https://arxiv.org/html/2402.04249v2 (Mazeika et al., HarmBench, Feb 2024, App. Tables 6-7); paper self-reported"
GPT-4 Turbo 1106,TAP-T,57.7,test_all,"https://arxiv.org/html/2402.04249v2 (Mazeika et al., HarmBench, Feb 2024, App. Tables 6-7); paper self-reported"
GPT-4 Turbo 1106,PAP-top5,11.6,test_all,"https://arxiv.org/html/2402.04249v2 (Mazeika et al., HarmBench, Feb 2024, App. Tables 6-7); paper self-reported"
GPT-4 Turbo 1106,Human,2.6,test_all,"https://arxiv.org/html/2402.04249v2 (Mazeika et al., HarmBench, Feb 2024, App. Tables 6-7); paper self-reported"
GPT-4 Turbo 1106,DR,9.7,test_all,"https://arxiv.org/html/2402.04249v2 (Mazeika et al., HarmBench, Feb 2024, App. Tables 6-7); paper self-reported"
Claude 1,GCG-T,12.5,test_all,"https://arxiv.org/html/2402.04249v2 (Mazeika et al., HarmBench, Feb 2024, App. Tables 6-7); paper self-reported"
Claude 1,ZS,4.6,test_all,"https://arxiv.org/html/2402.04249v2 (Mazeika et al., HarmBench, Feb 2024, App. Tables 6-7); paper self-reported"
Claude 1,PAIR,10.9,test_all,"https://arxiv.org/html/2402.04249v2 (Mazeika et al., HarmBench, Feb 2024, App. Tables 6-7); paper self-reported"
Claude 1,TAP,7.8,test_all,"https://arxiv.org/html/2402.04249v2 (Mazeika et al., HarmBench, Feb 2024, App. Tables 6-7); paper self-reported"
Claude 1,TAP-T,1.6,test_all,"https://arxiv.org/html/2402.04249v2 (Mazeika et al., HarmBench, Feb 2024, App. Tables 6-7); paper self-reported"
Claude 1,PAP-top5,1.4,test_all,"https://arxiv.org/html/2402.04249v2 (Mazeika et al., HarmBench, Feb 2024, App. Tables 6-7); paper self-reported"
Claude 1,Human,2.8,test_all,"https://arxiv.org/html/2402.04249v2 (Mazeika et al., HarmBench, Feb 2024, App. Tables 6-7); paper self-reported"
Claude 1,DR,5.6,test_all,"https://arxiv.org/html/2402.04249v2 (Mazeika et al., HarmBench, Feb 2024, App. Tables 6-7); paper self-reported"
Claude 2,GCG-T,3.0,test_all,"https://arxiv.org/html/2402.04249v2 (Mazeika et al., HarmBench, Feb 2024, App. Tables 6-7); paper self-reported"
Claude 2,ZS,3.9,test_all,"https://arxiv.org/html/2402.04249v2 (Mazeika et al., HarmBench, Feb 2024, App. Tables 6-7); paper self-reported"
Claude 2,PAIR,4.1,test_all,"https://arxiv.org/html/2402.04249v2 (Mazeika et al., HarmBench, Feb 2024, App. Tables 6-7); paper self-reported"
Claude 2,TAP,1.3,test_all,"https://arxiv.org/html/2402.04249v2 (Mazeika et al., HarmBench, Feb 2024, App. Tables 6-7); paper self-reported"
Claude 2,TAP-T,0.6,test_all,"https://arxiv.org/html/2402.04249v2 (Mazeika et al., HarmBench, Feb 2024, App. Tables 6-7); paper self-reported"
Claude 2,PAP-top5,1.1,test_all,"https://arxiv.org/html/2402.04249v2 (Mazeika et al., HarmBench, Feb 2024, App. Tables 6-7); paper self-reported"
Claude 2,Human,0.2,test_all,"https://arxiv.org/html/2402.04249v2 (Mazeika et al., HarmBench, Feb 2024, App. Tables 6-7); paper self-reported"
Claude 2,DR,1.9,test_all,"https://arxiv.org/html/2402.04249v2 (Mazeika et al., HarmBench, Feb 2024, App. Tables 6-7); paper self-reported"
Claude 2.1,GCG-T,2.9,test_all,"https://arxiv.org/html/2402.04249v2 (Mazeika et al., HarmBench, Feb 2024, App. Tables 6-7); paper self-reported"
Claude 2.1,ZS,3.9,test_all,"https://arxiv.org/html/2402.04249v2 (Mazeika et al., HarmBench, Feb 2024, App. Tables 6-7); paper self-reported"
Claude 2.1,PAIR,2.2,test_all,"https://arxiv.org/html/2402.04249v2 (Mazeika et al., HarmBench, Feb 2024, App. Tables 6-7); paper self-reported"
Claude 2.1,TAP,2.5,test_all,"https://arxiv.org/html/2402.04249v2 (Mazeika et al., HarmBench, Feb 2024, App. Tables 6-7); paper self-reported"
Claude 2.1,TAP-T,0.6,test_all,"https://arxiv.org/html/2402.04249v2 (Mazeika et al., HarmBench, Feb 2024, App. Tables 6-7); paper self-reported"
Claude 2.1,PAP-top5,1.1,test_all,"https://arxiv.org/html/2402.04249v2 (Mazeika et al., HarmBench, Feb 2024, App. Tables 6-7); paper self-reported"
Claude 2.1,Human,0.2,test_all,"https://arxiv.org/html/2402.04249v2 (Mazeika et al., HarmBench, Feb 2024, App. Tables 6-7); paper self-reported"
Claude 2.1,DR,1.9,test_all,"https://arxiv.org/html/2402.04249v2 (Mazeika et al., HarmBench, Feb 2024, App. Tables 6-7); paper self-reported"
Gemini Pro,GCG-T,18.8,test_all,"https://arxiv.org/html/2402.04249v2 (Mazeika et al., HarmBench, Feb 2024, App. Tables 6-7); paper self-reported"
Gemini Pro,ZS,14.8,test_all,"https://arxiv.org/html/2402.04249v2 (Mazeika et al., HarmBench, Feb 2024, App. Tables 6-7); paper self-reported"
Gemini Pro,PAIR,34.7,test_all,"https://arxiv.org/html/2402.04249v2 (Mazeika et al., HarmBench, Feb 2024, App. Tables 6-7); paper self-reported"
Gemini Pro,TAP,39.9,test_all,"https://arxiv.org/html/2402.04249v2 (Mazeika et al., HarmBench, Feb 2024, App. Tables 6-7); paper self-reported"
Gemini Pro,TAP-T,31.3,test_all,"https://arxiv.org/html/2402.04249v2 (Mazeika et al., HarmBench, Feb 2024, App. Tables 6-7); paper self-reported"
Gemini Pro,PAP-top5,12.5,test_all,"https://arxiv.org/html/2402.04249v2 (Mazeika et al., HarmBench, Feb 2024, App. Tables 6-7); paper self-reported"
Gemini Pro,Human,12.1,test_all,"https://arxiv.org/html/2402.04249v2 (Mazeika et al., HarmBench, Feb 2024, App. Tables 6-7); paper self-reported"
Gemini Pro,DR,19.4,test_all,"https://arxiv.org/html/2402.04249v2 (Mazeika et al., HarmBench, Feb 2024, App. Tables 6-7); paper self-reported"
Average (↑),GCG,54.2,test_all,"https://arxiv.org/html/2402.04249v2 (Mazeika et al., HarmBench, Feb 2024, App. Tables 6-7); paper self-reported"
Average (↑),GCG-M,44.9,test_all,"https://arxiv.org/html/2402.04249v2 (Mazeika et al., HarmBench, Feb 2024, App. Tables 6-7); paper self-reported"
Average (↑),GCG-T,38.8,test_all,"https://arxiv.org/html/2402.04249v2 (Mazeika et al., HarmBench, Feb 2024, App. Tables 6-7); paper self-reported"
Average (↑),PEZ,28.8,test_all,"https://arxiv.org/html/2402.04249v2 (Mazeika et al., HarmBench, Feb 2024, App. Tables 6-7); paper self-reported"
Average (↑),GBDA,29.8,test_all,"https://arxiv.org/html/2402.04249v2 (Mazeika et al., HarmBench, Feb 2024, App. Tables 6-7); paper self-reported"
Average (↑),UAT,30.7,test_all,"https://arxiv.org/html/2402.04249v2 (Mazeika et al., HarmBench, Feb 2024, App. Tables 6-7); paper self-reported"
Average (↑),AP,43.8,test_all,"https://arxiv.org/html/2402.04249v2 (Mazeika et al., HarmBench, Feb 2024, App. Tables 6-7); paper self-reported"
Average (↑),SFS,38.4,test_all,"https://arxiv.org/html/2402.04249v2 (Mazeika et al., HarmBench, Feb 2024, App. Tables 6-7); paper self-reported"
Average (↑),ZS,25.4,test_all,"https://arxiv.org/html/2402.04249v2 (Mazeika et al., HarmBench, Feb 2024, App. Tables 6-7); paper self-reported"
Average (↑),PAIR,41.0,test_all,"https://arxiv.org/html/2402.04249v2 (Mazeika et al., HarmBench, Feb 2024, App. Tables 6-7); paper self-reported"
Average (↑),TAP,45.4,test_all,"https://arxiv.org/html/2402.04249v2 (Mazeika et al., HarmBench, Feb 2024, App. Tables 6-7); paper self-reported"
Average (↑),TAP-T,48.7,test_all,"https://arxiv.org/html/2402.04249v2 (Mazeika et al., HarmBench, Feb 2024, App. Tables 6-7); paper self-reported"
Average (↑),AutoDAN,52.8,test_all,"https://arxiv.org/html/2402.04249v2 (Mazeika et al., HarmBench, Feb 2024, App. Tables 6-7); paper self-reported"
Average (↑),PAP-top5,16.7,test_all,"https://arxiv.org/html/2402.04249v2 (Mazeika et al., HarmBench, Feb 2024, App. Tables 6-7); paper self-reported"
Average (↑),Human,27.6,test_all,"https://arxiv.org/html/2402.04249v2 (Mazeika et al., HarmBench, Feb 2024, App. Tables 6-7); paper self-reported"
Average (↑),DR,25.5,test_all,"https://arxiv.org/html/2402.04249v2 (Mazeika et al., HarmBench, Feb 2024, App. Tables 6-7); paper self-reported"
Llama 2 7B Chat,GCG,32.1,test_standard,"https://arxiv.org/html/2402.04249v2 (Mazeika et al., HarmBench, Feb 2024, App. Tables 6-7); paper self-reported"
Llama 2 7B Chat,GCG-M,19.5,test_standard,"https://arxiv.org/html/2402.04249v2 (Mazeika et al., HarmBench, Feb 2024, App. Tables 6-7); paper self-reported"
Llama 2 7B Chat,GCG-T,15.9,test_standard,"https://arxiv.org/html/2402.04249v2 (Mazeika et al., HarmBench, Feb 2024, App. Tables 6-7); paper self-reported"
Llama 2 7B Chat,PEZ,0.0,test_standard,"https://arxiv.org/html/2402.04249v2 (Mazeika et al., HarmBench, Feb 2024, App. Tables 6-7); paper self-reported"
Llama 2 7B Chat,GBDA,0.0,test_standard,"https://arxiv.org/html/2402.04249v2 (Mazeika et al., HarmBench, Feb 2024, App. Tables 6-7); paper self-reported"
Llama 2 7B Chat,UAT,3.1,test_standard,"https://arxiv.org/html/2402.04249v2 (Mazeika et al., HarmBench, Feb 2024, App. Tables 6-7); paper self-reported"
Llama 2 7B Chat,AP,19.5,test_standard,"https://arxiv.org/html/2402.04249v2 (Mazeika et al., HarmBench, Feb 2024, App. Tables 6-7); paper self-reported"
Llama 2 7B Chat,SFS,3.1,test_standard,"https://arxiv.org/html/2402.04249v2 (Mazeika et al., HarmBench, Feb 2024, App. Tables 6-7); paper self-reported"
Llama 2 7B Chat,ZS,0.4,test_standard,"https://arxiv.org/html/2402.04249v2 (Mazeika et al., HarmBench, Feb 2024, App. Tables 6-7); paper self-reported"
Llama 2 7B Chat,PAIR,6.9,test_standard,"https://arxiv.org/html/2402.04249v2 (Mazeika et al., HarmBench, Feb 2024, App. Tables 6-7); paper self-reported"
Llama 2 7B Chat,TAP,5.0,test_standard,"https://arxiv.org/html/2402.04249v2 (Mazeika et al., HarmBench, Feb 2024, App. Tables 6-7); paper self-reported"
Llama 2 7B Chat,TAP-T,3.8,test_standard,"https://arxiv.org/html/2402.04249v2 (Mazeika et al., HarmBench, Feb 2024, App. Tables 6-7); paper self-reported"
Llama 2 7B Chat,AutoDAN,0.0,test_standard,"https://arxiv.org/html/2402.04249v2 (Mazeika et al., HarmBench, Feb 2024, App. Tables 6-7); paper self-reported"
Llama 2 7B Chat,PAP-top5,0.8,test_standard,"https://arxiv.org/html/2402.04249v2 (Mazeika et al., HarmBench, Feb 2024, App. Tables 6-7); paper self-reported"
Llama 2 7B Chat,Human,0.1,test_standard,"https://arxiv.org/html/2402.04249v2 (Mazeika et al., HarmBench, Feb 2024, App. Tables 6-7); paper self-reported"
Llama 2 7B Chat,DR,0.0,test_standard,"https://arxiv.org/html/2402.04249v2 (Mazeika et al., HarmBench, Feb 2024, App. Tables 6-7); paper self-reported"
Llama 2 13B Chat,GCG,27.7,test_standard,"https://arxiv.org/html/2402.04249v2 (Mazeika et al., HarmBench, Feb 2024, App. Tables 6-7); paper self-reported"
Llama 2 13B Chat,GCG-M,8.7,test_standard,"https://arxiv.org/html/2402.04249v2 (Mazeika et al., HarmBench, Feb 2024, App. Tables 6-7); paper self-reported"
Llama 2 13B Chat,GCG-T,13.1,test_standard,"https://arxiv.org/html/2402.04249v2 (Mazeika et al., HarmBench, Feb 2024, App. Tables 6-7); paper self-reported"
Llama 2 13B Chat,PEZ,0.0,test_standard,"https://arxiv.org/html/2402.04249v2 (Mazeika et al., HarmBench, Feb 2024, App. Tables 6-7); paper self-reported"
Llama 2 13B Chat,GBDA,0.4,test_standard,"https://arxiv.org/html/2402.04249v2 (Mazeika et al., HarmBench, Feb 2024, App. Tables 6-7); paper self-reported"
Llama 2 13B Chat,UAT,0.0,test_standard,"https://arxiv.org/html/2402.04249v2 (Mazeika et al., HarmBench, Feb 2024, App. Tables 6-7); paper self-reported"
Llama 2 13B Chat,AP,17.0,test_standard,"https://arxiv.org/html/2402.04249v2 (Mazeika et al., HarmBench, Feb 2024, App. Tables 6-7); paper self-reported"
Llama 2 13B Chat,SFS,3.8,test_standard,"https://arxiv.org/html/2402.04249v2 (Mazeika et al., HarmBench, Feb 2024, App. Tables 6-7); paper self-reported"
Llama 2 13B Chat,ZS,0.5,test_standard,"https://arxiv.org/html/2402.04249v2 (Mazeika et al., HarmBench, Feb 2024, App. Tables 6-7); paper self-reported"
Llama 2 13B Chat,PAIR,14.5,test_standard,"https://arxiv.org/html/2402.04249v2 (Mazeika et al., HarmBench, Feb 2024, App. Tables 6-7); paper self-reported"
Llama 2 13B Chat,TAP,8.8,test_standard,"https://arxiv.org/html/2402.04249v2 (Mazeika et al., HarmBench, Feb 2024, App. Tables 6-7); paper self-reported"
Llama 2 13B Chat,TAP-T,3.8,test_standard,"https://arxiv.org/html/2402.04249v2 (Mazeika et al., HarmBench, Feb 2024, App. Tables 6-7); paper self-reported"
Llama 2 13B Chat,AutoDAN,0.0,test_standard,"https://arxiv.org/html/2402.04249v2 (Mazeika et al., HarmBench, Feb 2024, App. Tables 6-7); paper self-reported"
Llama 2 13B Chat,PAP-top5,1.6,test_standard,"https://arxiv.org/html/2402.04249v2 (Mazeika et al., HarmBench, Feb 2024, App. Tables 6-7); paper self-reported"
Llama 2 13B Chat,Human,0.6,test_standard,"https://arxiv.org/html/2402.04249v2 (Mazeika et al., HarmBench, Feb 2024, App. Tables 6-7); paper self-reported"
Llama 2 13B Chat,DR,0.6,test_standard,"https://arxiv.org/html/2402.04249v2 (Mazeika et al., HarmBench, Feb 2024, App. Tables 6-7); paper self-reported"
Llama 2 70B Chat,GCG,37.7,test_standard,"https://arxiv.org/html/2402.04249v2 (Mazeika et al., HarmBench, Feb 2024, App. Tables 6-7); paper self-reported"
Llama 2 70B Chat,GCG-M,5.7,test_standard,"https://arxiv.org/html/2402.04249v2 (Mazeika et al., HarmBench, Feb 2024, App. Tables 6-7); paper self-reported"
Llama 2 70B Chat,GCG-T,14.0,test_standard,"https://arxiv.org/html/2402.04249v2 (Mazeika et al., HarmBench, Feb 2024, App. Tables 6-7); paper self-reported"
Llama 2 70B Chat,PEZ,0.0,test_standard,"https://arxiv.org/html/2402.04249v2 (Mazeika et al., HarmBench, Feb 2024, App. Tables 6-7); paper self-reported"
Llama 2 70B Chat,GBDA,0.0,test_standard,"https://arxiv.org/html/2402.04249v2 (Mazeika et al., HarmBench, Feb 2024, App. Tables 6-7); paper self-reported"
Llama 2 70B Chat,UAT,0.0,test_standard,"https://arxiv.org/html/2402.04249v2 (Mazeika et al., HarmBench, Feb 2024, App. Tables 6-7); paper self-reported"
Llama 2 70B Chat,AP,17.6,test_standard,"https://arxiv.org/html/2402.04249v2 (Mazeika et al., HarmBench, Feb 2024, App. Tables 6-7); paper self-reported"
Llama 2 70B Chat,SFS,2.5,test_standard,"https://arxiv.org/html/2402.04249v2 (Mazeika et al., HarmBench, Feb 2024, App. Tables 6-7); paper self-reported"
Llama 2 70B Chat,ZS,0.1,test_standard,"https://arxiv.org/html/2402.04249v2 (Mazeika et al., HarmBench, Feb 2024, App. Tables 6-7); paper self-reported"
Llama 2 70B Chat,PAIR,7.5,test_standard,"https://arxiv.org/html/2402.04249v2 (Mazeika et al., HarmBench, Feb 2024, App. Tables 6-7); paper self-reported"
Llama 2 70B Chat,TAP,8.2,test_standard,"https://arxiv.org/html/2402.04249v2 (Mazeika et al., HarmBench, Feb 2024, App. Tables 6-7); paper self-reported"
Llama 2 70B Chat,TAP-T,7.5,test_standard,"https://arxiv.org/html/2402.04249v2 (Mazeika et al., HarmBench, Feb 2024, App. Tables 6-7); paper self-reported"
Llama 2 70B Chat,AutoDAN,0.6,test_standard,"https://arxiv.org/html/2402.04249v2 (Mazeika et al., HarmBench, Feb 2024, App. Tables 6-7); paper self-reported"
Llama 2 70B Chat,PAP-top5,0.9,test_standard,"https://arxiv.org/html/2402.04249v2 (Mazeika et al., HarmBench, Feb 2024, App. Tables 6-7); paper self-reported"
Llama 2 70B Chat,Human,0.0,test_standard,"https://arxiv.org/html/2402.04249v2 (Mazeika et al., HarmBench, Feb 2024, App. Tables 6-7); paper self-reported"
Llama 2 70B Chat,DR,0.0,test_standard,"https://arxiv.org/html/2402.04249v2 (Mazeika et al., HarmBench, Feb 2024, App. Tables 6-7); paper self-reported"
Vicuna 7B,GCG,89.9,test_standard,"https://arxiv.org/html/2402.04249v2 (Mazeika et al., HarmBench, Feb 2024, App. Tables 6-7); paper self-reported"
Vicuna 7B,GCG-M,83.9,test_standard,"https://arxiv.org/html/2402.04249v2 (Mazeika et al., HarmBench, Feb 2024, App. Tables 6-7); paper self-reported"
Vicuna 7B,GCG-T,83.1,test_standard,"https://arxiv.org/html/2402.04249v2 (Mazeika et al., HarmBench, Feb 2024, App. Tables 6-7); paper self-reported"
Vicuna 7B,PEZ,17.6,test_standard,"https://arxiv.org/html/2402.04249v2 (Mazeika et al., HarmBench, Feb 2024, App. Tables 6-7); paper self-reported"
Vicuna 7B,GBDA,16.9,test_standard,"https://arxiv.org/html/2402.04249v2 (Mazeika et al., HarmBench, Feb 2024, App. Tables 6-7); paper self-reported"
Vicuna 7B,UAT,18.2,test_standard,"https://arxiv.org/html/2402.04249v2 (Mazeika et al., HarmBench, Feb 2024, App. Tables 6-7); paper self-reported"
Vicuna 7B,AP,76.1,test_standard,"https://arxiv.org/html/2402.04249v2 (Mazeika et al., HarmBench, Feb 2024, App. Tables 6-7); paper self-reported"
Vicuna 7B,SFS,52.8,test_standard,"https://arxiv.org/html/2402.04249v2 (Mazeika et al., HarmBench, Feb 2024, App. Tables 6-7); paper self-reported"
Vicuna 7B,ZS,26.5,test_standard,"https://arxiv.org/html/2402.04249v2 (Mazeika et al., HarmBench, Feb 2024, App. Tables 6-7); paper self-reported"
Vicuna 7B,PAIR,66.0,test_standard,"https://arxiv.org/html/2402.04249v2 (Mazeika et al., HarmBench, Feb 2024, App. Tables 6-7); paper self-reported"
Vicuna 7B,TAP,67.9,test_standard,"https://arxiv.org/html/2402.04249v2 (Mazeika et al., HarmBench, Feb 2024, App. Tables 6-7); paper self-reported"
Vicuna 7B,TAP-T,78.0,test_standard,"https://arxiv.org/html/2402.04249v2 (Mazeika et al., HarmBench, Feb 2024, App. Tables 6-7); paper self-reported"
Vicuna 7B,AutoDAN,89.3,test_standard,"https://arxiv.org/html/2402.04249v2 (Mazeika et al., HarmBench, Feb 2024, App. Tables 6-7); paper self-reported"
Vicuna 7B,PAP-top5,15.6,test_standard,"https://arxiv.org/html/2402.04249v2 (Mazeika et al., HarmBench, Feb 2024, App. Tables 6-7); paper self-reported"
Vicuna 7B,Human,46.7,test_standard,"https://arxiv.org/html/2402.04249v2 (Mazeika et al., HarmBench, Feb 2024, App. Tables 6-7); paper self-reported"
Vicuna 7B,DR,20.1,test_standard,"https://arxiv.org/html/2402.04249v2 (Mazeika et al., HarmBench, Feb 2024, App. Tables 6-7); paper self-reported"
Vicuna 13B,GCG,84.9,test_standard,"https://arxiv.org/html/2402.04249v2 (Mazeika et al., HarmBench, Feb 2024, App. Tables 6-7); paper self-reported"
Vicuna 13B,GCG-M,78.8,test_standard,"https://arxiv.org/html/2402.04249v2 (Mazeika et al., HarmBench, Feb 2024, App. Tables 6-7); paper self-reported"
Vicuna 13B,GCG-T,71.8,test_standard,"https://arxiv.org/html/2402.04249v2 (Mazeika et al., HarmBench, Feb 2024, App. Tables 6-7); paper self-reported"
Vicuna 13B,PEZ,10.6,test_standard,"https://arxiv.org/html/2402.04249v2 (Mazeika et al., HarmBench, Feb 2024, App. Tables 6-7); paper self-reported"
Vicuna 13B,GBDA,7.7,test_standard,"https://arxiv.org/html/2402.04249v2 (Mazeika et al., HarmBench, Feb 2024, App. Tables 6-7); paper self-reported"
Vicuna 13B,UAT,8.2,test_standard,"https://arxiv.org/html/2402.04249v2 (Mazeika et al., HarmBench, Feb 2024, App. Tables 6-7); paper self-reported"
Vicuna 13B,AP,50.9,test_standard,"https://arxiv.org/html/2402.04249v2 (Mazeika et al., HarmBench, Feb 2024, App. Tables 6-7); paper self-reported"
Vicuna 13B,SFS,34.6,test_standard,"https://arxiv.org/html/2402.04249v2 (Mazeika et al., HarmBench, Feb 2024, App. Tables 6-7); paper self-reported"
Vicuna 13B,ZS,18.5,test_standard,"https://arxiv.org/html/2402.04249v2 (Mazeika et al., HarmBench, Feb 2024, App. Tables 6-7); paper self-reported"
Vicuna 13B,PAIR,63.5,test_standard,"https://arxiv.org/html/2402.04249v2 (Mazeika et al., HarmBench, Feb 2024, App. Tables 6-7); paper self-reported"
Vicuna 13B,TAP,69.8,test_standard,"https://arxiv.org/html/2402.04249v2 (Mazeika et al., HarmBench, Feb 2024, App. Tables 6-7); paper self-reported"
Vicuna 13B,TAP-T,83.0,test_standard,"https://arxiv.org/html/2402.04249v2 (Mazeika et al., HarmBench, Feb 2024, App. Tables 6-7); paper self-reported"
Vicuna 13B,AutoDAN,83.0,test_standard,"https://arxiv.org/html/2402.04249v2 (Mazeika et al., HarmBench, Feb 2024, App. Tables 6-7); paper self-reported"
Vicuna 13B,PAP-top5,16.4,test_standard,"https://arxiv.org/html/2402.04249v2 (Mazeika et al., HarmBench, Feb 2024, App. Tables 6-7); paper self-reported"
Vicuna 13B,Human,47.2,test_standard,"https://arxiv.org/html/2402.04249v2 (Mazeika et al., HarmBench, Feb 2024, App. Tables 6-7); paper self-reported"
Vicuna 13B,DR,13.8,test_standard,"https://arxiv.org/html/2402.04249v2 (Mazeika et al., HarmBench, Feb 2024, App. Tables 6-7); paper self-reported"
Baichuan 2 7B,GCG,81.1,test_standard,"https://arxiv.org/html/2402.04249v2 (Mazeika et al., HarmBench, Feb 2024, App. Tables 6-7); paper self-reported"
Baichuan 2 7B,GCG-M,62.5,test_standard,"https://arxiv.org/html/2402.04249v2 (Mazeika et al., HarmBench, Feb 2024, App. Tables 6-7); paper self-reported"
Baichuan 2 7B,GCG-T,63.5,test_standard,"https://arxiv.org/html/2402.04249v2 (Mazeika et al., HarmBench, Feb 2024, App. Tables 6-7); paper self-reported"
Baichuan 2 7B,PEZ,37.2,test_standard,"https://arxiv.org/html/2402.04249v2 (Mazeika et al., HarmBench, Feb 2024, App. Tables 6-7); paper self-reported"
Baichuan 2 7B,GBDA,32.6,test_standard,"https://arxiv.org/html/2402.04249v2 (Mazeika et al., HarmBench, Feb 2024, App. Tables 6-7); paper self-reported"
Baichuan 2 7B,UAT,30.8,test_standard,"https://arxiv.org/html/2402.04249v2 (Mazeika et al., HarmBench, Feb 2024, App. Tables 6-7); paper self-reported"
Baichuan 2 7B,AP,61.6,test_standard,"https://arxiv.org/html/2402.04249v2 (Mazeika et al., HarmBench, Feb 2024, App. Tables 6-7); paper self-reported"
Baichuan 2 7B,SFS,24.5,test_standard,"https://arxiv.org/html/2402.04249v2 (Mazeika et al., HarmBench, Feb 2024, App. Tables 6-7); paper self-reported"
Baichuan 2 7B,ZS,26.4,test_standard,"https://arxiv.org/html/2402.04249v2 (Mazeika et al., HarmBench, Feb 2024, App. Tables 6-7); paper self-reported"
Baichuan 2 7B,PAIR,39.0,test_standard,"https://arxiv.org/html/2402.04249v2 (Mazeika et al., HarmBench, Feb 2024, App. Tables 6-7); paper self-reported"
Baichuan 2 7B,TAP,65.4,test_standard,"https://arxiv.org/html/2402.04249v2 (Mazeika et al., HarmBench, Feb 2024, App. Tables 6-7); paper self-reported"
Baichuan 2 7B,TAP-T,76.7,test_standard,"https://arxiv.org/html/2402.04249v2 (Mazeika et al., HarmBench, Feb 2024, App. Tables 6-7); paper self-reported"
Baichuan 2 7B,AutoDAN,73.0,test_standard,"https://arxiv.org/html/2402.04249v2 (Mazeika et al., HarmBench, Feb 2024, App. Tables 6-7); paper self-reported"
Baichuan 2 7B,PAP-top5,17.0,test_standard,"https://arxiv.org/html/2402.04249v2 (Mazeika et al., HarmBench, Feb 2024, App. Tables 6-7); paper self-reported"
Baichuan 2 7B,Human,31.7,test_standard,"https://arxiv.org/html/2402.04249v2 (Mazeika et al., HarmBench, Feb 2024, App. Tables 6-7); paper self-reported"
Baichuan 2 7B,DR,14.5,test_standard,"https://arxiv.org/html/2402.04249v2 (Mazeika et al., HarmBench, Feb 2024, App. Tables 6-7); paper self-reported"
Baichuan 2 13B,GCG,86.2,test_standard,"https://arxiv.org/html/2402.04249v2 (Mazeika et al., HarmBench, Feb 2024, App. Tables 6-7); paper self-reported"
Baichuan 2 13B,GCG-M,74.5,test_standard,"https://arxiv.org/html/2402.04249v2 (Mazeika et al., HarmBench, Feb 2024, App. Tables 6-7); paper self-reported"
Baichuan 2 13B,GCG-T,57.5,test_standard,"https://arxiv.org/html/2402.04249v2 (Mazeika et al., HarmBench, Feb 2024, App. Tables 6-7); paper self-reported"
Baichuan 2 13B,PEZ,25.4,test_standard,"https://arxiv.org/html/2402.04249v2 (Mazeika et al., HarmBench, Feb 2024, App. Tables 6-7); paper self-reported"
Baichuan 2 13B,GBDA,23.5,test_standard,"https://arxiv.org/html/2402.04249v2 (Mazeika et al., HarmBench, Feb 2024, App. Tables 6-7); paper self-reported"
Baichuan 2 13B,UAT,66.7,test_standard,"https://arxiv.org/html/2402.04249v2 (Mazeika et al., HarmBench, Feb 2024, App. Tables 6-7); paper self-reported"
Baichuan 2 13B,AP,76.7,test_standard,"https://arxiv.org/html/2402.04249v2 (Mazeika et al., HarmBench, Feb 2024, App. Tables 6-7); paper self-reported"
Baichuan 2 13B,SFS,44.0,test_standard,"https://arxiv.org/html/2402.04249v2 (Mazeika et al., HarmBench, Feb 2024, App. Tables 6-7); paper self-reported"
Baichuan 2 13B,ZS,20.9,test_standard,"https://arxiv.org/html/2402.04249v2 (Mazeika et al., HarmBench, Feb 2024, App. Tables 6-7); paper self-reported"
Baichuan 2 13B,PAIR,66.0,test_standard,"https://arxiv.org/html/2402.04249v2 (Mazeika et al., HarmBench, Feb 2024, App. Tables 6-7); paper self-reported"
Baichuan 2 13B,TAP,70.4,test_standard,"https://arxiv.org/html/2402.04249v2 (Mazeika et al., HarmBench, Feb 2024, App. Tables 6-7); paper self-reported"
Baichuan 2 13B,TAP-T,83.0,test_standard,"https://arxiv.org/html/2402.04249v2 (Mazeika et al., HarmBench, Feb 2024, App. Tables 6-7); paper self-reported"
Baichuan 2 13B,AutoDAN,90.6,test_standard,"https://arxiv.org/html/2402.04249v2 (Mazeika et al., HarmBench, Feb 2024, App. Tables 6-7); paper self-reported"
Baichuan 2 13B,PAP-top5,19.1,test_standard,"https://arxiv.org/html/2402.04249v2 (Mazeika et al., HarmBench, Feb 2024, App. Tables 6-7); paper self-reported"
Baichuan 2 13B,Human,36.2,test_standard,"https://arxiv.org/html/2402.04249v2 (Mazeika et al., HarmBench, Feb 2024, App. Tables 6-7); paper self-reported"
Baichuan 2 13B,DR,11.9,test_standard,"https://arxiv.org/html/2402.04249v2 (Mazeika et al., HarmBench, Feb 2024, App. Tables 6-7); paper self-reported"
Qwen 7B Chat,GCG,79.2,test_standard,"https://arxiv.org/html/2402.04249v2 (Mazeika et al., HarmBench, Feb 2024, App. Tables 6-7); paper self-reported"
Qwen 7B Chat,GCG-M,73.2,test_standard,"https://arxiv.org/html/2402.04249v2 (Mazeika et al., HarmBench, Feb 2024, App. Tables 6-7); paper self-reported"
Qwen 7B Chat,GCG-T,48.3,test_standard,"https://arxiv.org/html/2402.04249v2 (Mazeika et al., HarmBench, Feb 2024, App. Tables 6-7); paper self-reported"
Qwen 7B Chat,PEZ,10.6,test_standard,"https://arxiv.org/html/2402.04249v2 (Mazeika et al., HarmBench, Feb 2024, App. Tables 6-7); paper self-reported"
Qwen 7B Chat,GBDA,9.7,test_standard,"https://arxiv.org/html/2402.04249v2 (Mazeika et al., HarmBench, Feb 2024, App. Tables 6-7); paper self-reported"
Qwen 7B Chat,UAT,5.7,test_standard,"https://arxiv.org/html/2402.04249v2 (Mazeika et al., HarmBench, Feb 2024, App. Tables 6-7); paper self-reported"
Qwen 7B Chat,AP,66.7,test_standard,"https://arxiv.org/html/2402.04249v2 (Mazeika et al., HarmBench, Feb 2024, App. Tables 6-7); paper self-reported"
Qwen 7B Chat,SFS,35.8,test_standard,"https://arxiv.org/html/2402.04249v2 (Mazeika et al., HarmBench, Feb 2024, App. Tables 6-7); paper self-reported"
Qwen 7B Chat,ZS,9.4,test_standard,"https://arxiv.org/html/2402.04249v2 (Mazeika et al., HarmBench, Feb 2024, App. Tables 6-7); paper self-reported"
Qwen 7B Chat,PAIR,56.6,test_standard,"https://arxiv.org/html/2402.04249v2 (Mazeika et al., HarmBench, Feb 2024, App. Tables 6-7); paper self-reported"
Qwen 7B Chat,TAP,69.8,test_standard,"https://arxiv.org/html/2402.04249v2 (Mazeika et al., HarmBench, Feb 2024, App. Tables 6-7); paper self-reported"
Qwen 7B Chat,TAP-T,74.8,test_standard,"https://arxiv.org/html/2402.04249v2 (Mazeika et al., HarmBench, Feb 2024, App. Tables 6-7); paper self-reported"
Qwen 7B Chat,AutoDAN,61.6,test_standard,"https://arxiv.org/html/2402.04249v2 (Mazeika et al., HarmBench, Feb 2024, App. Tables 6-7); paper self-reported"
Qwen 7B Chat,PAP-top5,9.8,test_standard,"https://arxiv.org/html/2402.04249v2 (Mazeika et al., HarmBench, Feb 2024, App. Tables 6-7); paper self-reported"
Qwen 7B Chat,Human,28.4,test_standard,"https://arxiv.org/html/2402.04249v2 (Mazeika et al., HarmBench, Feb 2024, App. Tables 6-7); paper self-reported"
Qwen 7B Chat,DR,7.5,test_standard,"https://arxiv.org/html/2402.04249v2 (Mazeika et al., HarmBench, Feb 2024, App. Tables 6-7); paper self-reported"
Qwen 14B Chat,GCG,82.4,test_standard,"https://arxiv.org/html/2402.04249v2 (Mazeika et al., HarmBench, Feb 2024, App. Tables 6-7); paper self-reported"
Qwen 14B Chat,GCG-M,74.6,test_standard,"https://arxiv.org/html/2402.04249v2 (Mazeika et al., HarmBench, Feb 2024, App. Tables 6-7); paper self-reported"
Qwen 14B Chat,GCG-T,46.0,test_standard,"https://arxiv.org/html/2402.04249v2 (Mazeika et al., HarmBench, Feb 2024, App. Tables 6-7); paper self-reported"
Qwen 14B Chat,PEZ,6.2,test_standard,"https://arxiv.org/html/2402.04249v2 (Mazeika et al., HarmBench, Feb 2024, App. Tables 6-7); paper self-reported"
Qwen 14B Chat,GBDA,7.3,test_standard,"https://arxiv.org/html/2402.04249v2 (Mazeika et al., HarmBench, Feb 2024, App. Tables 6-7); paper self-reported"
Qwen 14B Chat,UAT,5.0,test_standard,"https://arxiv.org/html/2402.04249v2 (Mazeika et al., HarmBench, Feb 2024, App. Tables 6-7); paper self-reported"
Qwen 14B Chat,AP,56.0,test_standard,"https://arxiv.org/html/2402.04249v2 (Mazeika et al., HarmBench, Feb 2024, App. Tables 6-7); paper self-reported"
Qwen 14B Chat,SFS,29.6,test_standard,"https://arxiv.org/html/2402.04249v2 (Mazeika et al., HarmBench, Feb 2024, App. Tables 6-7); paper self-reported"
Qwen 14B Chat,ZS,7.8,test_standard,"https://arxiv.org/html/2402.04249v2 (Mazeika et al., HarmBench, Feb 2024, App. Tables 6-7); paper self-reported"
Qwen 14B Chat,PAIR,49.1,test_standard,"https://arxiv.org/html/2402.04249v2 (Mazeika et al., HarmBench, Feb 2024, App. Tables 6-7); paper self-reported"
Qwen 14B Chat,TAP,56.6,test_standard,"https://arxiv.org/html/2402.04249v2 (Mazeika et al., HarmBench, Feb 2024, App. Tables 6-7); paper self-reported"
Qwen 14B Chat,TAP-T,67.9,test_standard,"https://arxiv.org/html/2402.04249v2 (Mazeika et al., HarmBench, Feb 2024, App. Tables 6-7); paper self-reported"
Qwen 14B Chat,AutoDAN,62.3,test_standard,"https://arxiv.org/html/2402.04249v2 (Mazeika et al., HarmBench, Feb 2024, App. Tables 6-7); paper self-reported"
Qwen 14B Chat,PAP-top5,9.9,test_standard,"https://arxiv.org/html/2402.04249v2 (Mazeika et al., HarmBench, Feb 2024, App. Tables 6-7); paper self-reported"
Qwen 14B Chat,Human,32.2,test_standard,"https://arxiv.org/html/2402.04249v2 (Mazeika et al., HarmBench, Feb 2024, App. Tables 6-7); paper self-reported"
Qwen 14B Chat,DR,10.1,test_standard,"https://arxiv.org/html/2402.04249v2 (Mazeika et al., HarmBench, Feb 2024, App. Tables 6-7); paper self-reported"
Qwen 72B Chat,GCG-T,37.1,test_standard,"https://arxiv.org/html/2402.04249v2 (Mazeika et al., HarmBench, Feb 2024, App. Tables 6-7); paper self-reported"
Qwen 72B Chat,SFS,30.8,test_standard,"https://arxiv.org/html/2402.04249v2 (Mazeika et al., HarmBench, Feb 2024, App. Tables 6-7); paper self-reported"
Qwen 72B Chat,ZS,7.4,test_standard,"https://arxiv.org/html/2402.04249v2 (Mazeika et al., HarmBench, Feb 2024, App. Tables 6-7); paper self-reported"
Qwen 72B Chat,PAIR,54.1,test_standard,"https://arxiv.org/html/2402.04249v2 (Mazeika et al., HarmBench, Feb 2024, App. Tables 6-7); paper self-reported"
Qwen 72B Chat,TAP,58.5,test_standard,"https://arxiv.org/html/2402.04249v2 (Mazeika et al., HarmBench, Feb 2024, App. Tables 6-7); paper self-reported"
Qwen 72B Chat,TAP-T,66.7,test_standard,"https://arxiv.org/html/2402.04249v2 (Mazeika et al., HarmBench, Feb 2024, App. Tables 6-7); paper self-reported"
Qwen 72B Chat,AutoDAN,31.4,test_standard,"https://arxiv.org/html/2402.04249v2 (Mazeika et al., HarmBench, Feb 2024, App. Tables 6-7); paper self-reported"
Qwen 72B Chat,PAP-top5,14.6,test_standard,"https://arxiv.org/html/2402.04249v2 (Mazeika et al., HarmBench, Feb 2024, App. Tables 6-7); paper self-reported"
Qwen 72B Chat,Human,42.4,test_standard,"https://arxiv.org/html/2402.04249v2 (Mazeika et al., HarmBench, Feb 2024, App. Tables 6-7); paper self-reported"
Qwen 72B Chat,DR,7.5,test_standard,"https://arxiv.org/html/2402.04249v2 (Mazeika et al., HarmBench, Feb 2024, App. Tables 6-7); paper self-reported"
Koala 7B,GCG,81.1,test_standard,"https://arxiv.org/html/2402.04249v2 (Mazeika et al., HarmBench, Feb 2024, App. Tables 6-7); paper self-reported"
Koala 7B,GCG-M,78.9,test_standard,"https://arxiv.org/html/2402.04249v2 (Mazeika et al., HarmBench, Feb 2024, App. Tables 6-7); paper self-reported"
Koala 7B,GCG-T,77.1,test_standard,"https://arxiv.org/html/2402.04249v2 (Mazeika et al., HarmBench, Feb 2024, App. Tables 6-7); paper self-reported"
Koala 7B,PEZ,59.9,test_standard,"https://arxiv.org/html/2402.04249v2 (Mazeika et al., HarmBench, Feb 2024, App. Tables 6-7); paper self-reported"
Koala 7B,GBDA,73.8,test_standard,"https://arxiv.org/html/2402.04249v2 (Mazeika et al., HarmBench, Feb 2024, App. Tables 6-7); paper self-reported"
Koala 7B,UAT,71.7,test_standard,"https://arxiv.org/html/2402.04249v2 (Mazeika et al., HarmBench, Feb 2024, App. Tables 6-7); paper self-reported"
Koala 7B,AP,76.1,test_standard,"https://arxiv.org/html/2402.04249v2 (Mazeika et al., HarmBench, Feb 2024, App. Tables 6-7); paper self-reported"
Koala 7B,SFS,58.5,test_standard,"https://arxiv.org/html/2402.04249v2 (Mazeika et al., HarmBench, Feb 2024, App. Tables 6-7); paper self-reported"
Koala 7B,ZS,57.9,test_standard,"https://arxiv.org/html/2402.04249v2 (Mazeika et al., HarmBench, Feb 2024, App. Tables 6-7); paper self-reported"
Koala 7B,PAIR,64.8,test_standard,"https://arxiv.org/html/2402.04249v2 (Mazeika et al., HarmBench, Feb 2024, App. Tables 6-7); paper self-reported"
Koala 7B,TAP,79.2,test_standard,"https://arxiv.org/html/2402.04249v2 (Mazeika et al., HarmBench, Feb 2024, App. Tables 6-7); paper self-reported"
Koala 7B,TAP-T,75.5,test_standard,"https://arxiv.org/html/2402.04249v2 (Mazeika et al., HarmBench, Feb 2024, App. Tables 6-7); paper self-reported"
Koala 7B,AutoDAN,82.4,test_standard,"https://arxiv.org/html/2402.04249v2 (Mazeika et al., HarmBench, Feb 2024, App. Tables 6-7); paper self-reported"
Koala 7B,PAP-top5,18.9,test_standard,"https://arxiv.org/html/2402.04249v2 (Mazeika et al., HarmBench, Feb 2024, App. Tables 6-7); paper self-reported"
Koala 7B,Human,31.9,test_standard,"https://arxiv.org/html/2402.04249v2 (Mazeika et al., HarmBench, Feb 2024, App. Tables 6-7); paper self-reported"
Koala 7B,DR,48.4,test_standard,"https://arxiv.org/html/2402.04249v2 (Mazeika et al., HarmBench, Feb 2024, App. Tables 6-7); paper self-reported"
Koala 13B,GCG,83.0,test_standard,"https://arxiv.org/html/2402.04249v2 (Mazeika et al., HarmBench, Feb 2024, App. Tables 6-7); paper self-reported"
Koala 13B,GCG-M,78.7,test_standard,"https://arxiv.org/html/2402.04249v2 (Mazeika et al., HarmBench, Feb 2024, App. Tables 6-7); paper self-reported"
Koala 13B,GCG-T,80.1,test_standard,"https://arxiv.org/html/2402.04249v2 (Mazeika et al., HarmBench, Feb 2024, App. Tables 6-7); paper self-reported"
Koala 13B,PEZ,61.8,test_standard,"https://arxiv.org/html/2402.04249v2 (Mazeika et al., HarmBench, Feb 2024, App. Tables 6-7); paper self-reported"
Koala 13B,GBDA,71.2,test_standard,"https://arxiv.org/html/2402.04249v2 (Mazeika et al., HarmBench, Feb 2024, App. Tables 6-7); paper self-reported"
Koala 13B,UAT,72.3,test_standard,"https://arxiv.org/html/2402.04249v2 (Mazeika et al., HarmBench, Feb 2024, App. Tables 6-7); paper self-reported"
Koala 13B,AP,81.1,test_standard,"https://arxiv.org/html/2402.04249v2 (Mazeika et al., HarmBench, Feb 2024, App. Tables 6-7); paper self-reported"
Koala 13B,SFS,45.9,test_standard,"https://arxiv.org/html/2402.04249v2 (Mazeika et al., HarmBench, Feb 2024, App. Tables 6-7); paper self-reported"
Koala 13B,ZS,46.5,test_standard,"https://arxiv.org/html/2402.04249v2 (Mazeika et al., HarmBench, Feb 2024, App. Tables 6-7); paper self-reported"
Koala 13B,PAIR,69.2,test_standard,"https://arxiv.org/html/2402.04249v2 (Mazeika et al., HarmBench, Feb 2024, App. Tables 6-7); paper self-reported"
Koala 13B,TAP,77.4,test_standard,"https://arxiv.org/html/2402.04249v2 (Mazeika et al., HarmBench, Feb 2024, App. Tables 6-7); paper self-reported"
Koala 13B,TAP-T,78.6,test_standard,"https://arxiv.org/html/2402.04249v2 (Mazeika et al., HarmBench, Feb 2024, App. Tables 6-7); paper self-reported"
Koala 13B,AutoDAN,86.8,test_standard,"https://arxiv.org/html/2402.04249v2 (Mazeika et al., HarmBench, Feb 2024, App. Tables 6-7); paper self-reported"
Koala 13B,PAP-top5,16.0,test_standard,"https://arxiv.org/html/2402.04249v2 (Mazeika et al., HarmBench, Feb 2024, App. Tables 6-7); paper self-reported"
Koala 13B,Human,40.1,test_standard,"https://arxiv.org/html/2402.04249v2 (Mazeika et al., HarmBench, Feb 2024, App. Tables 6-7); paper self-reported"
Koala 13B,DR,30.2,test_standard,"https://arxiv.org/html/2402.04249v2 (Mazeika et al., HarmBench, Feb 2024, App. Tables 6-7); paper self-reported"
Orca 2 7B,GCG,56.6,test_standard,"https://arxiv.org/html/2402.04249v2 (Mazeika et al., HarmBench, Feb 2024, App. Tables 6-7); paper self-reported"
Orca 2 7B,GCG-M,45.4,test_standard,"https://arxiv.org/html/2402.04249v2 (Mazeika et al., HarmBench, Feb 2024, App. Tables 6-7); paper self-reported"
Orca 2 7B,GCG-T,80.9,test_standard,"https://arxiv.org/html/2402.04249v2 (Mazeika et al., HarmBench, Feb 2024, App. Tables 6-7); paper self-reported"
Orca 2 7B,PEZ,45.4,test_standard,"https://arxiv.org/html/2402.04249v2 (Mazeika et al., HarmBench, Feb 2024, App. Tables 6-7); paper self-reported"
Orca 2 7B,GBDA,43.1,test_standard,"https://arxiv.org/html/2402.04249v2 (Mazeika et al., HarmBench, Feb 2024, App. Tables 6-7); paper self-reported"
Orca 2 7B,UAT,47.2,test_standard,"https://arxiv.org/html/2402.04249v2 (Mazeika et al., HarmBench, Feb 2024, App. Tables 6-7); paper self-reported"
Orca 2 7B,AP,41.5,test_standard,"https://arxiv.org/html/2402.04249v2 (Mazeika et al., HarmBench, Feb 2024, App. Tables 6-7); paper self-reported"
Orca 2 7B,SFS,62.9,test_standard,"https://arxiv.org/html/2402.04249v2 (Mazeika et al., HarmBench, Feb 2024, App. Tables 6-7); paper self-reported"
Orca 2 7B,ZS,50.6,test_standard,"https://arxiv.org/html/2402.04249v2 (Mazeika et al., HarmBench, Feb 2024, App. Tables 6-7); paper self-reported"
Orca 2 7B,PAIR,69.2,test_standard,"https://arxiv.org/html/2402.04249v2 (Mazeika et al., HarmBench, Feb 2024, App. Tables 6-7); paper self-reported"
Orca 2 7B,TAP,74.2,test_standard,"https://arxiv.org/html/2402.04249v2 (Mazeika et al., HarmBench, Feb 2024, App. Tables 6-7); paper self-reported"
Orca 2 7B,TAP-T,75.5,test_standard,"https://arxiv.org/html/2402.04249v2 (Mazeika et al., HarmBench, Feb 2024, App. Tables 6-7); paper self-reported"
Orca 2 7B,AutoDAN,96.9,test_standard,"https://arxiv.org/html/2402.04249v2 (Mazeika et al., HarmBench, Feb 2024, App. Tables 6-7); paper self-reported"
Orca 2 7B,PAP-top5,15.7,test_standard,"https://arxiv.org/html/2402.04249v2 (Mazeika et al., HarmBench, Feb 2024, App. Tables 6-7); paper self-reported"
Orca 2 7B,Human,50.7,test_standard,"https://arxiv.org/html/2402.04249v2 (Mazeika et al., HarmBench, Feb 2024, App. Tables 6-7); paper self-reported"
Orca 2 7B,DR,39.0,test_standard,"https://arxiv.org/html/2402.04249v2 (Mazeika et al., HarmBench, Feb 2024, App. Tables 6-7); paper self-reported"
Orca 2 13B,GCG,56.6,test_standard,"https://arxiv.org/html/2402.04249v2 (Mazeika et al., HarmBench, Feb 2024, App. Tables 6-7); paper self-reported"
Orca 2 13B,GCG-M,27.9,test_standard,"https://arxiv.org/html/2402.04249v2 (Mazeika et al., HarmBench, Feb 2024, App. Tables 6-7); paper self-reported"
Orca 2 13B,GCG-T,62.3,test_standard,"https://arxiv.org/html/2402.04249v2 (Mazeika et al., HarmBench, Feb 2024, App. Tables 6-7); paper self-reported"
Orca 2 13B,PEZ,35.2,test_standard,"https://arxiv.org/html/2402.04249v2 (Mazeika et al., HarmBench, Feb 2024, App. Tables 6-7); paper self-reported"
Orca 2 13B,GBDA,33.3,test_standard,"https://arxiv.org/html/2402.04249v2 (Mazeika et al., HarmBench, Feb 2024, App. Tables 6-7); paper self-reported"
Orca 2 13B,UAT,32.1,test_standard,"https://arxiv.org/html/2402.04249v2 (Mazeika et al., HarmBench, Feb 2024, App. Tables 6-7); paper self-reported"
Orca 2 13B,AP,29.6,test_standard,"https://arxiv.org/html/2402.04249v2 (Mazeika et al., HarmBench, Feb 2024, App. Tables 6-7); paper self-reported"
Orca 2 13B,SFS,60.4,test_standard,"https://arxiv.org/html/2402.04249v2 (Mazeika et al., HarmBench, Feb 2024, App. Tables 6-7); paper self-reported"
Orca 2 13B,ZS,48.2,test_standard,"https://arxiv.org/html/2402.04249v2 (Mazeika et al., HarmBench, Feb 2024, App. Tables 6-7); paper self-reported"
Orca 2 13B,PAIR,67.9,test_standard,"https://arxiv.org/html/2402.04249v2 (Mazeika et al., HarmBench, Feb 2024, App. Tables 6-7); paper self-reported"
Orca 2 13B,TAP,77.4,test_standard,"https://arxiv.org/html/2402.04249v2 (Mazeika et al., HarmBench, Feb 2024, App. Tables 6-7); paper self-reported"
Orca 2 13B,TAP-T,79.2,test_standard,"https://arxiv.org/html/2402.04249v2 (Mazeika et al., HarmBench, Feb 2024, App. Tables 6-7); paper self-reported"
Orca 2 13B,AutoDAN,93.1,test_standard,"https://arxiv.org/html/2402.04249v2 (Mazeika et al., HarmBench, Feb 2024, App. Tables 6-7); paper self-reported"
Orca 2 13B,PAP-top5,15.7,test_standard,"https://arxiv.org/html/2402.04249v2 (Mazeika et al., HarmBench, Feb 2024, App. Tables 6-7); paper self-reported"
Orca 2 13B,Human,53.3,test_standard,"https://arxiv.org/html/2402.04249v2 (Mazeika et al., HarmBench, Feb 2024, App. Tables 6-7); paper self-reported"
Orca 2 13B,DR,44.0,test_standard,"https://arxiv.org/html/2402.04249v2 (Mazeika et al., HarmBench, Feb 2024, App. Tables 6-7); paper self-reported"
SOLAR 10.7B-Instruct,GCG,74.8,test_standard,"https://arxiv.org/html/2402.04249v2 (Mazeika et al., HarmBench, Feb 2024, App. Tables 6-7); paper self-reported"
SOLAR 10.7B-Instruct,GCG-M,78.4,test_standard,"https://arxiv.org/html/2402.04249v2 (Mazeika et al., HarmBench, Feb 2024, App. Tables 6-7); paper self-reported"
SOLAR 10.7B-Instruct,GCG-T,74.6,test_standard,"https://arxiv.org/html/2402.04249v2 (Mazeika et al., HarmBench, Feb 2024, App. Tables 6-7); paper self-reported"
SOLAR 10.7B-Instruct,PEZ,62.4,test_standard,"https://arxiv.org/html/2402.04249v2 (Mazeika et al., HarmBench, Feb 2024, App. Tables 6-7); paper self-reported"
SOLAR 10.7B-Instruct,GBDA,62.4,test_standard,"https://arxiv.org/html/2402.04249v2 (Mazeika et al., HarmBench, Feb 2024, App. Tables 6-7); paper self-reported"
SOLAR 10.7B-Instruct,UAT,62.3,test_standard,"https://arxiv.org/html/2402.04249v2 (Mazeika et al., HarmBench, Feb 2024, App. Tables 6-7); paper self-reported"
SOLAR 10.7B-Instruct,AP,71.7,test_standard,"https://arxiv.org/html/2402.04249v2 (Mazeika et al., HarmBench, Feb 2024, App. Tables 6-7); paper self-reported"
SOLAR 10.7B-Instruct,SFS,72.3,test_standard,"https://arxiv.org/html/2402.04249v2 (Mazeika et al., HarmBench, Feb 2024, App. Tables 6-7); paper self-reported"
SOLAR 10.7B-Instruct,ZS,67.0,test_standard,"https://arxiv.org/html/2402.04249v2 (Mazeika et al., HarmBench, Feb 2024, App. Tables 6-7); paper self-reported"
SOLAR 10.7B-Instruct,PAIR,67.3,test_standard,"https://arxiv.org/html/2402.04249v2 (Mazeika et al., HarmBench, Feb 2024, App. Tables 6-7); paper self-reported"
SOLAR 10.7B-Instruct,TAP,81.8,test_standard,"https://arxiv.org/html/2402.04249v2 (Mazeika et al., HarmBench, Feb 2024, App. Tables 6-7); paper self-reported"
SOLAR 10.7B-Instruct,TAP-T,81.1,test_standard,"https://arxiv.org/html/2402.04249v2 (Mazeika et al., HarmBench, Feb 2024, App. Tables 6-7); paper self-reported"
SOLAR 10.7B-Instruct,AutoDAN,91.8,test_standard,"https://arxiv.org/html/2402.04249v2 (Mazeika et al., HarmBench, Feb 2024, App. Tables 6-7); paper self-reported"
SOLAR 10.7B-Instruct,PAP-top5,27.7,test_standard,"https://arxiv.org/html/2402.04249v2 (Mazeika et al., HarmBench, Feb 2024, App. Tables 6-7); paper self-reported"
SOLAR 10.7B-Instruct,Human,74.2,test_standard,"https://arxiv.org/html/2402.04249v2 (Mazeika et al., HarmBench, Feb 2024, App. Tables 6-7); paper self-reported"
SOLAR 10.7B-Instruct,DR,72.3,test_standard,"https://arxiv.org/html/2402.04249v2 (Mazeika et al., HarmBench, Feb 2024, App. Tables 6-7); paper self-reported"
Mistral 7B,GCG,85.5,test_standard,"https://arxiv.org/html/2402.04249v2 (Mazeika et al., HarmBench, Feb 2024, App. Tables 6-7); paper self-reported"
Mistral 7B,GCG-M,84.4,test_standard,"https://arxiv.org/html/2402.04249v2 (Mazeika et al., HarmBench, Feb 2024, App. Tables 6-7); paper self-reported"
Mistral 7B,GCG-T,84.1,test_standard,"https://arxiv.org/html/2402.04249v2 (Mazeika et al., HarmBench, Feb 2024, App. Tables 6-7); paper self-reported"
Mistral 7B,PEZ,55.5,test_standard,"https://arxiv.org/html/2402.04249v2 (Mazeika et al., HarmBench, Feb 2024, App. Tables 6-7); paper self-reported"
Mistral 7B,GBDA,60.6,test_standard,"https://arxiv.org/html/2402.04249v2 (Mazeika et al., HarmBench, Feb 2024, App. Tables 6-7); paper self-reported"
Mistral 7B,UAT,59.7,test_standard,"https://arxiv.org/html/2402.04249v2 (Mazeika et al., HarmBench, Feb 2024, App. Tables 6-7); paper self-reported"
Mistral 7B,AP,78.0,test_standard,"https://arxiv.org/html/2402.04249v2 (Mazeika et al., HarmBench, Feb 2024, App. Tables 6-7); paper self-reported"
Mistral 7B,SFS,60.4,test_standard,"https://arxiv.org/html/2402.04249v2 (Mazeika et al., HarmBench, Feb 2024, App. Tables 6-7); paper self-reported"
Mistral 7B,ZS,45.0,test_standard,"https://arxiv.org/html/2402.04249v2 (Mazeika et al., HarmBench, Feb 2024, App. Tables 6-7); paper self-reported"
Mistral 7B,PAIR,62.9,test_standard,"https://arxiv.org/html/2402.04249v2 (Mazeika et al., HarmBench, Feb 2024, App. Tables 6-7); paper self-reported"
Mistral 7B,TAP,78.0,test_standard,"https://arxiv.org/html/2402.04249v2 (Mazeika et al., HarmBench, Feb 2024, App. Tables 6-7); paper self-reported"
Mistral 7B,TAP-T,82.4,test_standard,"https://arxiv.org/html/2402.04249v2 (Mazeika et al., HarmBench, Feb 2024, App. Tables 6-7); paper self-reported"
Mistral 7B,AutoDAN,92.5,test_standard,"https://arxiv.org/html/2402.04249v2 (Mazeika et al., HarmBench, Feb 2024, App. Tables 6-7); paper self-reported"
Mistral 7B,PAP-top5,23.9,test_standard,"https://arxiv.org/html/2402.04249v2 (Mazeika et al., HarmBench, Feb 2024, App. Tables 6-7); paper self-reported"
Mistral 7B,Human,71.1,test_standard,"https://arxiv.org/html/2402.04249v2 (Mazeika et al., HarmBench, Feb 2024, App. Tables 6-7); paper self-reported"
Mistral 7B,DR,44.7,test_standard,"https://arxiv.org/html/2402.04249v2 (Mazeika et al., HarmBench, Feb 2024, App. Tables 6-7); paper self-reported"
Mixtral 8x7B,GCG-T,78.5,test_standard,"https://arxiv.org/html/2402.04249v2 (Mazeika et al., HarmBench, Feb 2024, App. Tables 6-7); paper self-reported"
Mixtral 8x7B,SFS,51.6,test_standard,"https://arxiv.org/html/2402.04249v2 (Mazeika et al., HarmBench, Feb 2024, App. Tables 6-7); paper self-reported"
Mixtral 8x7B,ZS,33.6,test_standard,"https://arxiv.org/html/2402.04249v2 (Mazeika et al., HarmBench, Feb 2024, App. Tables 6-7); paper self-reported"
Mixtral 8x7B,PAIR,69.2,test_standard,"https://arxiv.org/html/2402.04249v2 (Mazeika et al., HarmBench, Feb 2024, App. Tables 6-7); paper self-reported"
Mixtral 8x7B,TAP,83.6,test_standard,"https://arxiv.org/html/2402.04249v2 (Mazeika et al., HarmBench, Feb 2024, App. Tables 6-7); paper self-reported"
Mixtral 8x7B,TAP-T,81.8,test_standard,"https://arxiv.org/html/2402.04249v2 (Mazeika et al., HarmBench, Feb 2024, App. Tables 6-7); paper self-reported"
Mixtral 8x7B,AutoDAN,88.7,test_standard,"https://arxiv.org/html/2402.04249v2 (Mazeika et al., HarmBench, Feb 2024, App. Tables 6-7); paper self-reported"
Mixtral 8x7B,PAP-top5,20.3,test_standard,"https://arxiv.org/html/2402.04249v2 (Mazeika et al., HarmBench, Feb 2024, App. Tables 6-7); paper self-reported"
Mixtral 8x7B,Human,61.5,test_standard,"https://arxiv.org/html/2402.04249v2 (Mazeika et al., HarmBench, Feb 2024, App. Tables 6-7); paper self-reported"
Mixtral 8x7B,DR,39.6,test_standard,"https://arxiv.org/html/2402.04249v2 (Mazeika et al., HarmBench, Feb 2024, App. Tables 6-7); paper self-reported"
OpenChat 3.5 1210,GCG,84.3,test_standard,"https://arxiv.org/html/2402.04249v2 (Mazeika et al., HarmBench, Feb 2024, App. Tables 6-7); paper self-reported"
OpenChat 3.5 1210,GCG-M,69.4,test_standard,"https://arxiv.org/html/2402.04249v2 (Mazeika et al., HarmBench, Feb 2024, App. Tables 6-7); paper self-reported"
OpenChat 3.5 1210,GCG-T,78.1,test_standard,"https://arxiv.org/html/2402.04249v2 (Mazeika et al., HarmBench, Feb 2024, App. Tables 6-7); paper self-reported"
OpenChat 3.5 1210,PEZ,41.9,test_standard,"https://arxiv.org/html/2402.04249v2 (Mazeika et al., HarmBench, Feb 2024, App. Tables 6-7); paper self-reported"
OpenChat 3.5 1210,GBDA,51.3,test_standard,"https://arxiv.org/html/2402.04249v2 (Mazeika et al., HarmBench, Feb 2024, App. Tables 6-7); paper self-reported"
OpenChat 3.5 1210,UAT,45.3,test_standard,"https://arxiv.org/html/2402.04249v2 (Mazeika et al., HarmBench, Feb 2024, App. Tables 6-7); paper self-reported"
OpenChat 3.5 1210,AP,67.3,test_standard,"https://arxiv.org/html/2402.04249v2 (Mazeika et al., HarmBench, Feb 2024, App. Tables 6-7); paper self-reported"
OpenChat 3.5 1210,SFS,66.7,test_standard,"https://arxiv.org/html/2402.04249v2 (Mazeika et al., HarmBench, Feb 2024, App. Tables 6-7); paper self-reported"
OpenChat 3.5 1210,ZS,46.0,test_standard,"https://arxiv.org/html/2402.04249v2 (Mazeika et al., HarmBench, Feb 2024, App. Tables 6-7); paper self-reported"
OpenChat 3.5 1210,PAIR,63.5,test_standard,"https://arxiv.org/html/2402.04249v2 (Mazeika et al., HarmBench, Feb 2024, App. Tables 6-7); paper self-reported"
OpenChat 3.5 1210,TAP,80.5,test_standard,"https://arxiv.org/html/2402.04249v2 (Mazeika et al., HarmBench, Feb 2024, App. Tables 6-7); paper self-reported"
OpenChat 3.5 1210,TAP-T,83.6,test_standard,"https://arxiv.org/html/2402.04249v2 (Mazeika et al., HarmBench, Feb 2024, App. Tables 6-7); paper self-reported"
OpenChat 3.5 1210,AutoDAN,97.5,test_standard,"https://arxiv.org/html/2402.04249v2 (Mazeika et al., HarmBench, Feb 2024, App. Tables 6-7); paper self-reported"
OpenChat 3.5 1210,PAP-top5,24.0,test_standard,"https://arxiv.org/html/2402.04249v2 (Mazeika et al., HarmBench, Feb 2024, App. Tables 6-7); paper self-reported"
OpenChat 3.5 1210,Human,63.6,test_standard,"https://arxiv.org/html/2402.04249v2 (Mazeika et al., HarmBench, Feb 2024, App. Tables 6-7); paper self-reported"
OpenChat 3.5 1210,DR,49.1,test_standard,"https://arxiv.org/html/2402.04249v2 (Mazeika et al., HarmBench, Feb 2024, App. Tables 6-7); paper self-reported"
Starling 7B,GCG,88.1,test_standard,"https://arxiv.org/html/2402.04249v2 (Mazeika et al., HarmBench, Feb 2024, App. Tables 6-7); paper self-reported"
Starling 7B,GCG-M,81.2,test_standard,"https://arxiv.org/html/2402.04249v2 (Mazeika et al., HarmBench, Feb 2024, App. Tables 6-7); paper self-reported"
Starling 7B,GCG-T,74.5,test_standard,"https://arxiv.org/html/2402.04249v2 (Mazeika et al., HarmBench, Feb 2024, App. Tables 6-7); paper self-reported"
Starling 7B,PEZ,55.0,test_standard,"https://arxiv.org/html/2402.04249v2 (Mazeika et al., HarmBench, Feb 2024, App. Tables 6-7); paper self-reported"
Starling 7B,GBDA,70.8,test_standard,"https://arxiv.org/html/2402.04249v2 (Mazeika et al., HarmBench, Feb 2024, App. Tables 6-7); paper self-reported"
Starling 7B,UAT,59.7,test_standard,"https://arxiv.org/html/2402.04249v2 (Mazeika et al., HarmBench, Feb 2024, App. Tables 6-7); paper self-reported"
Starling 7B,AP,79.2,test_standard,"https://arxiv.org/html/2402.04249v2 (Mazeika et al., HarmBench, Feb 2024, App. Tables 6-7); paper self-reported"
Starling 7B,SFS,64.8,test_standard,"https://arxiv.org/html/2402.04249v2 (Mazeika et al., HarmBench, Feb 2024, App. Tables 6-7); paper self-reported"
Starling 7B,ZS,58.9,test_standard,"https://arxiv.org/html/2402.04249v2 (Mazeika et al., HarmBench, Feb 2024, App. Tables 6-7); paper self-reported"
Starling 7B,PAIR,71.1,test_standard,"https://arxiv.org/html/2402.04249v2 (Mazeika et al., HarmBench, Feb 2024, App. Tables 6-7); paper self-reported"
Starling 7B,TAP,86.8,test_standard,"https://arxiv.org/html/2402.04249v2 (Mazeika et al., HarmBench, Feb 2024, App. Tables 6-7); paper self-reported"
Starling 7B,TAP-T,84.9,test_standard,"https://arxiv.org/html/2402.04249v2 (Mazeika et al., HarmBench, Feb 2024, App. Tables 6-7); paper self-reported"
Starling 7B,AutoDAN,96.2,test_standard,"https://arxiv.org/html/2402.04249v2 (Mazeika et al., HarmBench, Feb 2024, App. Tables 6-7); paper self-reported"
Starling 7B,PAP-top5,26.4,test_standard,"https://arxiv.org/html/2402.04249v2 (Mazeika et al., HarmBench, Feb 2024, App. Tables 6-7); paper self-reported"
Starling 7B,Human,76.4,test_standard,"https://arxiv.org/html/2402.04249v2 (Mazeika et al., HarmBench, Feb 2024, App. Tables 6-7); paper self-reported"
Starling 7B,DR,64.8,test_standard,"https://arxiv.org/html/2402.04249v2 (Mazeika et al., HarmBench, Feb 2024, App. Tables 6-7); paper self-reported"
Zephyr 7B,GCG,88.7,test_standard,"https://arxiv.org/html/2402.04249v2 (Mazeika et al., HarmBench, Feb 2024, App. Tables 6-7); paper self-reported"
Zephyr 7B,GCG-M,81.9,test_standard,"https://arxiv.org/html/2402.04249v2 (Mazeika et al., HarmBench, Feb 2024, App. Tables 6-7); paper self-reported"
Zephyr 7B,GCG-T,78.5,test_standard,"https://arxiv.org/html/2402.04249v2 (Mazeika et al., HarmBench, Feb 2024, App. Tables 6-7); paper self-reported"
Zephyr 7B,PEZ,78.6,test_standard,"https://arxiv.org/html/2402.04249v2 (Mazeika et al., HarmBench, Feb 2024, App. Tables 6-7); paper self-reported"
Zephyr 7B,GBDA,80.4,test_standard,"https://arxiv.org/html/2402.04249v2 (Mazeika et al., HarmBench, Feb 2024, App. Tables 6-7); paper self-reported"
Zephyr 7B,UAT,82.4,test_standard,"https://arxiv.org/html/2402.04249v2 (Mazeika et al., HarmBench, Feb 2024, App. Tables 6-7); paper self-reported"
Zephyr 7B,AP,78.6,test_standard,"https://arxiv.org/html/2402.04249v2 (Mazeika et al., HarmBench, Feb 2024, App. Tables 6-7); paper self-reported"
Zephyr 7B,SFS,79.2,test_standard,"https://arxiv.org/html/2402.04249v2 (Mazeika et al., HarmBench, Feb 2024, App. Tables 6-7); paper self-reported"
Zephyr 7B,ZS,81.1,test_standard,"https://arxiv.org/html/2402.04249v2 (Mazeika et al., HarmBench, Feb 2024, App. Tables 6-7); paper self-reported"
Zephyr 7B,PAIR,69.2,test_standard,"https://arxiv.org/html/2402.04249v2 (Mazeika et al., HarmBench, Feb 2024, App. Tables 6-7); paper self-reported"
Zephyr 7B,TAP,84.3,test_standard,"https://arxiv.org/html/2402.04249v2 (Mazeika et al., HarmBench, Feb 2024, App. Tables 6-7); paper self-reported"
Zephyr 7B,TAP-T,88.7,test_standard,"https://arxiv.org/html/2402.04249v2 (Mazeika et al., HarmBench, Feb 2024, App. Tables 6-7); paper self-reported"
Zephyr 7B,AutoDAN,96.9,test_standard,"https://arxiv.org/html/2402.04249v2 (Mazeika et al., HarmBench, Feb 2024, App. Tables 6-7); paper self-reported"
Zephyr 7B,PAP-top5,29.3,test_standard,"https://arxiv.org/html/2402.04249v2 (Mazeika et al., HarmBench, Feb 2024, App. Tables 6-7); paper self-reported"
Zephyr 7B,Human,82.9,test_standard,"https://arxiv.org/html/2402.04249v2 (Mazeika et al., HarmBench, Feb 2024, App. Tables 6-7); paper self-reported"
Zephyr 7B,DR,84.9,test_standard,"https://arxiv.org/html/2402.04249v2 (Mazeika et al., HarmBench, Feb 2024, App. Tables 6-7); paper self-reported"
R2D2 (Ours),GCG,0.0,test_standard,"https://arxiv.org/html/2402.04249v2 (Mazeika et al., HarmBench, Feb 2024, App. Tables 6-7); paper self-reported"
R2D2 (Ours),GCG-M,0.4,test_standard,"https://arxiv.org/html/2402.04249v2 (Mazeika et al., HarmBench, Feb 2024, App. Tables 6-7); paper self-reported"
R2D2 (Ours),GCG-T,0.0,test_standard,"https://arxiv.org/html/2402.04249v2 (Mazeika et al., HarmBench, Feb 2024, App. Tables 6-7); paper self-reported"
R2D2 (Ours),PEZ,0.1,test_standard,"https://arxiv.org/html/2402.04249v2 (Mazeika et al., HarmBench, Feb 2024, App. Tables 6-7); paper self-reported"
R2D2 (Ours),GBDA,0.0,test_standard,"https://arxiv.org/html/2402.04249v2 (Mazeika et al., HarmBench, Feb 2024, App. Tables 6-7); paper self-reported"
R2D2 (Ours),UAT,0.0,test_standard,"https://arxiv.org/html/2402.04249v2 (Mazeika et al., HarmBench, Feb 2024, App. Tables 6-7); paper self-reported"
R2D2 (Ours),AP,0.0,test_standard,"https://arxiv.org/html/2402.04249v2 (Mazeika et al., HarmBench, Feb 2024, App. Tables 6-7); paper self-reported"
R2D2 (Ours),SFS,46.5,test_standard,"https://arxiv.org/html/2402.04249v2 (Mazeika et al., HarmBench, Feb 2024, App. Tables 6-7); paper self-reported"
R2D2 (Ours),ZS,0.6,test_standard,"https://arxiv.org/html/2402.04249v2 (Mazeika et al., HarmBench, Feb 2024, App. Tables 6-7); paper self-reported"
R2D2 (Ours),PAIR,57.2,test_standard,"https://arxiv.org/html/2402.04249v2 (Mazeika et al., HarmBench, Feb 2024, App. Tables 6-7); paper self-reported"
R2D2 (Ours),TAP,78.6,test_standard,"https://arxiv.org/html/2402.04249v2 (Mazeika et al., HarmBench, Feb 2024, App. Tables 6-7); paper self-reported"
R2D2 (Ours),TAP-T,67.9,test_standard,"https://arxiv.org/html/2402.04249v2 (Mazeika et al., HarmBench, Feb 2024, App. Tables 6-7); paper self-reported"
R2D2 (Ours),AutoDAN,8.8,test_standard,"https://arxiv.org/html/2402.04249v2 (Mazeika et al., HarmBench, Feb 2024, App. Tables 6-7); paper self-reported"
R2D2 (Ours),PAP-top5,20.3,test_standard,"https://arxiv.org/html/2402.04249v2 (Mazeika et al., HarmBench, Feb 2024, App. Tables 6-7); paper self-reported"
R2D2 (Ours),Human,5.3,test_standard,"https://arxiv.org/html/2402.04249v2 (Mazeika et al., HarmBench, Feb 2024, App. Tables 6-7); paper self-reported"
R2D2 (Ours),DR,1.3,test_standard,"https://arxiv.org/html/2402.04249v2 (Mazeika et al., HarmBench, Feb 2024, App. Tables 6-7); paper self-reported"
GPT-3.5 Turbo 0613,GCG-T,44.3,test_standard,"https://arxiv.org/html/2402.04249v2 (Mazeika et al., HarmBench, Feb 2024, App. Tables 6-7); paper self-reported"
GPT-3.5 Turbo 0613,ZS,20.3,test_standard,"https://arxiv.org/html/2402.04249v2 (Mazeika et al., HarmBench, Feb 2024, App. Tables 6-7); paper self-reported"
GPT-3.5 Turbo 0613,PAIR,52.8,test_standard,"https://arxiv.org/html/2402.04249v2 (Mazeika et al., HarmBench, Feb 2024, App. Tables 6-7); paper self-reported"
GPT-3.5 Turbo 0613,TAP,54.7,test_standard,"https://arxiv.org/html/2402.04249v2 (Mazeika et al., HarmBench, Feb 2024, App. Tables 6-7); paper self-reported"
GPT-3.5 Turbo 0613,TAP-T,78.6,test_standard,"https://arxiv.org/html/2402.04249v2 (Mazeika et al., HarmBench, Feb 2024, App. Tables 6-7); paper self-reported"
GPT-3.5 Turbo 0613,PAP-top5,10.6,test_standard,"https://arxiv.org/html/2402.04249v2 (Mazeika et al., HarmBench, Feb 2024, App. Tables 6-7); paper self-reported"
GPT-3.5 Turbo 0613,Human,25.9,test_standard,"https://arxiv.org/html/2402.04249v2 (Mazeika et al., HarmBench, Feb 2024, App. Tables 6-7); paper self-reported"
GPT-3.5 Turbo 0613,DR,16.4,test_standard,"https://arxiv.org/html/2402.04249v2 (Mazeika et al., HarmBench, Feb 2024, App. Tables 6-7); paper self-reported"
GPT-3.5 Turbo 1106,GCG-T,56.4,test_standard,"https://arxiv.org/html/2402.04249v2 (Mazeika et al., HarmBench, Feb 2024, App. Tables 6-7); paper self-reported"
GPT-3.5 Turbo 1106,ZS,33.6,test_standard,"https://arxiv.org/html/2402.04249v2 (Mazeika et al., HarmBench, Feb 2024, App. Tables 6-7); paper self-reported"
GPT-3.5 Turbo 1106,PAIR,42.1,test_standard,"https://arxiv.org/html/2402.04249v2 (Mazeika et al., HarmBench, Feb 2024, App. Tables 6-7); paper self-reported"
GPT-3.5 Turbo 1106,TAP,45.9,test_standard,"https://arxiv.org/html/2402.04249v2 (Mazeika et al., HarmBench, Feb 2024, App. Tables 6-7); paper self-reported"
GPT-3.5 Turbo 1106,TAP-T,60.4,test_standard,"https://arxiv.org/html/2402.04249v2 (Mazeika et al., HarmBench, Feb 2024, App. Tables 6-7); paper self-reported"
GPT-3.5 Turbo 1106,PAP-top5,11.9,test_standard,"https://arxiv.org/html/2402.04249v2 (Mazeika et al., HarmBench, Feb 2024, App. Tables 6-7); paper self-reported"
GPT-3.5 Turbo 1106,Human,3.0,test_standard,"https://arxiv.org/html/2402.04249v2 (Mazeika et al., HarmBench, Feb 2024, App. Tables 6-7); paper self-reported"
GPT-3.5 Turbo 1106,DR,36.5,test_standard,"https://arxiv.org/html/2402.04249v2 (Mazeika et al., HarmBench, Feb 2024, App. Tables 6-7); paper self-reported"
GPT-4 0613,GCG-T,14.6,test_standard,"https://arxiv.org/html/2402.04249v2 (Mazeika et al., HarmBench, Feb 2024, App. Tables 6-7); paper self-reported"
GPT-4 0613,ZS,11.4,test_standard,"https://arxiv.org/html/2402.04249v2 (Mazeika et al., HarmBench, Feb 2024, App. Tables 6-7); paper self-reported"
GPT-4 0613,PAIR,39.0,test_standard,"https://arxiv.org/html/2402.04249v2 (Mazeika et al., HarmBench, Feb 2024, App. Tables 6-7); paper self-reported"
GPT-4 0613,TAP,45.3,test_standard,"https://arxiv.org/html/2402.04249v2 (Mazeika et al., HarmBench, Feb 2024, App. Tables 6-7); paper self-reported"
GPT-4 0613,TAP-T,67.3,test_standard,"https://arxiv.org/html/2402.04249v2 (Mazeika et al., HarmBench, Feb 2024, App. Tables 6-7); paper self-reported"
GPT-4 0613,PAP-top5,11.9,test_standard,"https://arxiv.org/html/2402.04249v2 (Mazeika et al., HarmBench, Feb 2024, App. Tables 6-7); paper self-reported"
GPT-4 0613,Human,4.7,test_standard,"https://arxiv.org/html/2402.04249v2 (Mazeika et al., HarmBench, Feb 2024, App. Tables 6-7); paper self-reported"
GPT-4 0613,DR,10.7,test_standard,"https://arxiv.org/html/2402.04249v2 (Mazeika et al., HarmBench, Feb 2024, App. Tables 6-7); paper self-reported"
GPT-4 Turbo 1106,GCG-T,21.4,test_standard,"https://arxiv.org/html/2402.04249v2 (Mazeika et al., HarmBench, Feb 2024, App. Tables 6-7); paper self-reported"
GPT-4 Turbo 1106,ZS,9.3,test_standard,"https://arxiv.org/html/2402.04249v2 (Mazeika et al., HarmBench, Feb 2024, App. Tables 6-7); paper self-reported"
GPT-4 Turbo 1106,PAIR,41.5,test_standard,"https://arxiv.org/html/2402.04249v2 (Mazeika et al., HarmBench, Feb 2024, App. Tables 6-7); paper self-reported"
GPT-4 Turbo 1106,TAP,43.4,test_standard,"https://arxiv.org/html/2402.04249v2 (Mazeika et al., HarmBench, Feb 2024, App. Tables 6-7); paper self-reported"
GPT-4 Turbo 1106,TAP-T,81.8,test_standard,"https://arxiv.org/html/2402.04249v2 (Mazeika et al., HarmBench, Feb 2024, App. Tables 6-7); paper self-reported"
GPT-4 Turbo 1106,PAP-top5,11.9,test_standard,"https://arxiv.org/html/2402.04249v2 (Mazeika et al., HarmBench, Feb 2024, App. Tables 6-7); paper self-reported"
GPT-4 Turbo 1106,Human,1.4,test_standard,"https://arxiv.org/html/2402.04249v2 (Mazeika et al., HarmBench, Feb 2024, App. Tables 6-7); paper self-reported"
GPT-4 Turbo 1106,DR,6.9,test_standard,"https://arxiv.org/html/2402.04249v2 (Mazeika et al., HarmBench, Feb 2024, App. Tables 6-7); paper self-reported"
Claude 1,GCG-T,11.3,test_standard,"https://arxiv.org/html/2402.04249v2 (Mazeika et al., HarmBench, Feb 2024, App. Tables 6-7); paper self-reported"
Claude 1,ZS,1.1,test_standard,"https://arxiv.org/html/2402.04249v2 (Mazeika et al., HarmBench, Feb 2024, App. Tables 6-7); paper self-reported"
Claude 1,PAIR,15.1,test_standard,"https://arxiv.org/html/2402.04249v2 (Mazeika et al., HarmBench, Feb 2024, App. Tables 6-7); paper self-reported"
Claude 1,TAP,8.2,test_standard,"https://arxiv.org/html/2402.04249v2 (Mazeika et al., HarmBench, Feb 2024, App. Tables 6-7); paper self-reported"
Claude 1,TAP-T,0.0,test_standard,"https://arxiv.org/html/2402.04249v2 (Mazeika et al., HarmBench, Feb 2024, App. Tables 6-7); paper self-reported"
Claude 1,PAP-top5,0.6,test_standard,"https://arxiv.org/html/2402.04249v2 (Mazeika et al., HarmBench, Feb 2024, App. Tables 6-7); paper self-reported"
Claude 1,Human,1.7,test_standard,"https://arxiv.org/html/2402.04249v2 (Mazeika et al., HarmBench, Feb 2024, App. Tables 6-7); paper self-reported"
Claude 1,DR,1.9,test_standard,"https://arxiv.org/html/2402.04249v2 (Mazeika et al., HarmBench, Feb 2024, App. Tables 6-7); paper self-reported"
Claude 2,GCG-T,1.5,test_standard,"https://arxiv.org/html/2402.04249v2 (Mazeika et al., HarmBench, Feb 2024, App. Tables 6-7); paper self-reported"
Claude 2,ZS,0.6,test_standard,"https://arxiv.org/html/2402.04249v2 (Mazeika et al., HarmBench, Feb 2024, App. Tables 6-7); paper self-reported"
Claude 2,PAIR,1.9,test_standard,"https://arxiv.org/html/2402.04249v2 (Mazeika et al., HarmBench, Feb 2024, App. Tables 6-7); paper self-reported"
Claude 2,TAP,1.3,test_standard,"https://arxiv.org/html/2402.04249v2 (Mazeika et al., HarmBench, Feb 2024, App. Tables 6-7); paper self-reported"
Claude 2,TAP-T,0.0,test_standard,"https://arxiv.org/html/2402.04249v2 (Mazeika et al., HarmBench, Feb 2024, App. Tables 6-7); paper self-reported"
Claude 2,PAP-top5,0.1,test_standard,"https://arxiv.org/html/2402.04249v2 (Mazeika et al., HarmBench, Feb 2024, App. Tables 6-7); paper self-reported"
Claude 2,Human,0.0,test_standard,"https://arxiv.org/html/2402.04249v2 (Mazeika et al., HarmBench, Feb 2024, App. Tables 6-7); paper self-reported"
Claude 2,DR,0.0,test_standard,"https://arxiv.org/html/2402.04249v2 (Mazeika et al., HarmBench, Feb 2024, App. Tables 6-7); paper self-reported"
Claude 2.1,GCG-T,1.4,test_standard,"https://arxiv.org/html/2402.04249v2 (Mazeika et al., HarmBench, Feb 2024, App. Tables 6-7); paper self-reported"
Claude 2.1,ZS,0.6,test_standard,"https://arxiv.org/html/2402.04249v2 (Mazeika et al., HarmBench, Feb 2024, App. Tables 6-7); paper self-reported"
Claude 2.1,PAIR,2.5,test_standard,"https://arxiv.org/html/2402.04249v2 (Mazeika et al., HarmBench, Feb 2024, App. Tables 6-7); paper self-reported"
Claude 2.1,TAP,1.9,test_standard,"https://arxiv.org/html/2402.04249v2 (Mazeika et al., HarmBench, Feb 2024, App. Tables 6-7); paper self-reported"
Claude 2.1,TAP-T,0.0,test_standard,"https://arxiv.org/html/2402.04249v2 (Mazeika et al., HarmBench, Feb 2024, App. Tables 6-7); paper self-reported"
Claude 2.1,PAP-top5,0.1,test_standard,"https://arxiv.org/html/2402.04249v2 (Mazeika et al., HarmBench, Feb 2024, App. Tables 6-7); paper self-reported"
Claude 2.1,Human,0.1,test_standard,"https://arxiv.org/html/2402.04249v2 (Mazeika et al., HarmBench, Feb 2024, App. Tables 6-7); paper self-reported"
Claude 2.1,DR,0.0,test_standard,"https://arxiv.org/html/2402.04249v2 (Mazeika et al., HarmBench, Feb 2024, App. Tables 6-7); paper self-reported"
Gemini Pro,GCG-T,16.4,test_standard,"https://arxiv.org/html/2402.04249v2 (Mazeika et al., HarmBench, Feb 2024, App. Tables 6-7); paper self-reported"
Gemini Pro,ZS,7.7,test_standard,"https://arxiv.org/html/2402.04249v2 (Mazeika et al., HarmBench, Feb 2024, App. Tables 6-7); paper self-reported"
Gemini Pro,PAIR,32.9,test_standard,"https://arxiv.org/html/2402.04249v2 (Mazeika et al., HarmBench, Feb 2024, App. Tables 6-7); paper self-reported"
Gemini Pro,TAP,38.9,test_standard,"https://arxiv.org/html/2402.04249v2 (Mazeika et al., HarmBench, Feb 2024, App. Tables 6-7); paper self-reported"
Gemini Pro,TAP-T,30.8,test_standard,"https://arxiv.org/html/2402.04249v2 (Mazeika et al., HarmBench, Feb 2024, App. Tables 6-7); paper self-reported"
Gemini Pro,PAP-top5,7.8,test_standard,"https://arxiv.org/html/2402.04249v2 (Mazeika et al., HarmBench, Feb 2024, App. Tables 6-7); paper self-reported"
Gemini Pro,Human,11.2,test_standard,"https://arxiv.org/html/2402.04249v2 (Mazeika et al., HarmBench, Feb 2024, App. Tables 6-7); paper self-reported"
Gemini Pro,DR,12.6,test_standard,"https://arxiv.org/html/2402.04249v2 (Mazeika et al., HarmBench, Feb 2024, App. Tables 6-7); paper self-reported"
Average (↑),GCG,68.4,test_standard,"https://arxiv.org/html/2402.04249v2 (Mazeika et al., HarmBench, Feb 2024, App. Tables 6-7); paper self-reported"
Average (↑),GCG-M,58.3,test_standard,"https://arxiv.org/html/2402.04249v2 (Mazeika et al., HarmBench, Feb 2024, App. Tables 6-7); paper self-reported"
Average (↑),GCG-T,47.8,test_standard,"https://arxiv.org/html/2402.04249v2 (Mazeika et al., HarmBench, Feb 2024, App. Tables 6-7); paper self-reported"
Average (↑),PEZ,31.8,test_standard,"https://arxiv.org/html/2402.04249v2 (Mazeika et al., HarmBench, Feb 2024, App. Tables 6-7); paper self-reported"
Average (↑),GBDA,33.9,test_standard,"https://arxiv.org/html/2402.04249v2 (Mazeika et al., HarmBench, Feb 2024, App. Tables 6-7); paper self-reported"
Average (↑),UAT,35.3,test_standard,"https://arxiv.org/html/2402.04249v2 (Mazeika et al., HarmBench, Feb 2024, App. Tables 6-7); paper self-reported"
Average (↑),AP,55.0,test_standard,"https://arxiv.org/html/2402.04249v2 (Mazeika et al., HarmBench, Feb 2024, App. Tables 6-7); paper self-reported"
Average (↑),SFS,44.3,test_standard,"https://arxiv.org/html/2402.04249v2 (Mazeika et al., HarmBench, Feb 2024, App. Tables 6-7); paper self-reported"
Average (↑),ZS,25.5,test_standard,"https://arxiv.org/html/2402.04249v2 (Mazeika et al., HarmBench, Feb 2024, App. Tables 6-7); paper self-reported"
Average (↑),PAIR,47.7,test_standard,"https://arxiv.org/html/2402.04249v2 (Mazeika et al., HarmBench, Feb 2024, App. Tables 6-7); paper self-reported"
Average (↑),TAP,55.2,test_standard,"https://arxiv.org/html/2402.04249v2 (Mazeika et al., HarmBench, Feb 2024, App. Tables 6-7); paper self-reported"
Average (↑),TAP-T,60.1,test_standard,"https://arxiv.org/html/2402.04249v2 (Mazeika et al., HarmBench, Feb 2024, App. Tables 6-7); paper self-reported"
Average (↑),AutoDAN,67.8,test_standard,"https://arxiv.org/html/2402.04249v2 (Mazeika et al., HarmBench, Feb 2024, App. Tables 6-7); paper self-reported"
Average (↑),PAP-top5,13.8,test_standard,"https://arxiv.org/html/2402.04249v2 (Mazeika et al., HarmBench, Feb 2024, App. Tables 6-7); paper self-reported"
Average (↑),Human,31.9,test_standard,"https://arxiv.org/html/2402.04249v2 (Mazeika et al., HarmBench, Feb 2024, App. Tables 6-7); paper self-reported"
Average (↑),DR,23.8,test_standard,"https://arxiv.org/html/2402.04249v2 (Mazeika et al., HarmBench, Feb 2024, App. Tables 6-7); paper self-reported"
Llama 2 7B Chat,GCG,60.5,test_contextual,"https://arxiv.org/html/2402.04249v2 (Mazeika et al., HarmBench, Feb 2024, App. Tables 6-7); paper self-reported"
Llama 2 7B Chat,GCG-M,42.6,test_contextual,"https://arxiv.org/html/2402.04249v2 (Mazeika et al., HarmBench, Feb 2024, App. Tables 6-7); paper self-reported"
Llama 2 7B Chat,GCG-T,43.1,test_contextual,"https://arxiv.org/html/2402.04249v2 (Mazeika et al., HarmBench, Feb 2024, App. Tables 6-7); paper self-reported"
Llama 2 7B Chat,PEZ,7.2,test_contextual,"https://arxiv.org/html/2402.04249v2 (Mazeika et al., HarmBench, Feb 2024, App. Tables 6-7); paper self-reported"
Llama 2 7B Chat,GBDA,4.9,test_contextual,"https://arxiv.org/html/2402.04249v2 (Mazeika et al., HarmBench, Feb 2024, App. Tables 6-7); paper self-reported"
Llama 2 7B Chat,UAT,11.1,test_contextual,"https://arxiv.org/html/2402.04249v2 (Mazeika et al., HarmBench, Feb 2024, App. Tables 6-7); paper self-reported"
Llama 2 7B Chat,AP,24.7,test_contextual,"https://arxiv.org/html/2402.04249v2 (Mazeika et al., HarmBench, Feb 2024, App. Tables 6-7); paper self-reported"
Llama 2 7B Chat,SFS,11.1,test_contextual,"https://arxiv.org/html/2402.04249v2 (Mazeika et al., HarmBench, Feb 2024, App. Tables 6-7); paper self-reported"
Llama 2 7B Chat,ZS,7.7,test_contextual,"https://arxiv.org/html/2402.04249v2 (Mazeika et al., HarmBench, Feb 2024, App. Tables 6-7); paper self-reported"
Llama 2 7B Chat,PAIR,19.8,test_contextual,"https://arxiv.org/html/2402.04249v2 (Mazeika et al., HarmBench, Feb 2024, App. Tables 6-7); paper self-reported"
Llama 2 7B Chat,TAP,24.7,test_contextual,"https://arxiv.org/html/2402.04249v2 (Mazeika et al., HarmBench, Feb 2024, App. Tables 6-7); paper self-reported"
Llama 2 7B Chat,TAP-T,21.3,test_contextual,"https://arxiv.org/html/2402.04249v2 (Mazeika et al., HarmBench, Feb 2024, App. Tables 6-7); paper self-reported"
Llama 2 7B Chat,AutoDAN,0.0,test_contextual,"https://arxiv.org/html/2402.04249v2 (Mazeika et al., HarmBench, Feb 2024, App. Tables 6-7); paper self-reported"
Llama 2 7B Chat,PAP-top5,5.8,test_contextual,"https://arxiv.org/html/2402.04249v2 (Mazeika et al., HarmBench, Feb 2024, App. Tables 6-7); paper self-reported"
Llama 2 7B Chat,Human,2.5,test_contextual,"https://arxiv.org/html/2402.04249v2 (Mazeika et al., HarmBench, Feb 2024, App. Tables 6-7); paper self-reported"
Llama 2 7B Chat,DR,2.5,test_contextual,"https://arxiv.org/html/2402.04249v2 (Mazeika et al., HarmBench, Feb 2024, App. Tables 6-7); paper self-reported"
Llama 2 13B Chat,GCG,58.0,test_contextual,"https://arxiv.org/html/2402.04249v2 (Mazeika et al., HarmBench, Feb 2024, App. Tables 6-7); paper self-reported"
Llama 2 13B Chat,GCG-M,21.3,test_contextual,"https://arxiv.org/html/2402.04249v2 (Mazeika et al., HarmBench, Feb 2024, App. Tables 6-7); paper self-reported"
Llama 2 13B Chat,GCG-T,36.8,test_contextual,"https://arxiv.org/html/2402.04249v2 (Mazeika et al., HarmBench, Feb 2024, App. Tables 6-7); paper self-reported"
Llama 2 13B Chat,PEZ,6.2,test_contextual,"https://arxiv.org/html/2402.04249v2 (Mazeika et al., HarmBench, Feb 2024, App. Tables 6-7); paper self-reported"
Llama 2 13B Chat,GBDA,6.4,test_contextual,"https://arxiv.org/html/2402.04249v2 (Mazeika et al., HarmBench, Feb 2024, App. Tables 6-7); paper self-reported"
Llama 2 13B Chat,UAT,4.9,test_contextual,"https://arxiv.org/html/2402.04249v2 (Mazeika et al., HarmBench, Feb 2024, App. Tables 6-7); paper self-reported"
Llama 2 13B Chat,AP,32.1,test_contextual,"https://arxiv.org/html/2402.04249v2 (Mazeika et al., HarmBench, Feb 2024, App. Tables 6-7); paper self-reported"
Llama 2 13B Chat,SFS,13.6,test_contextual,"https://arxiv.org/html/2402.04249v2 (Mazeika et al., HarmBench, Feb 2024, App. Tables 6-7); paper self-reported"
Llama 2 13B Chat,ZS,7.9,test_contextual,"https://arxiv.org/html/2402.04249v2 (Mazeika et al., HarmBench, Feb 2024, App. Tables 6-7); paper self-reported"
Llama 2 13B Chat,PAIR,19.8,test_contextual,"https://arxiv.org/html/2402.04249v2 (Mazeika et al., HarmBench, Feb 2024, App. Tables 6-7); paper self-reported"
Llama 2 13B Chat,TAP,28.4,test_contextual,"https://arxiv.org/html/2402.04249v2 (Mazeika et al., HarmBench, Feb 2024, App. Tables 6-7); paper self-reported"
Llama 2 13B Chat,TAP-T,15.0,test_contextual,"https://arxiv.org/html/2402.04249v2 (Mazeika et al., HarmBench, Feb 2024, App. Tables 6-7); paper self-reported"
Llama 2 13B Chat,AutoDAN,3.7,test_contextual,"https://arxiv.org/html/2402.04249v2 (Mazeika et al., HarmBench, Feb 2024, App. Tables 6-7); paper self-reported"
Llama 2 13B Chat,PAP-top5,8.5,test_contextual,"https://arxiv.org/html/2402.04249v2 (Mazeika et al., HarmBench, Feb 2024, App. Tables 6-7); paper self-reported"
Llama 2 13B Chat,Human,4.3,test_contextual,"https://arxiv.org/html/2402.04249v2 (Mazeika et al., HarmBench, Feb 2024, App. Tables 6-7); paper self-reported"
Llama 2 13B Chat,DR,9.9,test_contextual,"https://arxiv.org/html/2402.04249v2 (Mazeika et al., HarmBench, Feb 2024, App. Tables 6-7); paper self-reported"
Llama 2 70B Chat,GCG,67.9,test_contextual,"https://arxiv.org/html/2402.04249v2 (Mazeika et al., HarmBench, Feb 2024, App. Tables 6-7); paper self-reported"
Llama 2 70B Chat,GCG-M,30.9,test_contextual,"https://arxiv.org/html/2402.04249v2 (Mazeika et al., HarmBench, Feb 2024, App. Tables 6-7); paper self-reported"
Llama 2 70B Chat,GCG-T,50.0,test_contextual,"https://arxiv.org/html/2402.04249v2 (Mazeika et al., HarmBench, Feb 2024, App. Tables 6-7); paper self-reported"
Llama 2 70B Chat,PEZ,11.1,test_contextual,"https://arxiv.org/html/2402.04249v2 (Mazeika et al., HarmBench, Feb 2024, App. Tables 6-7); paper self-reported"
Llama 2 70B Chat,GBDA,8.6,test_contextual,"https://arxiv.org/html/2402.04249v2 (Mazeika et al., HarmBench, Feb 2024, App. Tables 6-7); paper self-reported"
Llama 2 70B Chat,UAT,13.8,test_contextual,"https://arxiv.org/html/2402.04249v2 (Mazeika et al., HarmBench, Feb 2024, App. Tables 6-7); paper self-reported"
Llama 2 70B Chat,AP,38.3,test_contextual,"https://arxiv.org/html/2402.04249v2 (Mazeika et al., HarmBench, Feb 2024, App. Tables 6-7); paper self-reported"
Llama 2 70B Chat,SFS,16.3,test_contextual,"https://arxiv.org/html/2402.04249v2 (Mazeika et al., HarmBench, Feb 2024, App. Tables 6-7); paper self-reported"
Llama 2 70B Chat,ZS,11.4,test_contextual,"https://arxiv.org/html/2402.04249v2 (Mazeika et al., HarmBench, Feb 2024, App. Tables 6-7); paper self-reported"
Llama 2 70B Chat,PAIR,35.8,test_contextual,"https://arxiv.org/html/2402.04249v2 (Mazeika et al., HarmBench, Feb 2024, App. Tables 6-7); paper self-reported"
Llama 2 70B Chat,TAP,27.2,test_contextual,"https://arxiv.org/html/2402.04249v2 (Mazeika et al., HarmBench, Feb 2024, App. Tables 6-7); paper self-reported"
Llama 2 70B Chat,TAP-T,38.8,test_contextual,"https://arxiv.org/html/2402.04249v2 (Mazeika et al., HarmBench, Feb 2024, App. Tables 6-7); paper self-reported"
Llama 2 70B Chat,AutoDAN,6.2,test_contextual,"https://arxiv.org/html/2402.04249v2 (Mazeika et al., HarmBench, Feb 2024, App. Tables 6-7); paper self-reported"
Llama 2 70B Chat,PAP-top5,9.5,test_contextual,"https://arxiv.org/html/2402.04249v2 (Mazeika et al., HarmBench, Feb 2024, App. Tables 6-7); paper self-reported"
Llama 2 70B Chat,Human,6.8,test_contextual,"https://arxiv.org/html/2402.04249v2 (Mazeika et al., HarmBench, Feb 2024, App. Tables 6-7); paper self-reported"
Llama 2 70B Chat,DR,9.9,test_contextual,"https://arxiv.org/html/2402.04249v2 (Mazeika et al., HarmBench, Feb 2024, App. Tables 6-7); paper self-reported"
Vicuna 7B,GCG,82.7,test_contextual,"https://arxiv.org/html/2402.04249v2 (Mazeika et al., HarmBench, Feb 2024, App. Tables 6-7); paper self-reported"
Vicuna 7B,GCG-M,75.4,test_contextual,"https://arxiv.org/html/2402.04249v2 (Mazeika et al., HarmBench, Feb 2024, App. Tables 6-7); paper self-reported"
Vicuna 7B,GCG-T,75.6,test_contextual,"https://arxiv.org/html/2402.04249v2 (Mazeika et al., HarmBench, Feb 2024, App. Tables 6-7); paper self-reported"
Vicuna 7B,PEZ,39.8,test_contextual,"https://arxiv.org/html/2402.04249v2 (Mazeika et al., HarmBench, Feb 2024, App. Tables 6-7); paper self-reported"
Vicuna 7B,GBDA,41.5,test_contextual,"https://arxiv.org/html/2402.04249v2 (Mazeika et al., HarmBench, Feb 2024, App. Tables 6-7); paper self-reported"
Vicuna 7B,UAT,37.0,test_contextual,"https://arxiv.org/html/2402.04249v2 (Mazeika et al., HarmBench, Feb 2024, App. Tables 6-7); paper self-reported"
Vicuna 7B,AP,72.8,test_contextual,"https://arxiv.org/html/2402.04249v2 (Mazeika et al., HarmBench, Feb 2024, App. Tables 6-7); paper self-reported"
Vicuna 7B,SFS,65.4,test_contextual,"https://arxiv.org/html/2402.04249v2 (Mazeika et al., HarmBench, Feb 2024, App. Tables 6-7); paper self-reported"
Vicuna 7B,ZS,52.8,test_contextual,"https://arxiv.org/html/2402.04249v2 (Mazeika et al., HarmBench, Feb 2024, App. Tables 6-7); paper self-reported"
Vicuna 7B,PAIR,81.5,test_contextual,"https://arxiv.org/html/2402.04249v2 (Mazeika et al., HarmBench, Feb 2024, App. Tables 6-7); paper self-reported"
Vicuna 7B,TAP,70.0,test_contextual,"https://arxiv.org/html/2402.04249v2 (Mazeika et al., HarmBench, Feb 2024, App. Tables 6-7); paper self-reported"
Vicuna 7B,TAP-T,85.0,test_contextual,"https://arxiv.org/html/2402.04249v2 (Mazeika et al., HarmBench, Feb 2024, App. Tables 6-7); paper self-reported"
Vicuna 7B,AutoDAN,85.2,test_contextual,"https://arxiv.org/html/2402.04249v2 (Mazeika et al., HarmBench, Feb 2024, App. Tables 6-7); paper self-reported"
Vicuna 7B,PAP-top5,43.8,test_contextual,"https://arxiv.org/html/2402.04249v2 (Mazeika et al., HarmBench, Feb 2024, App. Tables 6-7); paper self-reported"
Vicuna 7B,Human,61.5,test_contextual,"https://arxiv.org/html/2402.04249v2 (Mazeika et al., HarmBench, Feb 2024, App. Tables 6-7); paper self-reported"
Vicuna 7B,DR,51.9,test_contextual,"https://arxiv.org/html/2402.04249v2 (Mazeika et al., HarmBench, Feb 2024, App. Tables 6-7); paper self-reported"
Vicuna 13B,GCG,87.7,test_contextual,"https://arxiv.org/html/2402.04249v2 (Mazeika et al., HarmBench, Feb 2024, App. Tables 6-7); paper self-reported"
Vicuna 13B,GCG-M,76.5,test_contextual,"https://arxiv.org/html/2402.04249v2 (Mazeika et al., HarmBench, Feb 2024, App. Tables 6-7); paper self-reported"
Vicuna 13B,GCG-T,71.4,test_contextual,"https://arxiv.org/html/2402.04249v2 (Mazeika et al., HarmBench, Feb 2024, App. Tables 6-7); paper self-reported"
Vicuna 13B,PEZ,37.5,test_contextual,"https://arxiv.org/html/2402.04249v2 (Mazeika et al., HarmBench, Feb 2024, App. Tables 6-7); paper self-reported"
Vicuna 13B,GBDA,35.3,test_contextual,"https://arxiv.org/html/2402.04249v2 (Mazeika et al., HarmBench, Feb 2024, App. Tables 6-7); paper self-reported"
Vicuna 13B,UAT,33.3,test_contextual,"https://arxiv.org/html/2402.04249v2 (Mazeika et al., HarmBench, Feb 2024, App. Tables 6-7); paper self-reported"
Vicuna 13B,AP,65.4,test_contextual,"https://arxiv.org/html/2402.04249v2 (Mazeika et al., HarmBench, Feb 2024, App. Tables 6-7); paper self-reported"
Vicuna 13B,SFS,46.9,test_contextual,"https://arxiv.org/html/2402.04249v2 (Mazeika et al., HarmBench, Feb 2024, App. Tables 6-7); paper self-reported"
Vicuna 13B,ZS,44.9,test_contextual,"https://arxiv.org/html/2402.04249v2 (Mazeika et al., HarmBench, Feb 2024, App. Tables 6-7); paper self-reported"
Vicuna 13B,PAIR,63.0,test_contextual,"https://arxiv.org/html/2402.04249v2 (Mazeika et al., HarmBench, Feb 2024, App. Tables 6-7); paper self-reported"
Vicuna 13B,TAP,66.3,test_contextual,"https://arxiv.org/html/2402.04249v2 (Mazeika et al., HarmBench, Feb 2024, App. Tables 6-7); paper self-reported"
Vicuna 13B,TAP-T,87.5,test_contextual,"https://arxiv.org/html/2402.04249v2 (Mazeika et al., HarmBench, Feb 2024, App. Tables 6-7); paper self-reported"
Vicuna 13B,AutoDAN,88.9,test_contextual,"https://arxiv.org/html/2402.04249v2 (Mazeika et al., HarmBench, Feb 2024, App. Tables 6-7); paper self-reported"
Vicuna 13B,PAP-top5,36.3,test_contextual,"https://arxiv.org/html/2402.04249v2 (Mazeika et al., HarmBench, Feb 2024, App. Tables 6-7); paper self-reported"
Vicuna 13B,Human,61.0,test_contextual,"https://arxiv.org/html/2402.04249v2 (Mazeika et al., HarmBench, Feb 2024, App. Tables 6-7); paper self-reported"
Vicuna 13B,DR,43.2,test_contextual,"https://arxiv.org/html/2402.04249v2 (Mazeika et al., HarmBench, Feb 2024, App. Tables 6-7); paper self-reported"
Baichuan 2 7B,GCG,84.0,test_contextual,"https://arxiv.org/html/2402.04249v2 (Mazeika et al., HarmBench, Feb 2024, App. Tables 6-7); paper self-reported"
Baichuan 2 7B,GCG-M,36.4,test_contextual,"https://arxiv.org/html/2402.04249v2 (Mazeika et al., HarmBench, Feb 2024, App. Tables 6-7); paper self-reported"
Baichuan 2 7B,GCG-T,57.0,test_contextual,"https://arxiv.org/html/2402.04249v2 (Mazeika et al., HarmBench, Feb 2024, App. Tables 6-7); paper self-reported"
Baichuan 2 7B,PEZ,50.6,test_contextual,"https://arxiv.org/html/2402.04249v2 (Mazeika et al., HarmBench, Feb 2024, App. Tables 6-7); paper self-reported"
Baichuan 2 7B,GBDA,48.4,test_contextual,"https://arxiv.org/html/2402.04249v2 (Mazeika et al., HarmBench, Feb 2024, App. Tables 6-7); paper self-reported"
Baichuan 2 7B,UAT,51.9,test_contextual,"https://arxiv.org/html/2402.04249v2 (Mazeika et al., HarmBench, Feb 2024, App. Tables 6-7); paper self-reported"
Baichuan 2 7B,AP,64.2,test_contextual,"https://arxiv.org/html/2402.04249v2 (Mazeika et al., HarmBench, Feb 2024, App. Tables 6-7); paper self-reported"
Baichuan 2 7B,SFS,58.0,test_contextual,"https://arxiv.org/html/2402.04249v2 (Mazeika et al., HarmBench, Feb 2024, App. Tables 6-7); paper self-reported"
Baichuan 2 7B,ZS,54.6,test_contextual,"https://arxiv.org/html/2402.04249v2 (Mazeika et al., HarmBench, Feb 2024, App. Tables 6-7); paper self-reported"
Baichuan 2 7B,PAIR,71.6,test_contextual,"https://arxiv.org/html/2402.04249v2 (Mazeika et al., HarmBench, Feb 2024, App. Tables 6-7); paper self-reported"
Baichuan 2 7B,TAP,72.5,test_contextual,"https://arxiv.org/html/2402.04249v2 (Mazeika et al., HarmBench, Feb 2024, App. Tables 6-7); paper self-reported"
Baichuan 2 7B,TAP-T,85.0,test_contextual,"https://arxiv.org/html/2402.04249v2 (Mazeika et al., HarmBench, Feb 2024, App. Tables 6-7); paper self-reported"
Baichuan 2 7B,AutoDAN,66.7,test_contextual,"https://arxiv.org/html/2402.04249v2 (Mazeika et al., HarmBench, Feb 2024, App. Tables 6-7); paper self-reported"
Baichuan 2 7B,PAP-top5,39.8,test_contextual,"https://arxiv.org/html/2402.04249v2 (Mazeika et al., HarmBench, Feb 2024, App. Tables 6-7); paper self-reported"
Baichuan 2 7B,Human,46.0,test_contextual,"https://arxiv.org/html/2402.04249v2 (Mazeika et al., HarmBench, Feb 2024, App. Tables 6-7); paper self-reported"
Baichuan 2 7B,DR,43.2,test_contextual,"https://arxiv.org/html/2402.04249v2 (Mazeika et al., HarmBench, Feb 2024, App. Tables 6-7); paper self-reported"
Baichuan 2 13B,GCG,72.8,test_contextual,"https://arxiv.org/html/2402.04249v2 (Mazeika et al., HarmBench, Feb 2024, App. Tables 6-7); paper self-reported"
Baichuan 2 13B,GCG-M,57.4,test_contextual,"https://arxiv.org/html/2402.04249v2 (Mazeika et al., HarmBench, Feb 2024, App. Tables 6-7); paper self-reported"
Baichuan 2 13B,GCG-T,62.9,test_contextual,"https://arxiv.org/html/2402.04249v2 (Mazeika et al., HarmBench, Feb 2024, App. Tables 6-7); paper self-reported"
Baichuan 2 13B,PEZ,58.5,test_contextual,"https://arxiv.org/html/2402.04249v2 (Mazeika et al., HarmBench, Feb 2024, App. Tables 6-7); paper self-reported"
Baichuan 2 13B,GBDA,55.8,test_contextual,"https://arxiv.org/html/2402.04249v2 (Mazeika et al., HarmBench, Feb 2024, App. Tables 6-7); paper self-reported"
Baichuan 2 13B,UAT,63.0,test_contextual,"https://arxiv.org/html/2402.04249v2 (Mazeika et al., HarmBench, Feb 2024, App. Tables 6-7); paper self-reported"
Baichuan 2 13B,AP,59.3,test_contextual,"https://arxiv.org/html/2402.04249v2 (Mazeika et al., HarmBench, Feb 2024, App. Tables 6-7); paper self-reported"
Baichuan 2 13B,SFS,58.0,test_contextual,"https://arxiv.org/html/2402.04249v2 (Mazeika et al., HarmBench, Feb 2024, App. Tables 6-7); paper self-reported"
Baichuan 2 13B,ZS,53.6,test_contextual,"https://arxiv.org/html/2402.04249v2 (Mazeika et al., HarmBench, Feb 2024, App. Tables 6-7); paper self-reported"
Baichuan 2 13B,PAIR,76.5,test_contextual,"https://arxiv.org/html/2402.04249v2 (Mazeika et al., HarmBench, Feb 2024, App. Tables 6-7); paper self-reported"
Baichuan 2 13B,TAP,71.3,test_contextual,"https://arxiv.org/html/2402.04249v2 (Mazeika et al., HarmBench, Feb 2024, App. Tables 6-7); paper self-reported"
Baichuan 2 13B,TAP-T,83.8,test_contextual,"https://arxiv.org/html/2402.04249v2 (Mazeika et al., HarmBench, Feb 2024, App. Tables 6-7); paper self-reported"
Baichuan 2 13B,AutoDAN,55.0,test_contextual,"https://arxiv.org/html/2402.04249v2 (Mazeika et al., HarmBench, Feb 2024, App. Tables 6-7); paper self-reported"
Baichuan 2 13B,PAP-top5,41.0,test_contextual,"https://arxiv.org/html/2402.04249v2 (Mazeika et al., HarmBench, Feb 2024, App. Tables 6-7); paper self-reported"
Baichuan 2 13B,Human,49.5,test_contextual,"https://arxiv.org/html/2402.04249v2 (Mazeika et al., HarmBench, Feb 2024, App. Tables 6-7); paper self-reported"
Baichuan 2 13B,DR,49.4,test_contextual,"https://arxiv.org/html/2402.04249v2 (Mazeika et al., HarmBench, Feb 2024, App. Tables 6-7); paper self-reported"
Qwen 7B Chat,GCG,80.6,test_contextual,"https://arxiv.org/html/2402.04249v2 (Mazeika et al., HarmBench, Feb 2024, App. Tables 6-7); paper self-reported"
Qwen 7B Chat,GCG-M,60.5,test_contextual,"https://arxiv.org/html/2402.04249v2 (Mazeika et al., HarmBench, Feb 2024, App. Tables 6-7); paper self-reported"
Qwen 7B Chat,GCG-T,53.5,test_contextual,"https://arxiv.org/html/2402.04249v2 (Mazeika et al., HarmBench, Feb 2024, App. Tables 6-7); paper self-reported"
Qwen 7B Chat,PEZ,27.4,test_contextual,"https://arxiv.org/html/2402.04249v2 (Mazeika et al., HarmBench, Feb 2024, App. Tables 6-7); paper self-reported"
Qwen 7B Chat,GBDA,27.2,test_contextual,"https://arxiv.org/html/2402.04249v2 (Mazeika et al., HarmBench, Feb 2024, App. Tables 6-7); paper self-reported"
Qwen 7B Chat,UAT,25.9,test_contextual,"https://arxiv.org/html/2402.04249v2 (Mazeika et al., HarmBench, Feb 2024, App. Tables 6-7); paper self-reported"
Qwen 7B Chat,AP,61.5,test_contextual,"https://arxiv.org/html/2402.04249v2 (Mazeika et al., HarmBench, Feb 2024, App. Tables 6-7); paper self-reported"
Qwen 7B Chat,SFS,48.1,test_contextual,"https://arxiv.org/html/2402.04249v2 (Mazeika et al., HarmBench, Feb 2024, App. Tables 6-7); paper self-reported"
Qwen 7B Chat,ZS,40.2,test_contextual,"https://arxiv.org/html/2402.04249v2 (Mazeika et al., HarmBench, Feb 2024, App. Tables 6-7); paper self-reported"
Qwen 7B Chat,PAIR,81.5,test_contextual,"https://arxiv.org/html/2402.04249v2 (Mazeika et al., HarmBench, Feb 2024, App. Tables 6-7); paper self-reported"
Qwen 7B Chat,TAP,70.4,test_contextual,"https://arxiv.org/html/2402.04249v2 (Mazeika et al., HarmBench, Feb 2024, App. Tables 6-7); paper self-reported"
Qwen 7B Chat,TAP-T,81.3,test_contextual,"https://arxiv.org/html/2402.04249v2 (Mazeika et al., HarmBench, Feb 2024, App. Tables 6-7); paper self-reported"
Qwen 7B Chat,AutoDAN,64.2,test_contextual,"https://arxiv.org/html/2402.04249v2 (Mazeika et al., HarmBench, Feb 2024, App. Tables 6-7); paper self-reported"
Qwen 7B Chat,PAP-top5,29.8,test_contextual,"https://arxiv.org/html/2402.04249v2 (Mazeika et al., HarmBench, Feb 2024, App. Tables 6-7); paper self-reported"
Qwen 7B Chat,Human,39.5,test_contextual,"https://arxiv.org/html/2402.04249v2 (Mazeika et al., HarmBench, Feb 2024, App. Tables 6-7); paper self-reported"
Qwen 7B Chat,DR,34.6,test_contextual,"https://arxiv.org/html/2402.04249v2 (Mazeika et al., HarmBench, Feb 2024, App. Tables 6-7); paper self-reported"
Qwen 14B Chat,GCG,84.2,test_contextual,"https://arxiv.org/html/2402.04249v2 (Mazeika et al., HarmBench, Feb 2024, App. Tables 6-7); paper self-reported"
Qwen 14B Chat,GCG-M,58.3,test_contextual,"https://arxiv.org/html/2402.04249v2 (Mazeika et al., HarmBench, Feb 2024, App. Tables 6-7); paper self-reported"
Qwen 14B Chat,GCG-T,60.6,test_contextual,"https://arxiv.org/html/2402.04249v2 (Mazeika et al., HarmBench, Feb 2024, App. Tables 6-7); paper self-reported"
Qwen 14B Chat,PEZ,26.2,test_contextual,"https://arxiv.org/html/2402.04249v2 (Mazeika et al., HarmBench, Feb 2024, App. Tables 6-7); paper self-reported"
Qwen 14B Chat,GBDA,26.4,test_contextual,"https://arxiv.org/html/2402.04249v2 (Mazeika et al., HarmBench, Feb 2024, App. Tables 6-7); paper self-reported"
Qwen 14B Chat,UAT,23.5,test_contextual,"https://arxiv.org/html/2402.04249v2 (Mazeika et al., HarmBench, Feb 2024, App. Tables 6-7); paper self-reported"
Qwen 14B Chat,AP,71.2,test_contextual,"https://arxiv.org/html/2402.04249v2 (Mazeika et al., HarmBench, Feb 2024, App. Tables 6-7); paper self-reported"
Qwen 14B Chat,SFS,46.9,test_contextual,"https://arxiv.org/html/2402.04249v2 (Mazeika et al., HarmBench, Feb 2024, App. Tables 6-7); paper self-reported"
Qwen 14B Chat,ZS,37.5,test_contextual,"https://arxiv.org/html/2402.04249v2 (Mazeika et al., HarmBench, Feb 2024, App. Tables 6-7); paper self-reported"
Qwen 14B Chat,PAIR,72.8,test_contextual,"https://arxiv.org/html/2402.04249v2 (Mazeika et al., HarmBench, Feb 2024, App. Tables 6-7); paper self-reported"
Qwen 14B Chat,TAP,67.9,test_contextual,"https://arxiv.org/html/2402.04249v2 (Mazeika et al., HarmBench, Feb 2024, App. Tables 6-7); paper self-reported"
Qwen 14B Chat,TAP-T,77.5,test_contextual,"https://arxiv.org/html/2402.04249v2 (Mazeika et al., HarmBench, Feb 2024, App. Tables 6-7); paper self-reported"
Qwen 14B Chat,AutoDAN,72.8,test_contextual,"https://arxiv.org/html/2402.04249v2 (Mazeika et al., HarmBench, Feb 2024, App. Tables 6-7); paper self-reported"
Qwen 14B Chat,PAP-top5,22.8,test_contextual,"https://arxiv.org/html/2402.04249v2 (Mazeika et al., HarmBench, Feb 2024, App. Tables 6-7); paper self-reported"
Qwen 14B Chat,Human,48.0,test_contextual,"https://arxiv.org/html/2402.04249v2 (Mazeika et al., HarmBench, Feb 2024, App. Tables 6-7); paper self-reported"
Qwen 14B Chat,DR,38.3,test_contextual,"https://arxiv.org/html/2402.04249v2 (Mazeika et al., HarmBench, Feb 2024, App. Tables 6-7); paper self-reported"
Qwen 72B Chat,GCG-T,55.0,test_contextual,"https://arxiv.org/html/2402.04249v2 (Mazeika et al., HarmBench, Feb 2024, App. Tables 6-7); paper self-reported"
Qwen 72B Chat,SFS,45.7,test_contextual,"https://arxiv.org/html/2402.04249v2 (Mazeika et al., HarmBench, Feb 2024, App. Tables 6-7); paper self-reported"
Qwen 72B Chat,ZS,33.8,test_contextual,"https://arxiv.org/html/2402.04249v2 (Mazeika et al., HarmBench, Feb 2024, App. Tables 6-7); paper self-reported"
Qwen 72B Chat,PAIR,58.0,test_contextual,"https://arxiv.org/html/2402.04249v2 (Mazeika et al., HarmBench, Feb 2024, App. Tables 6-7); paper self-reported"
Qwen 72B Chat,TAP,54.3,test_contextual,"https://arxiv.org/html/2402.04249v2 (Mazeika et al., HarmBench, Feb 2024, App. Tables 6-7); paper self-reported"
Qwen 72B Chat,TAP-T,75.0,test_contextual,"https://arxiv.org/html/2402.04249v2 (Mazeika et al., HarmBench, Feb 2024, App. Tables 6-7); paper self-reported"
Qwen 72B Chat,AutoDAN,74.1,test_contextual,"https://arxiv.org/html/2402.04249v2 (Mazeika et al., HarmBench, Feb 2024, App. Tables 6-7); paper self-reported"
Qwen 72B Chat,PAP-top5,31.5,test_contextual,"https://arxiv.org/html/2402.04249v2 (Mazeika et al., HarmBench, Feb 2024, App. Tables 6-7); paper self-reported"
Qwen 72B Chat,Human,52.3,test_contextual,"https://arxiv.org/html/2402.04249v2 (Mazeika et al., HarmBench, Feb 2024, App. Tables 6-7); paper self-reported"
Qwen 72B Chat,DR,28.4,test_contextual,"https://arxiv.org/html/2402.04249v2 (Mazeika et al., HarmBench, Feb 2024, App. Tables 6-7); paper self-reported"
Koala 7B,GCG,77.8,test_contextual,"https://arxiv.org/html/2402.04249v2 (Mazeika et al., HarmBench, Feb 2024, App. Tables 6-7); paper self-reported"
Koala 7B,GCG-M,60.6,test_contextual,"https://arxiv.org/html/2402.04249v2 (Mazeika et al., HarmBench, Feb 2024, App. Tables 6-7); paper self-reported"
Koala 7B,GCG-T,54.2,test_contextual,"https://arxiv.org/html/2402.04249v2 (Mazeika et al., HarmBench, Feb 2024, App. Tables 6-7); paper self-reported"
Koala 7B,PEZ,47.4,test_contextual,"https://arxiv.org/html/2402.04249v2 (Mazeika et al., HarmBench, Feb 2024, App. Tables 6-7); paper self-reported"
Koala 7B,GBDA,57.3,test_contextual,"https://arxiv.org/html/2402.04249v2 (Mazeika et al., HarmBench, Feb 2024, App. Tables 6-7); paper self-reported"
Koala 7B,UAT,55.6,test_contextual,"https://arxiv.org/html/2402.04249v2 (Mazeika et al., HarmBench, Feb 2024, App. Tables 6-7); paper self-reported"
Koala 7B,AP,65.4,test_contextual,"https://arxiv.org/html/2402.04249v2 (Mazeika et al., HarmBench, Feb 2024, App. Tables 6-7); paper self-reported"
Koala 7B,SFS,50.6,test_contextual,"https://arxiv.org/html/2402.04249v2 (Mazeika et al., HarmBench, Feb 2024, App. Tables 6-7); paper self-reported"
Koala 7B,ZS,56.5,test_contextual,"https://arxiv.org/html/2402.04249v2 (Mazeika et al., HarmBench, Feb 2024, App. Tables 6-7); paper self-reported"
Koala 7B,PAIR,69.1,test_contextual,"https://arxiv.org/html/2402.04249v2 (Mazeika et al., HarmBench, Feb 2024, App. Tables 6-7); paper self-reported"
Koala 7B,TAP,76.5,test_contextual,"https://arxiv.org/html/2402.04249v2 (Mazeika et al., HarmBench, Feb 2024, App. Tables 6-7); paper self-reported"
Koala 7B,TAP-T,78.8,test_contextual,"https://arxiv.org/html/2402.04249v2 (Mazeika et al., HarmBench, Feb 2024, App. Tables 6-7); paper self-reported"
Koala 7B,AutoDAN,51.9,test_contextual,"https://arxiv.org/html/2402.04249v2 (Mazeika et al., HarmBench, Feb 2024, App. Tables 6-7); paper self-reported"
Koala 7B,PAP-top5,39.3,test_contextual,"https://arxiv.org/html/2402.04249v2 (Mazeika et al., HarmBench, Feb 2024, App. Tables 6-7); paper self-reported"
Koala 7B,Human,43.3,test_contextual,"https://arxiv.org/html/2402.04249v2 (Mazeika et al., HarmBench, Feb 2024, App. Tables 6-7); paper self-reported"
Koala 7B,DR,55.6,test_contextual,"https://arxiv.org/html/2402.04249v2 (Mazeika et al., HarmBench, Feb 2024, App. Tables 6-7); paper self-reported"
Koala 13B,GCG,82.7,test_contextual,"https://arxiv.org/html/2402.04249v2 (Mazeika et al., HarmBench, Feb 2024, App. Tables 6-7); paper self-reported"
Koala 13B,GCG-M,70.7,test_contextual,"https://arxiv.org/html/2402.04249v2 (Mazeika et al., HarmBench, Feb 2024, App. Tables 6-7); paper self-reported"
Koala 13B,GCG-T,69.6,test_contextual,"https://arxiv.org/html/2402.04249v2 (Mazeika et al., HarmBench, Feb 2024, App. Tables 6-7); paper self-reported"
Koala 13B,PEZ,61.2,test_contextual,"https://arxiv.org/html/2402.04249v2 (Mazeika et al., HarmBench, Feb 2024, App. Tables 6-7); paper self-reported"
Koala 13B,GBDA,66.7,test_contextual,"https://arxiv.org/html/2402.04249v2 (Mazeika et al., HarmBench, Feb 2024, App. Tables 6-7); paper self-reported"
Koala 13B,UAT,66.7,test_contextual,"https://arxiv.org/html/2402.04249v2 (Mazeika et al., HarmBench, Feb 2024, App. Tables 6-7); paper self-reported"
Koala 13B,AP,75.3,test_contextual,"https://arxiv.org/html/2402.04249v2 (Mazeika et al., HarmBench, Feb 2024, App. Tables 6-7); paper self-reported"
Koala 13B,SFS,61.7,test_contextual,"https://arxiv.org/html/2402.04249v2 (Mazeika et al., HarmBench, Feb 2024, App. Tables 6-7); paper self-reported"
Koala 13B,ZS,55.1,test_contextual,"https://arxiv.org/html/2402.04249v2 (Mazeika et al., HarmBench, Feb 2024, App. Tables 6-7); paper self-reported"
Koala 13B,PAIR,70.4,test_contextual,"https://arxiv.org/html/2402.04249v2 (Mazeika et al., HarmBench, Feb 2024, App. Tables 6-7); paper self-reported"
Koala 13B,TAP,80.2,test_contextual,"https://arxiv.org/html/2402.04249v2 (Mazeika et al., HarmBench, Feb 2024, App. Tables 6-7); paper self-reported"
Koala 13B,TAP-T,82.5,test_contextual,"https://arxiv.org/html/2402.04249v2 (Mazeika et al., HarmBench, Feb 2024, App. Tables 6-7); paper self-reported"
Koala 13B,AutoDAN,91.4,test_contextual,"https://arxiv.org/html/2402.04249v2 (Mazeika et al., HarmBench, Feb 2024, App. Tables 6-7); paper self-reported"
Koala 13B,PAP-top5,33.5,test_contextual,"https://arxiv.org/html/2402.04249v2 (Mazeika et al., HarmBench, Feb 2024, App. Tables 6-7); paper self-reported"
Koala 13B,Human,45.8,test_contextual,"https://arxiv.org/html/2402.04249v2 (Mazeika et al., HarmBench, Feb 2024, App. Tables 6-7); paper self-reported"
Koala 13B,DR,48.1,test_contextual,"https://arxiv.org/html/2402.04249v2 (Mazeika et al., HarmBench, Feb 2024, App. Tables 6-7); paper self-reported"
Orca 2 7B,GCG,65.4,test_contextual,"https://arxiv.org/html/2402.04249v2 (Mazeika et al., HarmBench, Feb 2024, App. Tables 6-7); paper self-reported"
Orca 2 7B,GCG-M,62.7,test_contextual,"https://arxiv.org/html/2402.04249v2 (Mazeika et al., HarmBench, Feb 2024, App. Tables 6-7); paper self-reported"
Orca 2 7B,GCG-T,76.3,test_contextual,"https://arxiv.org/html/2402.04249v2 (Mazeika et al., HarmBench, Feb 2024, App. Tables 6-7); paper self-reported"
Orca 2 7B,PEZ,58.0,test_contextual,"https://arxiv.org/html/2402.04249v2 (Mazeika et al., HarmBench, Feb 2024, App. Tables 6-7); paper self-reported"
Orca 2 7B,GBDA,63.5,test_contextual,"https://arxiv.org/html/2402.04249v2 (Mazeika et al., HarmBench, Feb 2024, App. Tables 6-7); paper self-reported"
Orca 2 7B,UAT,60.5,test_contextual,"https://arxiv.org/html/2402.04249v2 (Mazeika et al., HarmBench, Feb 2024, App. Tables 6-7); paper self-reported"
Orca 2 7B,AP,56.8,test_contextual,"https://arxiv.org/html/2402.04249v2 (Mazeika et al., HarmBench, Feb 2024, App. Tables 6-7); paper self-reported"
Orca 2 7B,SFS,59.3,test_contextual,"https://arxiv.org/html/2402.04249v2 (Mazeika et al., HarmBench, Feb 2024, App. Tables 6-7); paper self-reported"
Orca 2 7B,ZS,62.2,test_contextual,"https://arxiv.org/html/2402.04249v2 (Mazeika et al., HarmBench, Feb 2024, App. Tables 6-7); paper self-reported"
Orca 2 7B,PAIR,88.9,test_contextual,"https://arxiv.org/html/2402.04249v2 (Mazeika et al., HarmBench, Feb 2024, App. Tables 6-7); paper self-reported"
Orca 2 7B,TAP,81.5,test_contextual,"https://arxiv.org/html/2402.04249v2 (Mazeika et al., HarmBench, Feb 2024, App. Tables 6-7); paper self-reported"
Orca 2 7B,TAP-T,91.3,test_contextual,"https://arxiv.org/html/2402.04249v2 (Mazeika et al., HarmBench, Feb 2024, App. Tables 6-7); paper self-reported"
Orca 2 7B,AutoDAN,87.7,test_contextual,"https://arxiv.org/html/2402.04249v2 (Mazeika et al., HarmBench, Feb 2024, App. Tables 6-7); paper self-reported"
Orca 2 7B,PAP-top5,40.5,test_contextual,"https://arxiv.org/html/2402.04249v2 (Mazeika et al., HarmBench, Feb 2024, App. Tables 6-7); paper self-reported"
Orca 2 7B,Human,53.5,test_contextual,"https://arxiv.org/html/2402.04249v2 (Mazeika et al., HarmBench, Feb 2024, App. Tables 6-7); paper self-reported"
Orca 2 7B,DR,72.8,test_contextual,"https://arxiv.org/html/2402.04249v2 (Mazeika et al., HarmBench, Feb 2024, App. Tables 6-7); paper self-reported"
Orca 2 13B,GCG,81.5,test_contextual,"https://arxiv.org/html/2402.04249v2 (Mazeika et al., HarmBench, Feb 2024, App. Tables 6-7); paper self-reported"
Orca 2 13B,GCG-M,62.4,test_contextual,"https://arxiv.org/html/2402.04249v2 (Mazeika et al., HarmBench, Feb 2024, App. Tables 6-7); paper self-reported"
Orca 2 13B,GCG-T,80.6,test_contextual,"https://arxiv.org/html/2402.04249v2 (Mazeika et al., HarmBench, Feb 2024, App. Tables 6-7); paper self-reported"
Orca 2 13B,PEZ,70.4,test_contextual,"https://arxiv.org/html/2402.04249v2 (Mazeika et al., HarmBench, Feb 2024, App. Tables 6-7); paper self-reported"
Orca 2 13B,GBDA,68.4,test_contextual,"https://arxiv.org/html/2402.04249v2 (Mazeika et al., HarmBench, Feb 2024, App. Tables 6-7); paper self-reported"
Orca 2 13B,UAT,72.8,test_contextual,"https://arxiv.org/html/2402.04249v2 (Mazeika et al., HarmBench, Feb 2024, App. Tables 6-7); paper self-reported"
Orca 2 13B,AP,61.7,test_contextual,"https://arxiv.org/html/2402.04249v2 (Mazeika et al., HarmBench, Feb 2024, App. Tables 6-7); paper self-reported"
Orca 2 13B,SFS,75.3,test_contextual,"https://arxiv.org/html/2402.04249v2 (Mazeika et al., HarmBench, Feb 2024, App. Tables 6-7); paper self-reported"
Orca 2 13B,ZS,66.4,test_contextual,"https://arxiv.org/html/2402.04249v2 (Mazeika et al., HarmBench, Feb 2024, App. Tables 6-7); paper self-reported"
Orca 2 13B,PAIR,80.2,test_contextual,"https://arxiv.org/html/2402.04249v2 (Mazeika et al., HarmBench, Feb 2024, App. Tables 6-7); paper self-reported"
Orca 2 13B,TAP,82.7,test_contextual,"https://arxiv.org/html/2402.04249v2 (Mazeika et al., HarmBench, Feb 2024, App. Tables 6-7); paper self-reported"
Orca 2 13B,TAP-T,93.8,test_contextual,"https://arxiv.org/html/2402.04249v2 (Mazeika et al., HarmBench, Feb 2024, App. Tables 6-7); paper self-reported"
Orca 2 13B,AutoDAN,87.7,test_contextual,"https://arxiv.org/html/2402.04249v2 (Mazeika et al., HarmBench, Feb 2024, App. Tables 6-7); paper self-reported"
Orca 2 13B,PAP-top5,44.8,test_contextual,"https://arxiv.org/html/2402.04249v2 (Mazeika et al., HarmBench, Feb 2024, App. Tables 6-7); paper self-reported"
Orca 2 13B,Human,60.8,test_contextual,"https://arxiv.org/html/2402.04249v2 (Mazeika et al., HarmBench, Feb 2024, App. Tables 6-7); paper self-reported"
Orca 2 13B,DR,85.2,test_contextual,"https://arxiv.org/html/2402.04249v2 (Mazeika et al., HarmBench, Feb 2024, App. Tables 6-7); paper self-reported"
SOLAR 10.7B-Instruct,GCG,70.4,test_contextual,"https://arxiv.org/html/2402.04249v2 (Mazeika et al., HarmBench, Feb 2024, App. Tables 6-7); paper self-reported"
SOLAR 10.7B-Instruct,GCG-M,83.0,test_contextual,"https://arxiv.org/html/2402.04249v2 (Mazeika et al., HarmBench, Feb 2024, App. Tables 6-7); paper self-reported"
SOLAR 10.7B-Instruct,GCG-T,80.7,test_contextual,"https://arxiv.org/html/2402.04249v2 (Mazeika et al., HarmBench, Feb 2024, App. Tables 6-7); paper self-reported"
SOLAR 10.7B-Instruct,PEZ,82.7,test_contextual,"https://arxiv.org/html/2402.04249v2 (Mazeika et al., HarmBench, Feb 2024, App. Tables 6-7); paper self-reported"
SOLAR 10.7B-Instruct,GBDA,81.0,test_contextual,"https://arxiv.org/html/2402.04249v2 (Mazeika et al., HarmBench, Feb 2024, App. Tables 6-7); paper self-reported"
SOLAR 10.7B-Instruct,UAT,76.5,test_contextual,"https://arxiv.org/html/2402.04249v2 (Mazeika et al., HarmBench, Feb 2024, App. Tables 6-7); paper self-reported"
SOLAR 10.7B-Instruct,AP,63.0,test_contextual,"https://arxiv.org/html/2402.04249v2 (Mazeika et al., HarmBench, Feb 2024, App. Tables 6-7); paper self-reported"
SOLAR 10.7B-Instruct,SFS,70.4,test_contextual,"https://arxiv.org/html/2402.04249v2 (Mazeika et al., HarmBench, Feb 2024, App. Tables 6-7); paper self-reported"
SOLAR 10.7B-Instruct,ZS,69.9,test_contextual,"https://arxiv.org/html/2402.04249v2 (Mazeika et al., HarmBench, Feb 2024, App. Tables 6-7); paper self-reported"
SOLAR 10.7B-Instruct,PAIR,77.8,test_contextual,"https://arxiv.org/html/2402.04249v2 (Mazeika et al., HarmBench, Feb 2024, App. Tables 6-7); paper self-reported"
SOLAR 10.7B-Instruct,TAP,92.6,test_contextual,"https://arxiv.org/html/2402.04249v2 (Mazeika et al., HarmBench, Feb 2024, App. Tables 6-7); paper self-reported"
SOLAR 10.7B-Instruct,TAP-T,93.8,test_contextual,"https://arxiv.org/html/2402.04249v2 (Mazeika et al., HarmBench, Feb 2024, App. Tables 6-7); paper self-reported"
SOLAR 10.7B-Instruct,AutoDAN,96.3,test_contextual,"https://arxiv.org/html/2402.04249v2 (Mazeika et al., HarmBench, Feb 2024, App. Tables 6-7); paper self-reported"
SOLAR 10.7B-Instruct,PAP-top5,54.8,test_contextual,"https://arxiv.org/html/2402.04249v2 (Mazeika et al., HarmBench, Feb 2024, App. Tables 6-7); paper self-reported"
SOLAR 10.7B-Instruct,Human,84.8,test_contextual,"https://arxiv.org/html/2402.04249v2 (Mazeika et al., HarmBench, Feb 2024, App. Tables 6-7); paper self-reported"
SOLAR 10.7B-Instruct,DR,82.7,test_contextual,"https://arxiv.org/html/2402.04249v2 (Mazeika et al., HarmBench, Feb 2024, App. Tables 6-7); paper self-reported"
Mistral 7B,GCG,95.1,test_contextual,"https://arxiv.org/html/2402.04249v2 (Mazeika et al., HarmBench, Feb 2024, App. Tables 6-7); paper self-reported"
Mistral 7B,GCG-M,85.2,test_contextual,"https://arxiv.org/html/2402.04249v2 (Mazeika et al., HarmBench, Feb 2024, App. Tables 6-7); paper self-reported"
Mistral 7B,GCG-T,89.4,test_contextual,"https://arxiv.org/html/2402.04249v2 (Mazeika et al., HarmBench, Feb 2024, App. Tables 6-7); paper self-reported"
Mistral 7B,PEZ,84.9,test_contextual,"https://arxiv.org/html/2402.04249v2 (Mazeika et al., HarmBench, Feb 2024, App. Tables 6-7); paper self-reported"
Mistral 7B,GBDA,81.7,test_contextual,"https://arxiv.org/html/2402.04249v2 (Mazeika et al., HarmBench, Feb 2024, App. Tables 6-7); paper self-reported"
Mistral 7B,UAT,84.0,test_contextual,"https://arxiv.org/html/2402.04249v2 (Mazeika et al., HarmBench, Feb 2024, App. Tables 6-7); paper self-reported"
Mistral 7B,AP,82.7,test_contextual,"https://arxiv.org/html/2402.04249v2 (Mazeika et al., HarmBench, Feb 2024, App. Tables 6-7); paper self-reported"
Mistral 7B,SFS,72.8,test_contextual,"https://arxiv.org/html/2402.04249v2 (Mazeika et al., HarmBench, Feb 2024, App. Tables 6-7); paper self-reported"
Mistral 7B,ZS,65.7,test_contextual,"https://arxiv.org/html/2402.04249v2 (Mazeika et al., HarmBench, Feb 2024, App. Tables 6-7); paper self-reported"
Mistral 7B,PAIR,82.7,test_contextual,"https://arxiv.org/html/2402.04249v2 (Mazeika et al., HarmBench, Feb 2024, App. Tables 6-7); paper self-reported"
Mistral 7B,TAP,87.7,test_contextual,"https://arxiv.org/html/2402.04249v2 (Mazeika et al., HarmBench, Feb 2024, App. Tables 6-7); paper self-reported"
Mistral 7B,TAP-T,92.5,test_contextual,"https://arxiv.org/html/2402.04249v2 (Mazeika et al., HarmBench, Feb 2024, App. Tables 6-7); paper self-reported"
Mistral 7B,AutoDAN,95.1,test_contextual,"https://arxiv.org/html/2402.04249v2 (Mazeika et al., HarmBench, Feb 2024, App. Tables 6-7); paper self-reported"
Mistral 7B,PAP-top5,52.0,test_contextual,"https://arxiv.org/html/2402.04249v2 (Mazeika et al., HarmBench, Feb 2024, App. Tables 6-7); paper self-reported"
Mistral 7B,Human,88.3,test_contextual,"https://arxiv.org/html/2402.04249v2 (Mazeika et al., HarmBench, Feb 2024, App. Tables 6-7); paper self-reported"
Mistral 7B,DR,86.4,test_contextual,"https://arxiv.org/html/2402.04249v2 (Mazeika et al., HarmBench, Feb 2024, App. Tables 6-7); paper self-reported"
Mixtral 8x7B,GCG-T,84.3,test_contextual,"https://arxiv.org/html/2402.04249v2 (Mazeika et al., HarmBench, Feb 2024, App. Tables 6-7); paper self-reported"
Mixtral 8x7B,SFS,76.5,test_contextual,"https://arxiv.org/html/2402.04249v2 (Mazeika et al., HarmBench, Feb 2024, App. Tables 6-7); paper self-reported"
Mixtral 8x7B,ZS,66.4,test_contextual,"https://arxiv.org/html/2402.04249v2 (Mazeika et al., HarmBench, Feb 2024, App. Tables 6-7); paper self-reported"
Mixtral 8x7B,PAIR,78.8,test_contextual,"https://arxiv.org/html/2402.04249v2 (Mazeika et al., HarmBench, Feb 2024, App. Tables 6-7); paper self-reported"
Mixtral 8x7B,TAP,82.5,test_contextual,"https://arxiv.org/html/2402.04249v2 (Mazeika et al., HarmBench, Feb 2024, App. Tables 6-7); paper self-reported"
Mixtral 8x7B,TAP-T,93.8,test_contextual,"https://arxiv.org/html/2402.04249v2 (Mazeika et al., HarmBench, Feb 2024, App. Tables 6-7); paper self-reported"
Mixtral 8x7B,AutoDAN,90.1,test_contextual,"https://arxiv.org/html/2402.04249v2 (Mazeika et al., HarmBench, Feb 2024, App. Tables 6-7); paper self-reported"
Mixtral 8x7B,PAP-top5,48.8,test_contextual,"https://arxiv.org/html/2402.04249v2 (Mazeika et al., HarmBench, Feb 2024, App. Tables 6-7); paper self-reported"
Mixtral 8x7B,Human,74.5,test_contextual,"https://arxiv.org/html/2402.04249v2 (Mazeika et al., HarmBench, Feb 2024, App. Tables 6-7); paper self-reported"
Mixtral 8x7B,DR,81.5,test_contextual,"https://arxiv.org/html/2402.04249v2 (Mazeika et al., HarmBench, Feb 2024, App. Tables 6-7); paper self-reported"
OpenChat 3.5 1210,GCG,87.7,test_contextual,"https://arxiv.org/html/2402.04249v2 (Mazeika et al., HarmBench, Feb 2024, App. Tables 6-7); paper self-reported"
OpenChat 3.5 1210,GCG-M,71.5,test_contextual,"https://arxiv.org/html/2402.04249v2 (Mazeika et al., HarmBench, Feb 2024, App. Tables 6-7); paper self-reported"
OpenChat 3.5 1210,GCG-T,68.5,test_contextual,"https://arxiv.org/html/2402.04249v2 (Mazeika et al., HarmBench, Feb 2024, App. Tables 6-7); paper self-reported"
OpenChat 3.5 1210,PEZ,62.7,test_contextual,"https://arxiv.org/html/2402.04249v2 (Mazeika et al., HarmBench, Feb 2024, App. Tables 6-7); paper self-reported"
OpenChat 3.5 1210,GBDA,62.0,test_contextual,"https://arxiv.org/html/2402.04249v2 (Mazeika et al., HarmBench, Feb 2024, App. Tables 6-7); paper self-reported"
OpenChat 3.5 1210,UAT,67.9,test_contextual,"https://arxiv.org/html/2402.04249v2 (Mazeika et al., HarmBench, Feb 2024, App. Tables 6-7); paper self-reported"
OpenChat 3.5 1210,AP,71.6,test_contextual,"https://arxiv.org/html/2402.04249v2 (Mazeika et al., HarmBench, Feb 2024, App. Tables 6-7); paper self-reported"
OpenChat 3.5 1210,SFS,72.8,test_contextual,"https://arxiv.org/html/2402.04249v2 (Mazeika et al., HarmBench, Feb 2024, App. Tables 6-7); paper self-reported"
OpenChat 3.5 1210,ZS,70.1,test_contextual,"https://arxiv.org/html/2402.04249v2 (Mazeika et al., HarmBench, Feb 2024, App. Tables 6-7); paper self-reported"
OpenChat 3.5 1210,PAIR,77.8,test_contextual,"https://arxiv.org/html/2402.04249v2 (Mazeika et al., HarmBench, Feb 2024, App. Tables 6-7); paper self-reported"
OpenChat 3.5 1210,TAP,87.7,test_contextual,"https://arxiv.org/html/2402.04249v2 (Mazeika et al., HarmBench, Feb 2024, App. Tables 6-7); paper self-reported"
OpenChat 3.5 1210,TAP-T,91.3,test_contextual,"https://arxiv.org/html/2402.04249v2 (Mazeika et al., HarmBench, Feb 2024, App. Tables 6-7); paper self-reported"
OpenChat 3.5 1210,AutoDAN,95.1,test_contextual,"https://arxiv.org/html/2402.04249v2 (Mazeika et al., HarmBench, Feb 2024, App. Tables 6-7); paper self-reported"
OpenChat 3.5 1210,PAP-top5,47.5,test_contextual,"https://arxiv.org/html/2402.04249v2 (Mazeika et al., HarmBench, Feb 2024, App. Tables 6-7); paper self-reported"
OpenChat 3.5 1210,Human,72.5,test_contextual,"https://arxiv.org/html/2402.04249v2 (Mazeika et al., HarmBench, Feb 2024, App. Tables 6-7); paper self-reported"
OpenChat 3.5 1210,DR,75.3,test_contextual,"https://arxiv.org/html/2402.04249v2 (Mazeika et al., HarmBench, Feb 2024, App. Tables 6-7); paper self-reported"
Starling 7B,GCG,79.0,test_contextual,"https://arxiv.org/html/2402.04249v2 (Mazeika et al., HarmBench, Feb 2024, App. Tables 6-7); paper self-reported"
Starling 7B,GCG-M,78.3,test_contextual,"https://arxiv.org/html/2402.04249v2 (Mazeika et al., HarmBench, Feb 2024, App. Tables 6-7); paper self-reported"
Starling 7B,GCG-T,78.5,test_contextual,"https://arxiv.org/html/2402.04249v2 (Mazeika et al., HarmBench, Feb 2024, App. Tables 6-7); paper self-reported"
Starling 7B,PEZ,77.5,test_contextual,"https://arxiv.org/html/2402.04249v2 (Mazeika et al., HarmBench, Feb 2024, App. Tables 6-7); paper self-reported"
Starling 7B,GBDA,78.8,test_contextual,"https://arxiv.org/html/2402.04249v2 (Mazeika et al., HarmBench, Feb 2024, App. Tables 6-7); paper self-reported"
Starling 7B,UAT,82.7,test_contextual,"https://arxiv.org/html/2402.04249v2 (Mazeika et al., HarmBench, Feb 2024, App. Tables 6-7); paper self-reported"
Starling 7B,AP,81.5,test_contextual,"https://arxiv.org/html/2402.04249v2 (Mazeika et al., HarmBench, Feb 2024, App. Tables 6-7); paper self-reported"
Starling 7B,SFS,82.7,test_contextual,"https://arxiv.org/html/2402.04249v2 (Mazeika et al., HarmBench, Feb 2024, App. Tables 6-7); paper self-reported"
Starling 7B,ZS,72.6,test_contextual,"https://arxiv.org/html/2402.04249v2 (Mazeika et al., HarmBench, Feb 2024, App. Tables 6-7); paper self-reported"
Starling 7B,PAIR,82.5,test_contextual,"https://arxiv.org/html/2402.04249v2 (Mazeika et al., HarmBench, Feb 2024, App. Tables 6-7); paper self-reported"
Starling 7B,TAP,91.4,test_contextual,"https://arxiv.org/html/2402.04249v2 (Mazeika et al., HarmBench, Feb 2024, App. Tables 6-7); paper self-reported"
Starling 7B,TAP-T,91.3,test_contextual,"https://arxiv.org/html/2402.04249v2 (Mazeika et al., HarmBench, Feb 2024, App. Tables 6-7); paper self-reported"
Starling 7B,AutoDAN,96.3,test_contextual,"https://arxiv.org/html/2402.04249v2 (Mazeika et al., HarmBench, Feb 2024, App. Tables 6-7); paper self-reported"
Starling 7B,PAP-top5,61.3,test_contextual,"https://arxiv.org/html/2402.04249v2 (Mazeika et al., HarmBench, Feb 2024, App. Tables 6-7); paper self-reported"
Starling 7B,Human,81.0,test_contextual,"https://arxiv.org/html/2402.04249v2 (Mazeika et al., HarmBench, Feb 2024, App. Tables 6-7); paper self-reported"
Starling 7B,DR,87.7,test_contextual,"https://arxiv.org/html/2402.04249v2 (Mazeika et al., HarmBench, Feb 2024, App. Tables 6-7); paper self-reported"
Zephyr 7B,GCG,91.4,test_contextual,"https://arxiv.org/html/2402.04249v2 (Mazeika et al., HarmBench, Feb 2024, App. Tables 6-7); paper self-reported"
Zephyr 7B,GCG-M,77.7,test_contextual,"https://arxiv.org/html/2402.04249v2 (Mazeika et al., HarmBench, Feb 2024, App. Tables 6-7); paper self-reported"
Zephyr 7B,GCG-T,80.7,test_contextual,"https://arxiv.org/html/2402.04249v2 (Mazeika et al., HarmBench, Feb 2024, App. Tables 6-7); paper self-reported"
Zephyr 7B,PEZ,80.5,test_contextual,"https://arxiv.org/html/2402.04249v2 (Mazeika et al., HarmBench, Feb 2024, App. Tables 6-7); paper self-reported"
Zephyr 7B,GBDA,80.0,test_contextual,"https://arxiv.org/html/2402.04249v2 (Mazeika et al., HarmBench, Feb 2024, App. Tables 6-7); paper self-reported"
Zephyr 7B,UAT,75.3,test_contextual,"https://arxiv.org/html/2402.04249v2 (Mazeika et al., HarmBench, Feb 2024, App. Tables 6-7); paper self-reported"
Zephyr 7B,AP,72.8,test_contextual,"https://arxiv.org/html/2402.04249v2 (Mazeika et al., HarmBench, Feb 2024, App. Tables 6-7); paper self-reported"
Zephyr 7B,SFS,81.5,test_contextual,"https://arxiv.org/html/2402.04249v2 (Mazeika et al., HarmBench, Feb 2024, App. Tables 6-7); paper self-reported"
Zephyr 7B,ZS,70.6,test_contextual,"https://arxiv.org/html/2402.04249v2 (Mazeika et al., HarmBench, Feb 2024, App. Tables 6-7); paper self-reported"
Zephyr 7B,PAIR,86.4,test_contextual,"https://arxiv.org/html/2402.04249v2 (Mazeika et al., HarmBench, Feb 2024, App. Tables 6-7); paper self-reported"
Zephyr 7B,TAP,91.4,test_contextual,"https://arxiv.org/html/2402.04249v2 (Mazeika et al., HarmBench, Feb 2024, App. Tables 6-7); paper self-reported"
Zephyr 7B,TAP-T,95.0,test_contextual,"https://arxiv.org/html/2402.04249v2 (Mazeika et al., HarmBench, Feb 2024, App. Tables 6-7); paper self-reported"
Zephyr 7B,AutoDAN,97.5,test_contextual,"https://arxiv.org/html/2402.04249v2 (Mazeika et al., HarmBench, Feb 2024, App. Tables 6-7); paper self-reported"
Zephyr 7B,PAP-top5,59.8,test_contextual,"https://arxiv.org/html/2402.04249v2 (Mazeika et al., HarmBench, Feb 2024, App. Tables 6-7); paper self-reported"
Zephyr 7B,Human,89.8,test_contextual,"https://arxiv.org/html/2402.04249v2 (Mazeika et al., HarmBench, Feb 2024, App. Tables 6-7); paper self-reported"
Zephyr 7B,DR,87.7,test_contextual,"https://arxiv.org/html/2402.04249v2 (Mazeika et al., HarmBench, Feb 2024, App. Tables 6-7); paper self-reported"
R2D2 (Ours),GCG,23.5,test_contextual,"https://arxiv.org/html/2402.04249v2 (Mazeika et al., HarmBench, Feb 2024, App. Tables 6-7); paper self-reported"
R2D2 (Ours),GCG-M,19.3,test_contextual,"https://arxiv.org/html/2402.04249v2 (Mazeika et al., HarmBench, Feb 2024, App. Tables 6-7); paper self-reported"
R2D2 (Ours),GCG-T,0.0,test_contextual,"https://arxiv.org/html/2402.04249v2 (Mazeika et al., HarmBench, Feb 2024, App. Tables 6-7); paper self-reported"
R2D2 (Ours),PEZ,10.4,test_contextual,"https://arxiv.org/html/2402.04249v2 (Mazeika et al., HarmBench, Feb 2024, App. Tables 6-7); paper self-reported"
R2D2 (Ours),GBDA,0.7,test_contextual,"https://arxiv.org/html/2402.04249v2 (Mazeika et al., HarmBench, Feb 2024, App. Tables 6-7); paper self-reported"
R2D2 (Ours),UAT,0.0,test_contextual,"https://arxiv.org/html/2402.04249v2 (Mazeika et al., HarmBench, Feb 2024, App. Tables 6-7); paper self-reported"
R2D2 (Ours),AP,19.8,test_contextual,"https://arxiv.org/html/2402.04249v2 (Mazeika et al., HarmBench, Feb 2024, App. Tables 6-7); paper self-reported"
R2D2 (Ours),SFS,67.9,test_contextual,"https://arxiv.org/html/2402.04249v2 (Mazeika et al., HarmBench, Feb 2024, App. Tables 6-7); paper self-reported"
R2D2 (Ours),ZS,26.7,test_contextual,"https://arxiv.org/html/2402.04249v2 (Mazeika et al., HarmBench, Feb 2024, App. Tables 6-7); paper self-reported"
R2D2 (Ours),PAIR,65.4,test_contextual,"https://arxiv.org/html/2402.04249v2 (Mazeika et al., HarmBench, Feb 2024, App. Tables 6-7); paper self-reported"
R2D2 (Ours),TAP,76.5,test_contextual,"https://arxiv.org/html/2402.04249v2 (Mazeika et al., HarmBench, Feb 2024, App. Tables 6-7); paper self-reported"
R2D2 (Ours),TAP-T,77.5,test_contextual,"https://arxiv.org/html/2402.04249v2 (Mazeika et al., HarmBench, Feb 2024, App. Tables 6-7); paper self-reported"
R2D2 (Ours),AutoDAN,45.7,test_contextual,"https://arxiv.org/html/2402.04249v2 (Mazeika et al., HarmBench, Feb 2024, App. Tables 6-7); paper self-reported"
R2D2 (Ours),PAP-top5,46.0,test_contextual,"https://arxiv.org/html/2402.04249v2 (Mazeika et al., HarmBench, Feb 2024, App. Tables 6-7); paper self-reported"
R2D2 (Ours),Human,35.8,test_contextual,"https://arxiv.org/html/2402.04249v2 (Mazeika et al., HarmBench, Feb 2024, App. Tables 6-7); paper self-reported"
R2D2 (Ours),DR,50.6,test_contextual,"https://arxiv.org/html/2402.04249v2 (Mazeika et al., HarmBench, Feb 2024, App. Tables 6-7); paper self-reported"
GPT-3.5 Turbo 0613,GCG-T,56.8,test_contextual,"https://arxiv.org/html/2402.04249v2 (Mazeika et al., HarmBench, Feb 2024, App. Tables 6-7); paper self-reported"
GPT-3.5 Turbo 0613,ZS,43.2,test_contextual,"https://arxiv.org/html/2402.04249v2 (Mazeika et al., HarmBench, Feb 2024, App. Tables 6-7); paper self-reported"
GPT-3.5 Turbo 0613,PAIR,74.1,test_contextual,"https://arxiv.org/html/2402.04249v2 (Mazeika et al., HarmBench, Feb 2024, App. Tables 6-7); paper self-reported"
GPT-3.5 Turbo 0613,TAP,73.8,test_contextual,"https://arxiv.org/html/2402.04249v2 (Mazeika et al., HarmBench, Feb 2024, App. Tables 6-7); paper self-reported"
GPT-3.5 Turbo 0613,TAP-T,86.3,test_contextual,"https://arxiv.org/html/2402.04249v2 (Mazeika et al., HarmBench, Feb 2024, App. Tables 6-7); paper self-reported"
GPT-3.5 Turbo 0613,PAP-top5,26.3,test_contextual,"https://arxiv.org/html/2402.04249v2 (Mazeika et al., HarmBench, Feb 2024, App. Tables 6-7); paper self-reported"
GPT-3.5 Turbo 0613,Human,40.8,test_contextual,"https://arxiv.org/html/2402.04249v2 (Mazeika et al., HarmBench, Feb 2024, App. Tables 6-7); paper self-reported"
GPT-3.5 Turbo 0613,DR,45.7,test_contextual,"https://arxiv.org/html/2402.04249v2 (Mazeika et al., HarmBench, Feb 2024, App. Tables 6-7); paper self-reported"
GPT-3.5 Turbo 1106,GCG-T,54.3,test_contextual,"https://arxiv.org/html/2402.04249v2 (Mazeika et al., HarmBench, Feb 2024, App. Tables 6-7); paper self-reported"
GPT-3.5 Turbo 1106,ZS,46.9,test_contextual,"https://arxiv.org/html/2402.04249v2 (Mazeika et al., HarmBench, Feb 2024, App. Tables 6-7); paper self-reported"
GPT-3.5 Turbo 1106,PAIR,60.5,test_contextual,"https://arxiv.org/html/2402.04249v2 (Mazeika et al., HarmBench, Feb 2024, App. Tables 6-7); paper self-reported"
GPT-3.5 Turbo 1106,TAP,53.8,test_contextual,"https://arxiv.org/html/2402.04249v2 (Mazeika et al., HarmBench, Feb 2024, App. Tables 6-7); paper self-reported"
GPT-3.5 Turbo 1106,TAP-T,68.8,test_contextual,"https://arxiv.org/html/2402.04249v2 (Mazeika et al., HarmBench, Feb 2024, App. Tables 6-7); paper self-reported"
GPT-3.5 Turbo 1106,PAP-top5,21.3,test_contextual,"https://arxiv.org/html/2402.04249v2 (Mazeika et al., HarmBench, Feb 2024, App. Tables 6-7); paper self-reported"
GPT-3.5 Turbo 1106,Human,5.3,test_contextual,"https://arxiv.org/html/2402.04249v2 (Mazeika et al., HarmBench, Feb 2024, App. Tables 6-7); paper self-reported"
GPT-3.5 Turbo 1106,DR,61.7,test_contextual,"https://arxiv.org/html/2402.04249v2 (Mazeika et al., HarmBench, Feb 2024, App. Tables 6-7); paper self-reported"
GPT-4 0613,GCG-T,47.8,test_contextual,"https://arxiv.org/html/2402.04249v2 (Mazeika et al., HarmBench, Feb 2024, App. Tables 6-7); paper self-reported"
GPT-4 0613,ZS,41.2,test_contextual,"https://arxiv.org/html/2402.04249v2 (Mazeika et al., HarmBench, Feb 2024, App. Tables 6-7); paper self-reported"
GPT-4 0613,PAIR,67.9,test_contextual,"https://arxiv.org/html/2402.04249v2 (Mazeika et al., HarmBench, Feb 2024, App. Tables 6-7); paper self-reported"
GPT-4 0613,TAP,71.3,test_contextual,"https://arxiv.org/html/2402.04249v2 (Mazeika et al., HarmBench, Feb 2024, App. Tables 6-7); paper self-reported"
GPT-4 0613,TAP-T,77.5,test_contextual,"https://arxiv.org/html/2402.04249v2 (Mazeika et al., HarmBench, Feb 2024, App. Tables 6-7); paper self-reported"
GPT-4 0613,PAP-top5,29.5,test_contextual,"https://arxiv.org/html/2402.04249v2 (Mazeika et al., HarmBench, Feb 2024, App. Tables 6-7); paper self-reported"
GPT-4 0613,Human,33.0,test_contextual,"https://arxiv.org/html/2402.04249v2 (Mazeika et al., HarmBench, Feb 2024, App. Tables 6-7); paper self-reported"
GPT-4 0613,DR,51.9,test_contextual,"https://arxiv.org/html/2402.04249v2 (Mazeika et al., HarmBench, Feb 2024, App. Tables 6-7); paper self-reported"
GPT-4 Turbo 1106,GCG-T,41.0,test_contextual,"https://arxiv.org/html/2402.04249v2 (Mazeika et al., HarmBench, Feb 2024, App. Tables 6-7); paper self-reported"
GPT-4 Turbo 1106,ZS,30.6,test_contextual,"https://arxiv.org/html/2402.04249v2 (Mazeika et al., HarmBench, Feb 2024, App. Tables 6-7); paper self-reported"
GPT-4 Turbo 1106,PAIR,44.4,test_contextual,"https://arxiv.org/html/2402.04249v2 (Mazeika et al., HarmBench, Feb 2024, App. Tables 6-7); paper self-reported"
GPT-4 Turbo 1106,TAP,51.2,test_contextual,"https://arxiv.org/html/2402.04249v2 (Mazeika et al., HarmBench, Feb 2024, App. Tables 6-7); paper self-reported"
GPT-4 Turbo 1106,TAP-T,61.3,test_contextual,"https://arxiv.org/html/2402.04249v2 (Mazeika et al., HarmBench, Feb 2024, App. Tables 6-7); paper self-reported"
GPT-4 Turbo 1106,PAP-top5,20.8,test_contextual,"https://arxiv.org/html/2402.04249v2 (Mazeika et al., HarmBench, Feb 2024, App. Tables 6-7); paper self-reported"
GPT-4 Turbo 1106,Human,7.0,test_contextual,"https://arxiv.org/html/2402.04249v2 (Mazeika et al., HarmBench, Feb 2024, App. Tables 6-7); paper self-reported"
GPT-4 Turbo 1106,DR,21.0,test_contextual,"https://arxiv.org/html/2402.04249v2 (Mazeika et al., HarmBench, Feb 2024, App. Tables 6-7); paper self-reported"
Claude 1,GCG-T,25.8,test_contextual,"https://arxiv.org/html/2402.04249v2 (Mazeika et al., HarmBench, Feb 2024, App. Tables 6-7); paper self-reported"
Claude 1,ZS,16.0,test_contextual,"https://arxiv.org/html/2402.04249v2 (Mazeika et al., HarmBench, Feb 2024, App. Tables 6-7); paper self-reported"
Claude 1,PAIR,13.6,test_contextual,"https://arxiv.org/html/2402.04249v2 (Mazeika et al., HarmBench, Feb 2024, App. Tables 6-7); paper self-reported"
Claude 1,TAP,13.8,test_contextual,"https://arxiv.org/html/2402.04249v2 (Mazeika et al., HarmBench, Feb 2024, App. Tables 6-7); paper self-reported"
Claude 1,TAP-T,6.3,test_contextual,"https://arxiv.org/html/2402.04249v2 (Mazeika et al., HarmBench, Feb 2024, App. Tables 6-7); paper self-reported"
Claude 1,PAP-top5,4.5,test_contextual,"https://arxiv.org/html/2402.04249v2 (Mazeika et al., HarmBench, Feb 2024, App. Tables 6-7); paper self-reported"
Claude 1,Human,6.7,test_contextual,"https://arxiv.org/html/2402.04249v2 (Mazeika et al., HarmBench, Feb 2024, App. Tables 6-7); paper self-reported"
Claude 1,DR,17.3,test_contextual,"https://arxiv.org/html/2402.04249v2 (Mazeika et al., HarmBench, Feb 2024, App. Tables 6-7); paper self-reported"
Claude 2,GCG-T,6.0,test_contextual,"https://arxiv.org/html/2402.04249v2 (Mazeika et al., HarmBench, Feb 2024, App. Tables 6-7); paper self-reported"
Claude 2,ZS,9.4,test_contextual,"https://arxiv.org/html/2402.04249v2 (Mazeika et al., HarmBench, Feb 2024, App. Tables 6-7); paper self-reported"
Claude 2,PAIR,6.2,test_contextual,"https://arxiv.org/html/2402.04249v2 (Mazeika et al., HarmBench, Feb 2024, App. Tables 6-7); paper self-reported"
Claude 2,TAP,2.5,test_contextual,"https://arxiv.org/html/2402.04249v2 (Mazeika et al., HarmBench, Feb 2024, App. Tables 6-7); paper self-reported"
Claude 2,TAP-T,0.0,test_contextual,"https://arxiv.org/html/2402.04249v2 (Mazeika et al., HarmBench, Feb 2024, App. Tables 6-7); paper self-reported"
Claude 2,PAP-top5,1.3,test_contextual,"https://arxiv.org/html/2402.04249v2 (Mazeika et al., HarmBench, Feb 2024, App. Tables 6-7); paper self-reported"
Claude 2,Human,0.0,test_contextual,"https://arxiv.org/html/2402.04249v2 (Mazeika et al., HarmBench, Feb 2024, App. Tables 6-7); paper self-reported"
Claude 2,DR,2.5,test_contextual,"https://arxiv.org/html/2402.04249v2 (Mazeika et al., HarmBench, Feb 2024, App. Tables 6-7); paper self-reported"
Claude 2.1,GCG-T,6.0,test_contextual,"https://arxiv.org/html/2402.04249v2 (Mazeika et al., HarmBench, Feb 2024, App. Tables 6-7); paper self-reported"
Claude 2.1,ZS,8.9,test_contextual,"https://arxiv.org/html/2402.04249v2 (Mazeika et al., HarmBench, Feb 2024, App. Tables 6-7); paper self-reported"
Claude 2.1,PAIR,2.5,test_contextual,"https://arxiv.org/html/2402.04249v2 (Mazeika et al., HarmBench, Feb 2024, App. Tables 6-7); paper self-reported"
Claude 2.1,TAP,5.0,test_contextual,"https://arxiv.org/html/2402.04249v2 (Mazeika et al., HarmBench, Feb 2024, App. Tables 6-7); paper self-reported"
Claude 2.1,TAP-T,0.0,test_contextual,"https://arxiv.org/html/2402.04249v2 (Mazeika et al., HarmBench, Feb 2024, App. Tables 6-7); paper self-reported"
Claude 2.1,PAP-top5,1.0,test_contextual,"https://arxiv.org/html/2402.04249v2 (Mazeika et al., HarmBench, Feb 2024, App. Tables 6-7); paper self-reported"
Claude 2.1,Human,0.0,test_contextual,"https://arxiv.org/html/2402.04249v2 (Mazeika et al., HarmBench, Feb 2024, App. Tables 6-7); paper self-reported"
Claude 2.1,DR,2.5,test_contextual,"https://arxiv.org/html/2402.04249v2 (Mazeika et al., HarmBench, Feb 2024, App. Tables 6-7); paper self-reported"
Gemini Pro,GCG-T,33.0,test_contextual,"https://arxiv.org/html/2402.04249v2 (Mazeika et al., HarmBench, Feb 2024, App. Tables 6-7); paper self-reported"
Gemini Pro,ZS,21.7,test_contextual,"https://arxiv.org/html/2402.04249v2 (Mazeika et al., HarmBench, Feb 2024, App. Tables 6-7); paper self-reported"
Gemini Pro,PAIR,54.8,test_contextual,"https://arxiv.org/html/2402.04249v2 (Mazeika et al., HarmBench, Feb 2024, App. Tables 6-7); paper self-reported"
Gemini Pro,TAP,59.7,test_contextual,"https://arxiv.org/html/2402.04249v2 (Mazeika et al., HarmBench, Feb 2024, App. Tables 6-7); paper self-reported"
Gemini Pro,TAP-T,52.5,test_contextual,"https://arxiv.org/html/2402.04249v2 (Mazeika et al., HarmBench, Feb 2024, App. Tables 6-7); paper self-reported"
Gemini Pro,PAP-top5,16.5,test_contextual,"https://arxiv.org/html/2402.04249v2 (Mazeika et al., HarmBench, Feb 2024, App. Tables 6-7); paper self-reported"
Gemini Pro,Human,20.3,test_contextual,"https://arxiv.org/html/2402.04249v2 (Mazeika et al., HarmBench, Feb 2024, App. Tables 6-7); paper self-reported"
Gemini Pro,DR,28.4,test_contextual,"https://arxiv.org/html/2402.04249v2 (Mazeika et al., HarmBench, Feb 2024, App. Tables 6-7); paper self-reported"
Average (↑),GCG,75.4,test_contextual,"https://arxiv.org/html/2402.04249v2 (Mazeika et al., HarmBench, Feb 2024, App. Tables 6-7); paper self-reported"
Average (↑),GCG-M,59.5,test_contextual,"https://arxiv.org/html/2402.04249v2 (Mazeika et al., HarmBench, Feb 2024, App. Tables 6-7); paper self-reported"
Average (↑),GCG-T,55.1,test_contextual,"https://arxiv.org/html/2402.04249v2 (Mazeika et al., HarmBench, Feb 2024, App. Tables 6-7); paper self-reported"
Average (↑),PEZ,47.4,test_contextual,"https://arxiv.org/html/2402.04249v2 (Mazeika et al., HarmBench, Feb 2024, App. Tables 6-7); paper self-reported"
Average (↑),GBDA,47.1,test_contextual,"https://arxiv.org/html/2402.04249v2 (Mazeika et al., HarmBench, Feb 2024, App. Tables 6-7); paper self-reported"
Average (↑),UAT,47.7,test_contextual,"https://arxiv.org/html/2402.04249v2 (Mazeika et al., HarmBench, Feb 2024, App. Tables 6-7); paper self-reported"
Average (↑),AP,60.0,test_contextual,"https://arxiv.org/html/2402.04249v2 (Mazeika et al., HarmBench, Feb 2024, App. Tables 6-7); paper self-reported"
Average (↑),SFS,56.3,test_contextual,"https://arxiv.org/html/2402.04249v2 (Mazeika et al., HarmBench, Feb 2024, App. Tables 6-7); paper self-reported"
Average (↑),ZS,42.9,test_contextual,"https://arxiv.org/html/2402.04249v2 (Mazeika et al., HarmBench, Feb 2024, App. Tables 6-7); paper self-reported"
Average (↑),PAIR,60.8,test_contextual,"https://arxiv.org/html/2402.04249v2 (Mazeika et al., HarmBench, Feb 2024, App. Tables 6-7); paper self-reported"
Average (↑),TAP,62.6,test_contextual,"https://arxiv.org/html/2402.04249v2 (Mazeika et al., HarmBench, Feb 2024, App. Tables 6-7); paper self-reported"
Average (↑),TAP-T,68.4,test_contextual,"https://arxiv.org/html/2402.04249v2 (Mazeika et al., HarmBench, Feb 2024, App. Tables 6-7); paper self-reported"
Average (↑),AutoDAN,69.1,test_contextual,"https://arxiv.org/html/2402.04249v2 (Mazeika et al., HarmBench, Feb 2024, App. Tables 6-7); paper self-reported"
Average (↑),PAP-top5,31.6,test_contextual,"https://arxiv.org/html/2402.04249v2 (Mazeika et al., HarmBench, Feb 2024, App. Tables 6-7); paper self-reported"
Average (↑),Human,41.9,test_contextual,"https://arxiv.org/html/2402.04249v2 (Mazeika et al., HarmBench, Feb 2024, App. Tables 6-7); paper self-reported"
Average (↑),DR,46.7,test_contextual,"https://arxiv.org/html/2402.04249v2 (Mazeika et al., HarmBench, Feb 2024, App. Tables 6-7); paper self-reported"
Llama 2 7B Chat,GCG,2.5,test_copyright,"https://arxiv.org/html/2402.04249v2 (Mazeika et al., HarmBench, Feb 2024, App. Tables 6-7); paper self-reported"
Llama 2 7B Chat,GCG-M,2.3,test_copyright,"https://arxiv.org/html/2402.04249v2 (Mazeika et al., HarmBench, Feb 2024, App. Tables 6-7); paper self-reported"
Llama 2 7B Chat,GCG-T,2.1,test_copyright,"https://arxiv.org/html/2402.04249v2 (Mazeika et al., HarmBench, Feb 2024, App. Tables 6-7); paper self-reported"
Llama 2 7B Chat,PEZ,0.0,test_copyright,"https://arxiv.org/html/2402.04249v2 (Mazeika et al., HarmBench, Feb 2024, App. Tables 6-7); paper self-reported"
Llama 2 7B Chat,GBDA,0.0,test_copyright,"https://arxiv.org/html/2402.04249v2 (Mazeika et al., HarmBench, Feb 2024, App. Tables 6-7); paper self-reported"
Llama 2 7B Chat,UAT,0.0,test_copyright,"https://arxiv.org/html/2402.04249v2 (Mazeika et al., HarmBench, Feb 2024, App. Tables 6-7); paper self-reported"
Llama 2 7B Chat,AP,2.5,test_copyright,"https://arxiv.org/html/2402.04249v2 (Mazeika et al., HarmBench, Feb 2024, App. Tables 6-7); paper self-reported"
Llama 2 7B Chat,SFS,2.5,test_copyright,"https://arxiv.org/html/2402.04249v2 (Mazeika et al., HarmBench, Feb 2024, App. Tables 6-7); paper self-reported"
Llama 2 7B Chat,ZS,0.3,test_copyright,"https://arxiv.org/html/2402.04249v2 (Mazeika et al., HarmBench, Feb 2024, App. Tables 6-7); paper self-reported"
Llama 2 7B Chat,PAIR,3.8,test_copyright,"https://arxiv.org/html/2402.04249v2 (Mazeika et al., HarmBench, Feb 2024, App. Tables 6-7); paper self-reported"
Llama 2 7B Chat,TAP,1.3,test_copyright,"https://arxiv.org/html/2402.04249v2 (Mazeika et al., HarmBench, Feb 2024, App. Tables 6-7); paper self-reported"
Llama 2 7B Chat,TAP-T,2.5,test_copyright,"https://arxiv.org/html/2402.04249v2 (Mazeika et al., HarmBench, Feb 2024, App. Tables 6-7); paper self-reported"
Llama 2 7B Chat,AutoDAN,0.0,test_copyright,"https://arxiv.org/html/2402.04249v2 (Mazeika et al., HarmBench, Feb 2024, App. Tables 6-7); paper self-reported"
Llama 2 7B Chat,PAP-top5,3.5,test_copyright,"https://arxiv.org/html/2402.04249v2 (Mazeika et al., HarmBench, Feb 2024, App. Tables 6-7); paper self-reported"
Llama 2 7B Chat,Human,0.0,test_copyright,"https://arxiv.org/html/2402.04249v2 (Mazeika et al., HarmBench, Feb 2024, App. Tables 6-7); paper self-reported"
Llama 2 7B Chat,DR,0.0,test_copyright,"https://arxiv.org/html/2402.04249v2 (Mazeika et al., HarmBench, Feb 2024, App. Tables 6-7); paper self-reported"
Llama 2 13B Chat,GCG,7.5,test_copyright,"https://arxiv.org/html/2402.04249v2 (Mazeika et al., HarmBench, Feb 2024, App. Tables 6-7); paper self-reported"
Llama 2 13B Chat,GCG-M,6.5,test_copyright,"https://arxiv.org/html/2402.04249v2 (Mazeika et al., HarmBench, Feb 2024, App. Tables 6-7); paper self-reported"
Llama 2 13B Chat,GCG-T,3.2,test_copyright,"https://arxiv.org/html/2402.04249v2 (Mazeika et al., HarmBench, Feb 2024, App. Tables 6-7); paper self-reported"
Llama 2 13B Chat,PEZ,1.3,test_copyright,"https://arxiv.org/html/2402.04249v2 (Mazeika et al., HarmBench, Feb 2024, App. Tables 6-7); paper self-reported"
Llama 2 13B Chat,GBDA,2.3,test_copyright,"https://arxiv.org/html/2402.04249v2 (Mazeika et al., HarmBench, Feb 2024, App. Tables 6-7); paper self-reported"
Llama 2 13B Chat,UAT,1.3,test_copyright,"https://arxiv.org/html/2402.04249v2 (Mazeika et al., HarmBench, Feb 2024, App. Tables 6-7); paper self-reported"
Llama 2 13B Chat,AP,5.0,test_copyright,"https://arxiv.org/html/2402.04249v2 (Mazeika et al., HarmBench, Feb 2024, App. Tables 6-7); paper self-reported"
Llama 2 13B Chat,SFS,6.3,test_copyright,"https://arxiv.org/html/2402.04249v2 (Mazeika et al., HarmBench, Feb 2024, App. Tables 6-7); paper self-reported"
Llama 2 13B Chat,ZS,2.5,test_copyright,"https://arxiv.org/html/2402.04249v2 (Mazeika et al., HarmBench, Feb 2024, App. Tables 6-7); paper self-reported"
Llama 2 13B Chat,PAIR,10.0,test_copyright,"https://arxiv.org/html/2402.04249v2 (Mazeika et al., HarmBench, Feb 2024, App. Tables 6-7); paper self-reported"
Llama 2 13B Chat,TAP,10.0,test_copyright,"https://arxiv.org/html/2402.04249v2 (Mazeika et al., HarmBench, Feb 2024, App. Tables 6-7); paper self-reported"
Llama 2 13B Chat,TAP-T,10.0,test_copyright,"https://arxiv.org/html/2402.04249v2 (Mazeika et al., HarmBench, Feb 2024, App. Tables 6-7); paper self-reported"
Llama 2 13B Chat,AutoDAN,0.0,test_copyright,"https://arxiv.org/html/2402.04249v2 (Mazeika et al., HarmBench, Feb 2024, App. Tables 6-7); paper self-reported"
Llama 2 13B Chat,PAP-top5,2.5,test_copyright,"https://arxiv.org/html/2402.04249v2 (Mazeika et al., HarmBench, Feb 2024, App. Tables 6-7); paper self-reported"
Llama 2 13B Chat,Human,1.8,test_copyright,"https://arxiv.org/html/2402.04249v2 (Mazeika et al., HarmBench, Feb 2024, App. Tables 6-7); paper self-reported"
Llama 2 13B Chat,DR,1.3,test_copyright,"https://arxiv.org/html/2402.04249v2 (Mazeika et al., HarmBench, Feb 2024, App. Tables 6-7); paper self-reported"
Llama 2 70B Chat,GCG,12.5,test_copyright,"https://arxiv.org/html/2402.04249v2 (Mazeika et al., HarmBench, Feb 2024, App. Tables 6-7); paper self-reported"
Llama 2 70B Chat,GCG-M,1.3,test_copyright,"https://arxiv.org/html/2402.04249v2 (Mazeika et al., HarmBench, Feb 2024, App. Tables 6-7); paper self-reported"
Llama 2 70B Chat,GCG-T,9.2,test_copyright,"https://arxiv.org/html/2402.04249v2 (Mazeika et al., HarmBench, Feb 2024, App. Tables 6-7); paper self-reported"
Llama 2 70B Chat,PEZ,1.3,test_copyright,"https://arxiv.org/html/2402.04249v2 (Mazeika et al., HarmBench, Feb 2024, App. Tables 6-7); paper self-reported"
Llama 2 70B Chat,GBDA,0.0,test_copyright,"https://arxiv.org/html/2402.04249v2 (Mazeika et al., HarmBench, Feb 2024, App. Tables 6-7); paper self-reported"
Llama 2 70B Chat,UAT,3.8,test_copyright,"https://arxiv.org/html/2402.04249v2 (Mazeika et al., HarmBench, Feb 2024, App. Tables 6-7); paper self-reported"
Llama 2 70B Chat,AP,12.5,test_copyright,"https://arxiv.org/html/2402.04249v2 (Mazeika et al., HarmBench, Feb 2024, App. Tables 6-7); paper self-reported"
Llama 2 70B Chat,SFS,10.0,test_copyright,"https://arxiv.org/html/2402.04249v2 (Mazeika et al., HarmBench, Feb 2024, App. Tables 6-7); paper self-reported"
Llama 2 70B Chat,ZS,0.0,test_copyright,"https://arxiv.org/html/2402.04249v2 (Mazeika et al., HarmBench, Feb 2024, App. Tables 6-7); paper self-reported"
Llama 2 70B Chat,PAIR,6.3,test_copyright,"https://arxiv.org/html/2402.04249v2 (Mazeika et al., HarmBench, Feb 2024, App. Tables 6-7); paper self-reported"
Llama 2 70B Chat,TAP,11.3,test_copyright,"https://arxiv.org/html/2402.04249v2 (Mazeika et al., HarmBench, Feb 2024, App. Tables 6-7); paper self-reported"
Llama 2 70B Chat,TAP-T,8.8,test_copyright,"https://arxiv.org/html/2402.04249v2 (Mazeika et al., HarmBench, Feb 2024, App. Tables 6-7); paper self-reported"
Llama 2 70B Chat,AutoDAN,3.8,test_copyright,"https://arxiv.org/html/2402.04249v2 (Mazeika et al., HarmBench, Feb 2024, App. Tables 6-7); paper self-reported"
Llama 2 70B Chat,PAP-top5,6.0,test_copyright,"https://arxiv.org/html/2402.04249v2 (Mazeika et al., HarmBench, Feb 2024, App. Tables 6-7); paper self-reported"
Llama 2 70B Chat,Human,2.8,test_copyright,"https://arxiv.org/html/2402.04249v2 (Mazeika et al., HarmBench, Feb 2024, App. Tables 6-7); paper self-reported"
Llama 2 70B Chat,DR,2.5,test_copyright,"https://arxiv.org/html/2402.04249v2 (Mazeika et al., HarmBench, Feb 2024, App. Tables 6-7); paper self-reported"
Vicuna 7B,GCG,1.3,test_copyright,"https://arxiv.org/html/2402.04249v2 (Mazeika et al., HarmBench, Feb 2024, App. Tables 6-7); paper self-reported"
Vicuna 7B,GCG-M,0.3,test_copyright,"https://arxiv.org/html/2402.04249v2 (Mazeika et al., HarmBench, Feb 2024, App. Tables 6-7); paper self-reported"
Vicuna 7B,GCG-T,1.3,test_copyright,"https://arxiv.org/html/2402.04249v2 (Mazeika et al., HarmBench, Feb 2024, App. Tables 6-7); paper self-reported"
Vicuna 7B,PEZ,1.0,test_copyright,"https://arxiv.org/html/2402.04249v2 (Mazeika et al., HarmBench, Feb 2024, App. Tables 6-7); paper self-reported"
Vicuna 7B,GBDA,0.8,test_copyright,"https://arxiv.org/html/2402.04249v2 (Mazeika et al., HarmBench, Feb 2024, App. Tables 6-7); paper self-reported"
Vicuna 7B,UAT,0.0,test_copyright,"https://arxiv.org/html/2402.04249v2 (Mazeika et al., HarmBench, Feb 2024, App. Tables 6-7); paper self-reported"
Vicuna 7B,AP,1.3,test_copyright,"https://arxiv.org/html/2402.04249v2 (Mazeika et al., HarmBench, Feb 2024, App. Tables 6-7); paper self-reported"
Vicuna 7B,SFS,2.5,test_copyright,"https://arxiv.org/html/2402.04249v2 (Mazeika et al., HarmBench, Feb 2024, App. Tables 6-7); paper self-reported"
Vicuna 7B,ZS,1.0,test_copyright,"https://arxiv.org/html/2402.04249v2 (Mazeika et al., HarmBench, Feb 2024, App. Tables 6-7); paper self-reported"
Vicuna 7B,PAIR,1.3,test_copyright,"https://arxiv.org/html/2402.04249v2 (Mazeika et al., HarmBench, Feb 2024, App. Tables 6-7); paper self-reported"
Vicuna 7B,TAP,1.3,test_copyright,"https://arxiv.org/html/2402.04249v2 (Mazeika et al., HarmBench, Feb 2024, App. Tables 6-7); paper self-reported"
Vicuna 7B,TAP-T,0.0,test_copyright,"https://arxiv.org/html/2402.04249v2 (Mazeika et al., HarmBench, Feb 2024, App. Tables 6-7); paper self-reported"
Vicuna 7B,AutoDAN,1.3,test_copyright,"https://arxiv.org/html/2402.04249v2 (Mazeika et al., HarmBench, Feb 2024, App. Tables 6-7); paper self-reported"
Vicuna 7B,PAP-top5,1.8,test_copyright,"https://arxiv.org/html/2402.04249v2 (Mazeika et al., HarmBench, Feb 2024, App. Tables 6-7); paper self-reported"
Vicuna 7B,Human,1.0,test_copyright,"https://arxiv.org/html/2402.04249v2 (Mazeika et al., HarmBench, Feb 2024, App. Tables 6-7); paper self-reported"
Vicuna 7B,DR,2.5,test_copyright,"https://arxiv.org/html/2402.04249v2 (Mazeika et al., HarmBench, Feb 2024, App. Tables 6-7); paper self-reported"
Vicuna 13B,GCG,5.0,test_copyright,"https://arxiv.org/html/2402.04249v2 (Mazeika et al., HarmBench, Feb 2024, App. Tables 6-7); paper self-reported"
Vicuna 13B,GCG-M,8.1,test_copyright,"https://arxiv.org/html/2402.04249v2 (Mazeika et al., HarmBench, Feb 2024, App. Tables 6-7); paper self-reported"
Vicuna 13B,GCG-T,6.0,test_copyright,"https://arxiv.org/html/2402.04249v2 (Mazeika et al., HarmBench, Feb 2024, App. Tables 6-7); paper self-reported"
Vicuna 13B,PEZ,6.8,test_copyright,"https://arxiv.org/html/2402.04249v2 (Mazeika et al., HarmBench, Feb 2024, App. Tables 6-7); paper self-reported"
Vicuna 13B,GBDA,7.2,test_copyright,"https://arxiv.org/html/2402.04249v2 (Mazeika et al., HarmBench, Feb 2024, App. Tables 6-7); paper self-reported"
Vicuna 13B,UAT,7.5,test_copyright,"https://arxiv.org/html/2402.04249v2 (Mazeika et al., HarmBench, Feb 2024, App. Tables 6-7); paper self-reported"
Vicuna 13B,AP,7.5,test_copyright,"https://arxiv.org/html/2402.04249v2 (Mazeika et al., HarmBench, Feb 2024, App. Tables 6-7); paper self-reported"
Vicuna 13B,SFS,12.5,test_copyright,"https://arxiv.org/html/2402.04249v2 (Mazeika et al., HarmBench, Feb 2024, App. Tables 6-7); paper self-reported"
Vicuna 13B,ZS,9.8,test_copyright,"https://arxiv.org/html/2402.04249v2 (Mazeika et al., HarmBench, Feb 2024, App. Tables 6-7); paper self-reported"
Vicuna 13B,PAIR,11.3,test_copyright,"https://arxiv.org/html/2402.04249v2 (Mazeika et al., HarmBench, Feb 2024, App. Tables 6-7); paper self-reported"
Vicuna 13B,TAP,8.8,test_copyright,"https://arxiv.org/html/2402.04249v2 (Mazeika et al., HarmBench, Feb 2024, App. Tables 6-7); paper self-reported"
Vicuna 13B,TAP-T,6.3,test_copyright,"https://arxiv.org/html/2402.04249v2 (Mazeika et al., HarmBench, Feb 2024, App. Tables 6-7); paper self-reported"
Vicuna 13B,AutoDAN,8.8,test_copyright,"https://arxiv.org/html/2402.04249v2 (Mazeika et al., HarmBench, Feb 2024, App. Tables 6-7); paper self-reported"
Vicuna 13B,PAP-top5,11.5,test_copyright,"https://arxiv.org/html/2402.04249v2 (Mazeika et al., HarmBench, Feb 2024, App. Tables 6-7); paper self-reported"
Vicuna 13B,Human,6.8,test_copyright,"https://arxiv.org/html/2402.04249v2 (Mazeika et al., HarmBench, Feb 2024, App. Tables 6-7); paper self-reported"
Vicuna 13B,DR,8.8,test_copyright,"https://arxiv.org/html/2402.04249v2 (Mazeika et al., HarmBench, Feb 2024, App. Tables 6-7); paper self-reported"
Baichuan 2 7B,GCG,2.5,test_copyright,"https://arxiv.org/html/2402.04249v2 (Mazeika et al., HarmBench, Feb 2024, App. Tables 6-7); paper self-reported"
Baichuan 2 7B,GCG-M,0.8,test_copyright,"https://arxiv.org/html/2402.04249v2 (Mazeika et al., HarmBench, Feb 2024, App. Tables 6-7); paper self-reported"
Baichuan 2 7B,GCG-T,0.5,test_copyright,"https://arxiv.org/html/2402.04249v2 (Mazeika et al., HarmBench, Feb 2024, App. Tables 6-7); paper self-reported"
Baichuan 2 7B,PEZ,2.3,test_copyright,"https://arxiv.org/html/2402.04249v2 (Mazeika et al., HarmBench, Feb 2024, App. Tables 6-7); paper self-reported"
Baichuan 2 7B,GBDA,2.0,test_copyright,"https://arxiv.org/html/2402.04249v2 (Mazeika et al., HarmBench, Feb 2024, App. Tables 6-7); paper self-reported"
Baichuan 2 7B,UAT,1.3,test_copyright,"https://arxiv.org/html/2402.04249v2 (Mazeika et al., HarmBench, Feb 2024, App. Tables 6-7); paper self-reported"
Baichuan 2 7B,AP,1.3,test_copyright,"https://arxiv.org/html/2402.04249v2 (Mazeika et al., HarmBench, Feb 2024, App. Tables 6-7); paper self-reported"
Baichuan 2 7B,SFS,1.3,test_copyright,"https://arxiv.org/html/2402.04249v2 (Mazeika et al., HarmBench, Feb 2024, App. Tables 6-7); paper self-reported"
Baichuan 2 7B,ZS,3.8,test_copyright,"https://arxiv.org/html/2402.04249v2 (Mazeika et al., HarmBench, Feb 2024, App. Tables 6-7); paper self-reported"
Baichuan 2 7B,PAIR,2.5,test_copyright,"https://arxiv.org/html/2402.04249v2 (Mazeika et al., HarmBench, Feb 2024, App. Tables 6-7); paper self-reported"
Baichuan 2 7B,TAP,3.8,test_copyright,"https://arxiv.org/html/2402.04249v2 (Mazeika et al., HarmBench, Feb 2024, App. Tables 6-7); paper self-reported"
Baichuan 2 7B,TAP-T,0.0,test_copyright,"https://arxiv.org/html/2402.04249v2 (Mazeika et al., HarmBench, Feb 2024, App. Tables 6-7); paper self-reported"
Baichuan 2 7B,AutoDAN,1.3,test_copyright,"https://arxiv.org/html/2402.04249v2 (Mazeika et al., HarmBench, Feb 2024, App. Tables 6-7); paper self-reported"
Baichuan 2 7B,PAP-top5,2.8,test_copyright,"https://arxiv.org/html/2402.04249v2 (Mazeika et al., HarmBench, Feb 2024, App. Tables 6-7); paper self-reported"
Baichuan 2 7B,Human,2.0,test_copyright,"https://arxiv.org/html/2402.04249v2 (Mazeika et al., HarmBench, Feb 2024, App. Tables 6-7); paper self-reported"
Baichuan 2 7B,DR,1.3,test_copyright,"https://arxiv.org/html/2402.04249v2 (Mazeika et al., HarmBench, Feb 2024, App. Tables 6-7); paper self-reported"
Baichuan 2 13B,GCG,1.3,test_copyright,"https://arxiv.org/html/2402.04249v2 (Mazeika et al., HarmBench, Feb 2024, App. Tables 6-7); paper self-reported"
Baichuan 2 13B,GCG-M,3.1,test_copyright,"https://arxiv.org/html/2402.04249v2 (Mazeika et al., HarmBench, Feb 2024, App. Tables 6-7); paper self-reported"
Baichuan 2 13B,GCG-T,1.9,test_copyright,"https://arxiv.org/html/2402.04249v2 (Mazeika et al., HarmBench, Feb 2024, App. Tables 6-7); paper self-reported"
Baichuan 2 13B,PEZ,3.8,test_copyright,"https://arxiv.org/html/2402.04249v2 (Mazeika et al., HarmBench, Feb 2024, App. Tables 6-7); paper self-reported"
Baichuan 2 13B,GBDA,3.0,test_copyright,"https://arxiv.org/html/2402.04249v2 (Mazeika et al., HarmBench, Feb 2024, App. Tables 6-7); paper self-reported"
Baichuan 2 13B,UAT,5.0,test_copyright,"https://arxiv.org/html/2402.04249v2 (Mazeika et al., HarmBench, Feb 2024, App. Tables 6-7); paper self-reported"
Baichuan 2 13B,AP,5.0,test_copyright,"https://arxiv.org/html/2402.04249v2 (Mazeika et al., HarmBench, Feb 2024, App. Tables 6-7); paper self-reported"
Baichuan 2 13B,SFS,7.5,test_copyright,"https://arxiv.org/html/2402.04249v2 (Mazeika et al., HarmBench, Feb 2024, App. Tables 6-7); paper self-reported"
Baichuan 2 13B,ZS,7.2,test_copyright,"https://arxiv.org/html/2402.04249v2 (Mazeika et al., HarmBench, Feb 2024, App. Tables 6-7); paper self-reported"
Baichuan 2 13B,PAIR,2.5,test_copyright,"https://arxiv.org/html/2402.04249v2 (Mazeika et al., HarmBench, Feb 2024, App. Tables 6-7); paper self-reported"
Baichuan 2 13B,TAP,6.3,test_copyright,"https://arxiv.org/html/2402.04249v2 (Mazeika et al., HarmBench, Feb 2024, App. Tables 6-7); paper self-reported"
Baichuan 2 13B,TAP-T,5.0,test_copyright,"https://arxiv.org/html/2402.04249v2 (Mazeika et al., HarmBench, Feb 2024, App. Tables 6-7); paper self-reported"
Baichuan 2 13B,AutoDAN,5.0,test_copyright,"https://arxiv.org/html/2402.04249v2 (Mazeika et al., HarmBench, Feb 2024, App. Tables 6-7); paper self-reported"
Baichuan 2 13B,PAP-top5,8.3,test_copyright,"https://arxiv.org/html/2402.04249v2 (Mazeika et al., HarmBench, Feb 2024, App. Tables 6-7); paper self-reported"
Baichuan 2 13B,Human,5.0,test_copyright,"https://arxiv.org/html/2402.04249v2 (Mazeika et al., HarmBench, Feb 2024, App. Tables 6-7); paper self-reported"
Baichuan 2 13B,DR,3.8,test_copyright,"https://arxiv.org/html/2402.04249v2 (Mazeika et al., HarmBench, Feb 2024, App. Tables 6-7); paper self-reported"
Qwen 7B Chat,GCG,1.3,test_copyright,"https://arxiv.org/html/2402.04249v2 (Mazeika et al., HarmBench, Feb 2024, App. Tables 6-7); paper self-reported"
Qwen 7B Chat,GCG-M,2.5,test_copyright,"https://arxiv.org/html/2402.04249v2 (Mazeika et al., HarmBench, Feb 2024, App. Tables 6-7); paper self-reported"
Qwen 7B Chat,GCG-T,1.7,test_copyright,"https://arxiv.org/html/2402.04249v2 (Mazeika et al., HarmBench, Feb 2024, App. Tables 6-7); paper self-reported"
Qwen 7B Chat,PEZ,2.5,test_copyright,"https://arxiv.org/html/2402.04249v2 (Mazeika et al., HarmBench, Feb 2024, App. Tables 6-7); paper self-reported"
Qwen 7B Chat,GBDA,3.3,test_copyright,"https://arxiv.org/html/2402.04249v2 (Mazeika et al., HarmBench, Feb 2024, App. Tables 6-7); paper self-reported"
Qwen 7B Chat,UAT,2.5,test_copyright,"https://arxiv.org/html/2402.04249v2 (Mazeika et al., HarmBench, Feb 2024, App. Tables 6-7); paper self-reported"
Qwen 7B Chat,AP,2.5,test_copyright,"https://arxiv.org/html/2402.04249v2 (Mazeika et al., HarmBench, Feb 2024, App. Tables 6-7); paper self-reported"
Qwen 7B Chat,SFS,5.0,test_copyright,"https://arxiv.org/html/2402.04249v2 (Mazeika et al., HarmBench, Feb 2024, App. Tables 6-7); paper self-reported"
Qwen 7B Chat,ZS,4.3,test_copyright,"https://arxiv.org/html/2402.04249v2 (Mazeika et al., HarmBench, Feb 2024, App. Tables 6-7); paper self-reported"
Qwen 7B Chat,PAIR,3.8,test_copyright,"https://arxiv.org/html/2402.04249v2 (Mazeika et al., HarmBench, Feb 2024, App. Tables 6-7); paper self-reported"
Qwen 7B Chat,TAP,2.5,test_copyright,"https://arxiv.org/html/2402.04249v2 (Mazeika et al., HarmBench, Feb 2024, App. Tables 6-7); paper self-reported"
Qwen 7B Chat,TAP-T,1.3,test_copyright,"https://arxiv.org/html/2402.04249v2 (Mazeika et al., HarmBench, Feb 2024, App. Tables 6-7); paper self-reported"
Qwen 7B Chat,AutoDAN,2.5,test_copyright,"https://arxiv.org/html/2402.04249v2 (Mazeika et al., HarmBench, Feb 2024, App. Tables 6-7); paper self-reported"
Qwen 7B Chat,PAP-top5,2.8,test_copyright,"https://arxiv.org/html/2402.04249v2 (Mazeika et al., HarmBench, Feb 2024, App. Tables 6-7); paper self-reported"
Qwen 7B Chat,Human,0.8,test_copyright,"https://arxiv.org/html/2402.04249v2 (Mazeika et al., HarmBench, Feb 2024, App. Tables 6-7); paper self-reported"
Qwen 7B Chat,DR,2.5,test_copyright,"https://arxiv.org/html/2402.04249v2 (Mazeika et al., HarmBench, Feb 2024, App. Tables 6-7); paper self-reported"
Qwen 14B Chat,GCG,7.5,test_copyright,"https://arxiv.org/html/2402.04249v2 (Mazeika et al., HarmBench, Feb 2024, App. Tables 6-7); paper self-reported"
Qwen 14B Chat,GCG-M,8.5,test_copyright,"https://arxiv.org/html/2402.04249v2 (Mazeika et al., HarmBench, Feb 2024, App. Tables 6-7); paper self-reported"
Qwen 14B Chat,GCG-T,3.1,test_copyright,"https://arxiv.org/html/2402.04249v2 (Mazeika et al., HarmBench, Feb 2024, App. Tables 6-7); paper self-reported"
Qwen 14B Chat,PEZ,6.0,test_copyright,"https://arxiv.org/html/2402.04249v2 (Mazeika et al., HarmBench, Feb 2024, App. Tables 6-7); paper self-reported"
Qwen 14B Chat,GBDA,6.8,test_copyright,"https://arxiv.org/html/2402.04249v2 (Mazeika et al., HarmBench, Feb 2024, App. Tables 6-7); paper self-reported"
Qwen 14B Chat,UAT,6.3,test_copyright,"https://arxiv.org/html/2402.04249v2 (Mazeika et al., HarmBench, Feb 2024, App. Tables 6-7); paper self-reported"
Qwen 14B Chat,AP,3.8,test_copyright,"https://arxiv.org/html/2402.04249v2 (Mazeika et al., HarmBench, Feb 2024, App. Tables 6-7); paper self-reported"
Qwen 14B Chat,SFS,6.3,test_copyright,"https://arxiv.org/html/2402.04249v2 (Mazeika et al., HarmBench, Feb 2024, App. Tables 6-7); paper self-reported"
Qwen 14B Chat,ZS,13.3,test_copyright,"https://arxiv.org/html/2402.04249v2 (Mazeika et al., HarmBench, Feb 2024, App. Tables 6-7); paper self-reported"
Qwen 14B Chat,PAIR,10.0,test_copyright,"https://arxiv.org/html/2402.04249v2 (Mazeika et al., HarmBench, Feb 2024, App. Tables 6-7); paper self-reported"
Qwen 14B Chat,TAP,11.3,test_copyright,"https://arxiv.org/html/2402.04249v2 (Mazeika et al., HarmBench, Feb 2024, App. Tables 6-7); paper self-reported"
Qwen 14B Chat,TAP-T,8.8,test_copyright,"https://arxiv.org/html/2402.04249v2 (Mazeika et al., HarmBench, Feb 2024, App. Tables 6-7); paper self-reported"
Qwen 14B Chat,AutoDAN,10.0,test_copyright,"https://arxiv.org/html/2402.04249v2 (Mazeika et al., HarmBench, Feb 2024, App. Tables 6-7); paper self-reported"
Qwen 14B Chat,PAP-top5,11.8,test_copyright,"https://arxiv.org/html/2402.04249v2 (Mazeika et al., HarmBench, Feb 2024, App. Tables 6-7); paper self-reported"
Qwen 14B Chat,Human,5.8,test_copyright,"https://arxiv.org/html/2402.04249v2 (Mazeika et al., HarmBench, Feb 2024, App. Tables 6-7); paper self-reported"
Qwen 14B Chat,DR,10.0,test_copyright,"https://arxiv.org/html/2402.04249v2 (Mazeika et al., HarmBench, Feb 2024, App. Tables 6-7); paper self-reported"
Qwen 72B Chat,GCG-T,17.2,test_copyright,"https://arxiv.org/html/2402.04249v2 (Mazeika et al., HarmBench, Feb 2024, App. Tables 6-7); paper self-reported"
Qwen 72B Chat,SFS,21.3,test_copyright,"https://arxiv.org/html/2402.04249v2 (Mazeika et al., HarmBench, Feb 2024, App. Tables 6-7); paper self-reported"
Qwen 72B Chat,ZS,24.5,test_copyright,"https://arxiv.org/html/2402.04249v2 (Mazeika et al., HarmBench, Feb 2024, App. Tables 6-7); paper self-reported"
Qwen 72B Chat,PAIR,20.0,test_copyright,"https://arxiv.org/html/2402.04249v2 (Mazeika et al., HarmBench, Feb 2024, App. Tables 6-7); paper self-reported"
Qwen 72B Chat,TAP,28.7,test_copyright,"https://arxiv.org/html/2402.04249v2 (Mazeika et al., HarmBench, Feb 2024, App. Tables 6-7); paper self-reported"
Qwen 72B Chat,TAP-T,17.5,test_copyright,"https://arxiv.org/html/2402.04249v2 (Mazeika et al., HarmBench, Feb 2024, App. Tables 6-7); paper self-reported"
Qwen 72B Chat,AutoDAN,27.5,test_copyright,"https://arxiv.org/html/2402.04249v2 (Mazeika et al., HarmBench, Feb 2024, App. Tables 6-7); paper self-reported"
Qwen 72B Chat,PAP-top5,24.8,test_copyright,"https://arxiv.org/html/2402.04249v2 (Mazeika et al., HarmBench, Feb 2024, App. Tables 6-7); paper self-reported"
Qwen 72B Chat,Human,15.8,test_copyright,"https://arxiv.org/html/2402.04249v2 (Mazeika et al., HarmBench, Feb 2024, App. Tables 6-7); paper self-reported"
Qwen 72B Chat,DR,25.0,test_copyright,"https://arxiv.org/html/2402.04249v2 (Mazeika et al., HarmBench, Feb 2024, App. Tables 6-7); paper self-reported"
Koala 7B,GCG,0.0,test_copyright,"https://arxiv.org/html/2402.04249v2 (Mazeika et al., HarmBench, Feb 2024, App. Tables 6-7); paper self-reported"
Koala 7B,GCG-M,0.0,test_copyright,"https://arxiv.org/html/2402.04249v2 (Mazeika et al., HarmBench, Feb 2024, App. Tables 6-7); paper self-reported"
Koala 7B,GCG-T,0.0,test_copyright,"https://arxiv.org/html/2402.04249v2 (Mazeika et al., HarmBench, Feb 2024, App. Tables 6-7); paper self-reported"
Koala 7B,PEZ,0.0,test_copyright,"https://arxiv.org/html/2402.04249v2 (Mazeika et al., HarmBench, Feb 2024, App. Tables 6-7); paper self-reported"
Koala 7B,GBDA,0.0,test_copyright,"https://arxiv.org/html/2402.04249v2 (Mazeika et al., HarmBench, Feb 2024, App. Tables 6-7); paper self-reported"
Koala 7B,UAT,0.0,test_copyright,"https://arxiv.org/html/2402.04249v2 (Mazeika et al., HarmBench, Feb 2024, App. Tables 6-7); paper self-reported"
Koala 7B,AP,0.0,test_copyright,"https://arxiv.org/html/2402.04249v2 (Mazeika et al., HarmBench, Feb 2024, App. Tables 6-7); paper self-reported"
Koala 7B,SFS,0.0,test_copyright,"https://arxiv.org/html/2402.04249v2 (Mazeika et al., HarmBench, Feb 2024, App. Tables 6-7); paper self-reported"
Koala 7B,ZS,0.0,test_copyright,"https://arxiv.org/html/2402.04249v2 (Mazeika et al., HarmBench, Feb 2024, App. Tables 6-7); paper self-reported"
Koala 7B,PAIR,0.0,test_copyright,"https://arxiv.org/html/2402.04249v2 (Mazeika et al., HarmBench, Feb 2024, App. Tables 6-7); paper self-reported"
Koala 7B,TAP,0.0,test_copyright,"https://arxiv.org/html/2402.04249v2 (Mazeika et al., HarmBench, Feb 2024, App. Tables 6-7); paper self-reported"
Koala 7B,TAP-T,0.0,test_copyright,"https://arxiv.org/html/2402.04249v2 (Mazeika et al., HarmBench, Feb 2024, App. Tables 6-7); paper self-reported"
Koala 7B,AutoDAN,0.0,test_copyright,"https://arxiv.org/html/2402.04249v2 (Mazeika et al., HarmBench, Feb 2024, App. Tables 6-7); paper self-reported"
Koala 7B,PAP-top5,0.0,test_copyright,"https://arxiv.org/html/2402.04249v2 (Mazeika et al., HarmBench, Feb 2024, App. Tables 6-7); paper self-reported"
Koala 7B,Human,0.0,test_copyright,"https://arxiv.org/html/2402.04249v2 (Mazeika et al., HarmBench, Feb 2024, App. Tables 6-7); paper self-reported"
Koala 7B,DR,0.0,test_copyright,"https://arxiv.org/html/2402.04249v2 (Mazeika et al., HarmBench, Feb 2024, App. Tables 6-7); paper self-reported"
Koala 13B,GCG,0.0,test_copyright,"https://arxiv.org/html/2402.04249v2 (Mazeika et al., HarmBench, Feb 2024, App. Tables 6-7); paper self-reported"
Koala 13B,GCG-M,0.0,test_copyright,"https://arxiv.org/html/2402.04249v2 (Mazeika et al., HarmBench, Feb 2024, App. Tables 6-7); paper self-reported"
Koala 13B,GCG-T,0.0,test_copyright,"https://arxiv.org/html/2402.04249v2 (Mazeika et al., HarmBench, Feb 2024, App. Tables 6-7); paper self-reported"
Koala 13B,PEZ,0.0,test_copyright,"https://arxiv.org/html/2402.04249v2 (Mazeika et al., HarmBench, Feb 2024, App. Tables 6-7); paper self-reported"
Koala 13B,GBDA,0.8,test_copyright,"https://arxiv.org/html/2402.04249v2 (Mazeika et al., HarmBench, Feb 2024, App. Tables 6-7); paper self-reported"
Koala 13B,UAT,0.0,test_copyright,"https://arxiv.org/html/2402.04249v2 (Mazeika et al., HarmBench, Feb 2024, App. Tables 6-7); paper self-reported"
Koala 13B,AP,0.0,test_copyright,"https://arxiv.org/html/2402.04249v2 (Mazeika et al., HarmBench, Feb 2024, App. Tables 6-7); paper self-reported"
Koala 13B,SFS,0.0,test_copyright,"https://arxiv.org/html/2402.04249v2 (Mazeika et al., HarmBench, Feb 2024, App. Tables 6-7); paper self-reported"
Koala 13B,ZS,0.0,test_copyright,"https://arxiv.org/html/2402.04249v2 (Mazeika et al., HarmBench, Feb 2024, App. Tables 6-7); paper self-reported"
Koala 13B,PAIR,1.3,test_copyright,"https://arxiv.org/html/2402.04249v2 (Mazeika et al., HarmBench, Feb 2024, App. Tables 6-7); paper self-reported"
Koala 13B,TAP,0.0,test_copyright,"https://arxiv.org/html/2402.04249v2 (Mazeika et al., HarmBench, Feb 2024, App. Tables 6-7); paper self-reported"
Koala 13B,TAP-T,0.0,test_copyright,"https://arxiv.org/html/2402.04249v2 (Mazeika et al., HarmBench, Feb 2024, App. Tables 6-7); paper self-reported"
Koala 13B,AutoDAN,0.0,test_copyright,"https://arxiv.org/html/2402.04249v2 (Mazeika et al., HarmBench, Feb 2024, App. Tables 6-7); paper self-reported"
Koala 13B,PAP-top5,0.5,test_copyright,"https://arxiv.org/html/2402.04249v2 (Mazeika et al., HarmBench, Feb 2024, App. Tables 6-7); paper self-reported"
Koala 13B,Human,0.8,test_copyright,"https://arxiv.org/html/2402.04249v2 (Mazeika et al., HarmBench, Feb 2024, App. Tables 6-7); paper self-reported"
Koala 13B,DR,0.0,test_copyright,"https://arxiv.org/html/2402.04249v2 (Mazeika et al., HarmBench, Feb 2024, App. Tables 6-7); paper self-reported"
Orca 2 7B,GCG,3.8,test_copyright,"https://arxiv.org/html/2402.04249v2 (Mazeika et al., HarmBench, Feb 2024, App. Tables 6-7); paper self-reported"
Orca 2 7B,GCG-M,2.5,test_copyright,"https://arxiv.org/html/2402.04249v2 (Mazeika et al., HarmBench, Feb 2024, App. Tables 6-7); paper self-reported"
Orca 2 7B,GCG-T,1.0,test_copyright,"https://arxiv.org/html/2402.04249v2 (Mazeika et al., HarmBench, Feb 2024, App. Tables 6-7); paper self-reported"
Orca 2 7B,PEZ,2.3,test_copyright,"https://arxiv.org/html/2402.04249v2 (Mazeika et al., HarmBench, Feb 2024, App. Tables 6-7); paper self-reported"
Orca 2 7B,GBDA,1.3,test_copyright,"https://arxiv.org/html/2402.04249v2 (Mazeika et al., HarmBench, Feb 2024, App. Tables 6-7); paper self-reported"
Orca 2 7B,UAT,3.8,test_copyright,"https://arxiv.org/html/2402.04249v2 (Mazeika et al., HarmBench, Feb 2024, App. Tables 6-7); paper self-reported"
Orca 2 7B,AP,2.5,test_copyright,"https://arxiv.org/html/2402.04249v2 (Mazeika et al., HarmBench, Feb 2024, App. Tables 6-7); paper self-reported"
Orca 2 7B,SFS,2.5,test_copyright,"https://arxiv.org/html/2402.04249v2 (Mazeika et al., HarmBench, Feb 2024, App. Tables 6-7); paper self-reported"
Orca 2 7B,ZS,1.0,test_copyright,"https://arxiv.org/html/2402.04249v2 (Mazeika et al., HarmBench, Feb 2024, App. Tables 6-7); paper self-reported"
Orca 2 7B,PAIR,2.5,test_copyright,"https://arxiv.org/html/2402.04249v2 (Mazeika et al., HarmBench, Feb 2024, App. Tables 6-7); paper self-reported"
Orca 2 7B,TAP,1.3,test_copyright,"https://arxiv.org/html/2402.04249v2 (Mazeika et al., HarmBench, Feb 2024, App. Tables 6-7); paper self-reported"
Orca 2 7B,TAP-T,0.0,test_copyright,"https://arxiv.org/html/2402.04249v2 (Mazeika et al., HarmBench, Feb 2024, App. Tables 6-7); paper self-reported"
Orca 2 7B,AutoDAN,2.5,test_copyright,"https://arxiv.org/html/2402.04249v2 (Mazeika et al., HarmBench, Feb 2024, App. Tables 6-7); paper self-reported"
Orca 2 7B,PAP-top5,1.3,test_copyright,"https://arxiv.org/html/2402.04249v2 (Mazeika et al., HarmBench, Feb 2024, App. Tables 6-7); paper self-reported"
Orca 2 7B,Human,1.8,test_copyright,"https://arxiv.org/html/2402.04249v2 (Mazeika et al., HarmBench, Feb 2024, App. Tables 6-7); paper self-reported"
Orca 2 7B,DR,3.8,test_copyright,"https://arxiv.org/html/2402.04249v2 (Mazeika et al., HarmBench, Feb 2024, App. Tables 6-7); paper self-reported"
Orca 2 13B,GCG,7.5,test_copyright,"https://arxiv.org/html/2402.04249v2 (Mazeika et al., HarmBench, Feb 2024, App. Tables 6-7); paper self-reported"
Orca 2 13B,GCG-M,2.3,test_copyright,"https://arxiv.org/html/2402.04249v2 (Mazeika et al., HarmBench, Feb 2024, App. Tables 6-7); paper self-reported"
Orca 2 13B,GCG-T,2.1,test_copyright,"https://arxiv.org/html/2402.04249v2 (Mazeika et al., HarmBench, Feb 2024, App. Tables 6-7); paper self-reported"
Orca 2 13B,PEZ,3.8,test_copyright,"https://arxiv.org/html/2402.04249v2 (Mazeika et al., HarmBench, Feb 2024, App. Tables 6-7); paper self-reported"
Orca 2 13B,GBDA,2.8,test_copyright,"https://arxiv.org/html/2402.04249v2 (Mazeika et al., HarmBench, Feb 2024, App. Tables 6-7); paper self-reported"
Orca 2 13B,UAT,2.5,test_copyright,"https://arxiv.org/html/2402.04249v2 (Mazeika et al., HarmBench, Feb 2024, App. Tables 6-7); paper self-reported"
Orca 2 13B,AP,8.8,test_copyright,"https://arxiv.org/html/2402.04249v2 (Mazeika et al., HarmBench, Feb 2024, App. Tables 6-7); paper self-reported"
Orca 2 13B,SFS,6.3,test_copyright,"https://arxiv.org/html/2402.04249v2 (Mazeika et al., HarmBench, Feb 2024, App. Tables 6-7); paper self-reported"
Orca 2 13B,ZS,6.3,test_copyright,"https://arxiv.org/html/2402.04249v2 (Mazeika et al., HarmBench, Feb 2024, App. Tables 6-7); paper self-reported"
Orca 2 13B,PAIR,6.3,test_copyright,"https://arxiv.org/html/2402.04249v2 (Mazeika et al., HarmBench, Feb 2024, App. Tables 6-7); paper self-reported"
Orca 2 13B,TAP,6.3,test_copyright,"https://arxiv.org/html/2402.04249v2 (Mazeika et al., HarmBench, Feb 2024, App. Tables 6-7); paper self-reported"
Orca 2 13B,TAP-T,3.8,test_copyright,"https://arxiv.org/html/2402.04249v2 (Mazeika et al., HarmBench, Feb 2024, App. Tables 6-7); paper self-reported"
Orca 2 13B,AutoDAN,3.8,test_copyright,"https://arxiv.org/html/2402.04249v2 (Mazeika et al., HarmBench, Feb 2024, App. Tables 6-7); paper self-reported"
Orca 2 13B,PAP-top5,3.8,test_copyright,"https://arxiv.org/html/2402.04249v2 (Mazeika et al., HarmBench, Feb 2024, App. Tables 6-7); paper self-reported"
Orca 2 13B,Human,2.5,test_copyright,"https://arxiv.org/html/2402.04249v2 (Mazeika et al., HarmBench, Feb 2024, App. Tables 6-7); paper self-reported"
Orca 2 13B,DR,6.3,test_copyright,"https://arxiv.org/html/2402.04249v2 (Mazeika et al., HarmBench, Feb 2024, App. Tables 6-7); paper self-reported"
SOLAR 10.7B-Instruct,GCG,6.3,test_copyright,"https://arxiv.org/html/2402.04249v2 (Mazeika et al., HarmBench, Feb 2024, App. Tables 6-7); paper self-reported"
SOLAR 10.7B-Instruct,GCG-M,5.2,test_copyright,"https://arxiv.org/html/2402.04249v2 (Mazeika et al., HarmBench, Feb 2024, App. Tables 6-7); paper self-reported"
SOLAR 10.7B-Instruct,GCG-T,4.7,test_copyright,"https://arxiv.org/html/2402.04249v2 (Mazeika et al., HarmBench, Feb 2024, App. Tables 6-7); paper self-reported"
SOLAR 10.7B-Instruct,PEZ,11.8,test_copyright,"https://arxiv.org/html/2402.04249v2 (Mazeika et al., HarmBench, Feb 2024, App. Tables 6-7); paper self-reported"
SOLAR 10.7B-Instruct,GBDA,10.0,test_copyright,"https://arxiv.org/html/2402.04249v2 (Mazeika et al., HarmBench, Feb 2024, App. Tables 6-7); paper self-reported"
SOLAR 10.7B-Instruct,UAT,11.3,test_copyright,"https://arxiv.org/html/2402.04249v2 (Mazeika et al., HarmBench, Feb 2024, App. Tables 6-7); paper self-reported"
SOLAR 10.7B-Instruct,AP,10.0,test_copyright,"https://arxiv.org/html/2402.04249v2 (Mazeika et al., HarmBench, Feb 2024, App. Tables 6-7); paper self-reported"
SOLAR 10.7B-Instruct,SFS,15.0,test_copyright,"https://arxiv.org/html/2402.04249v2 (Mazeika et al., HarmBench, Feb 2024, App. Tables 6-7); paper self-reported"
SOLAR 10.7B-Instruct,ZS,16.3,test_copyright,"https://arxiv.org/html/2402.04249v2 (Mazeika et al., HarmBench, Feb 2024, App. Tables 6-7); paper self-reported"
SOLAR 10.7B-Instruct,PAIR,12.5,test_copyright,"https://arxiv.org/html/2402.04249v2 (Mazeika et al., HarmBench, Feb 2024, App. Tables 6-7); paper self-reported"
SOLAR 10.7B-Instruct,TAP,11.3,test_copyright,"https://arxiv.org/html/2402.04249v2 (Mazeika et al., HarmBench, Feb 2024, App. Tables 6-7); paper self-reported"
SOLAR 10.7B-Instruct,TAP-T,10.0,test_copyright,"https://arxiv.org/html/2402.04249v2 (Mazeika et al., HarmBench, Feb 2024, App. Tables 6-7); paper self-reported"
SOLAR 10.7B-Instruct,AutoDAN,7.5,test_copyright,"https://arxiv.org/html/2402.04249v2 (Mazeika et al., HarmBench, Feb 2024, App. Tables 6-7); paper self-reported"
SOLAR 10.7B-Instruct,PAP-top5,14.0,test_copyright,"https://arxiv.org/html/2402.04249v2 (Mazeika et al., HarmBench, Feb 2024, App. Tables 6-7); paper self-reported"
SOLAR 10.7B-Instruct,Human,8.8,test_copyright,"https://arxiv.org/html/2402.04249v2 (Mazeika et al., HarmBench, Feb 2024, App. Tables 6-7); paper self-reported"
SOLAR 10.7B-Instruct,DR,12.5,test_copyright,"https://arxiv.org/html/2402.04249v2 (Mazeika et al., HarmBench, Feb 2024, App. Tables 6-7); paper self-reported"
Mistral 7B,GCG,10.0,test_copyright,"https://arxiv.org/html/2402.04249v2 (Mazeika et al., HarmBench, Feb 2024, App. Tables 6-7); paper self-reported"
Mistral 7B,GCG-M,2.5,test_copyright,"https://arxiv.org/html/2402.04249v2 (Mazeika et al., HarmBench, Feb 2024, App. Tables 6-7); paper self-reported"
Mistral 7B,GCG-T,1.4,test_copyright,"https://arxiv.org/html/2402.04249v2 (Mazeika et al., HarmBench, Feb 2024, App. Tables 6-7); paper self-reported"
Mistral 7B,PEZ,6.8,test_copyright,"https://arxiv.org/html/2402.04249v2 (Mazeika et al., HarmBench, Feb 2024, App. Tables 6-7); paper self-reported"
Mistral 7B,GBDA,6.5,test_copyright,"https://arxiv.org/html/2402.04249v2 (Mazeika et al., HarmBench, Feb 2024, App. Tables 6-7); paper self-reported"
Mistral 7B,UAT,8.8,test_copyright,"https://arxiv.org/html/2402.04249v2 (Mazeika et al., HarmBench, Feb 2024, App. Tables 6-7); paper self-reported"
Mistral 7B,AP,8.8,test_copyright,"https://arxiv.org/html/2402.04249v2 (Mazeika et al., HarmBench, Feb 2024, App. Tables 6-7); paper self-reported"
Mistral 7B,SFS,5.0,test_copyright,"https://arxiv.org/html/2402.04249v2 (Mazeika et al., HarmBench, Feb 2024, App. Tables 6-7); paper self-reported"
Mistral 7B,ZS,7.2,test_copyright,"https://arxiv.org/html/2402.04249v2 (Mazeika et al., HarmBench, Feb 2024, App. Tables 6-7); paper self-reported"
Mistral 7B,PAIR,5.0,test_copyright,"https://arxiv.org/html/2402.04249v2 (Mazeika et al., HarmBench, Feb 2024, App. Tables 6-7); paper self-reported"
Mistral 7B,TAP,7.5,test_copyright,"https://arxiv.org/html/2402.04249v2 (Mazeika et al., HarmBench, Feb 2024, App. Tables 6-7); paper self-reported"
Mistral 7B,TAP-T,6.3,test_copyright,"https://arxiv.org/html/2402.04249v2 (Mazeika et al., HarmBench, Feb 2024, App. Tables 6-7); paper self-reported"
Mistral 7B,AutoDAN,6.3,test_copyright,"https://arxiv.org/html/2402.04249v2 (Mazeika et al., HarmBench, Feb 2024, App. Tables 6-7); paper self-reported"
Mistral 7B,PAP-top5,6.8,test_copyright,"https://arxiv.org/html/2402.04249v2 (Mazeika et al., HarmBench, Feb 2024, App. Tables 6-7); paper self-reported"
Mistral 7B,Human,4.8,test_copyright,"https://arxiv.org/html/2402.04249v2 (Mazeika et al., HarmBench, Feb 2024, App. Tables 6-7); paper self-reported"
Mistral 7B,DR,7.5,test_copyright,"https://arxiv.org/html/2402.04249v2 (Mazeika et al., HarmBench, Feb 2024, App. Tables 6-7); paper self-reported"
Mixtral 8x7B,GCG-T,7.6,test_copyright,"https://arxiv.org/html/2402.04249v2 (Mazeika et al., HarmBench, Feb 2024, App. Tables 6-7); paper self-reported"
Mixtral 8x7B,SFS,25.0,test_copyright,"https://arxiv.org/html/2402.04249v2 (Mazeika et al., HarmBench, Feb 2024, App. Tables 6-7); paper self-reported"
Mixtral 8x7B,ZS,26.0,test_copyright,"https://arxiv.org/html/2402.04249v2 (Mazeika et al., HarmBench, Feb 2024, App. Tables 6-7); paper self-reported"
Mixtral 8x7B,PAIR,27.5,test_copyright,"https://arxiv.org/html/2402.04249v2 (Mazeika et al., HarmBench, Feb 2024, App. Tables 6-7); paper self-reported"
Mixtral 8x7B,TAP,25.0,test_copyright,"https://arxiv.org/html/2402.04249v2 (Mazeika et al., HarmBench, Feb 2024, App. Tables 6-7); paper self-reported"
Mixtral 8x7B,TAP-T,18.8,test_copyright,"https://arxiv.org/html/2402.04249v2 (Mazeika et al., HarmBench, Feb 2024, App. Tables 6-7); paper self-reported"
Mixtral 8x7B,AutoDAN,23.8,test_copyright,"https://arxiv.org/html/2402.04249v2 (Mazeika et al., HarmBench, Feb 2024, App. Tables 6-7); paper self-reported"
Mixtral 8x7B,PAP-top5,25.0,test_copyright,"https://arxiv.org/html/2402.04249v2 (Mazeika et al., HarmBench, Feb 2024, App. Tables 6-7); paper self-reported"
Mixtral 8x7B,Human,17.0,test_copyright,"https://arxiv.org/html/2402.04249v2 (Mazeika et al., HarmBench, Feb 2024, App. Tables 6-7); paper self-reported"
Mixtral 8x7B,DR,27.5,test_copyright,"https://arxiv.org/html/2402.04249v2 (Mazeika et al., HarmBench, Feb 2024, App. Tables 6-7); paper self-reported"
OpenChat 3.5 1210,GCG,5.0,test_copyright,"https://arxiv.org/html/2402.04249v2 (Mazeika et al., HarmBench, Feb 2024, App. Tables 6-7); paper self-reported"
OpenChat 3.5 1210,GCG-M,5.5,test_copyright,"https://arxiv.org/html/2402.04249v2 (Mazeika et al., HarmBench, Feb 2024, App. Tables 6-7); paper self-reported"
OpenChat 3.5 1210,GCG-T,3.3,test_copyright,"https://arxiv.org/html/2402.04249v2 (Mazeika et al., HarmBench, Feb 2024, App. Tables 6-7); paper self-reported"
OpenChat 3.5 1210,PEZ,9.3,test_copyright,"https://arxiv.org/html/2402.04249v2 (Mazeika et al., HarmBench, Feb 2024, App. Tables 6-7); paper self-reported"
OpenChat 3.5 1210,GBDA,9.3,test_copyright,"https://arxiv.org/html/2402.04249v2 (Mazeika et al., HarmBench, Feb 2024, App. Tables 6-7); paper self-reported"
OpenChat 3.5 1210,UAT,7.5,test_copyright,"https://arxiv.org/html/2402.04249v2 (Mazeika et al., HarmBench, Feb 2024, App. Tables 6-7); paper self-reported"
OpenChat 3.5 1210,AP,13.8,test_copyright,"https://arxiv.org/html/2402.04249v2 (Mazeika et al., HarmBench, Feb 2024, App. Tables 6-7); paper self-reported"
OpenChat 3.5 1210,SFS,11.3,test_copyright,"https://arxiv.org/html/2402.04249v2 (Mazeika et al., HarmBench, Feb 2024, App. Tables 6-7); paper self-reported"
OpenChat 3.5 1210,ZS,11.8,test_copyright,"https://arxiv.org/html/2402.04249v2 (Mazeika et al., HarmBench, Feb 2024, App. Tables 6-7); paper self-reported"
OpenChat 3.5 1210,PAIR,7.5,test_copyright,"https://arxiv.org/html/2402.04249v2 (Mazeika et al., HarmBench, Feb 2024, App. Tables 6-7); paper self-reported"
OpenChat 3.5 1210,TAP,8.8,test_copyright,"https://arxiv.org/html/2402.04249v2 (Mazeika et al., HarmBench, Feb 2024, App. Tables 6-7); paper self-reported"
OpenChat 3.5 1210,TAP-T,8.8,test_copyright,"https://arxiv.org/html/2402.04249v2 (Mazeika et al., HarmBench, Feb 2024, App. Tables 6-7); paper self-reported"
OpenChat 3.5 1210,AutoDAN,7.5,test_copyright,"https://arxiv.org/html/2402.04249v2 (Mazeika et al., HarmBench, Feb 2024, App. Tables 6-7); paper self-reported"
OpenChat 3.5 1210,PAP-top5,9.8,test_copyright,"https://arxiv.org/html/2402.04249v2 (Mazeika et al., HarmBench, Feb 2024, App. Tables 6-7); paper self-reported"
OpenChat 3.5 1210,Human,6.3,test_copyright,"https://arxiv.org/html/2402.04249v2 (Mazeika et al., HarmBench, Feb 2024, App. Tables 6-7); paper self-reported"
OpenChat 3.5 1210,DR,10.0,test_copyright,"https://arxiv.org/html/2402.04249v2 (Mazeika et al., HarmBench, Feb 2024, App. Tables 6-7); paper self-reported"
Starling 7B,GCG,6.3,test_copyright,"https://arxiv.org/html/2402.04249v2 (Mazeika et al., HarmBench, Feb 2024, App. Tables 6-7); paper self-reported"
Starling 7B,GCG-M,7.0,test_copyright,"https://arxiv.org/html/2402.04249v2 (Mazeika et al., HarmBench, Feb 2024, App. Tables 6-7); paper self-reported"
Starling 7B,GCG-T,8.5,test_copyright,"https://arxiv.org/html/2402.04249v2 (Mazeika et al., HarmBench, Feb 2024, App. Tables 6-7); paper self-reported"
Starling 7B,PEZ,11.0,test_copyright,"https://arxiv.org/html/2402.04249v2 (Mazeika et al., HarmBench, Feb 2024, App. Tables 6-7); paper self-reported"
Starling 7B,GBDA,11.0,test_copyright,"https://arxiv.org/html/2402.04249v2 (Mazeika et al., HarmBench, Feb 2024, App. Tables 6-7); paper self-reported"
Starling 7B,UAT,12.5,test_copyright,"https://arxiv.org/html/2402.04249v2 (Mazeika et al., HarmBench, Feb 2024, App. Tables 6-7); paper self-reported"
Starling 7B,AP,8.8,test_copyright,"https://arxiv.org/html/2402.04249v2 (Mazeika et al., HarmBench, Feb 2024, App. Tables 6-7); paper self-reported"
Starling 7B,SFS,10.0,test_copyright,"https://arxiv.org/html/2402.04249v2 (Mazeika et al., HarmBench, Feb 2024, App. Tables 6-7); paper self-reported"
Starling 7B,ZS,10.8,test_copyright,"https://arxiv.org/html/2402.04249v2 (Mazeika et al., HarmBench, Feb 2024, App. Tables 6-7); paper self-reported"
Starling 7B,PAIR,11.3,test_copyright,"https://arxiv.org/html/2402.04249v2 (Mazeika et al., HarmBench, Feb 2024, App. Tables 6-7); paper self-reported"
Starling 7B,TAP,10.0,test_copyright,"https://arxiv.org/html/2402.04249v2 (Mazeika et al., HarmBench, Feb 2024, App. Tables 6-7); paper self-reported"
Starling 7B,TAP-T,11.3,test_copyright,"https://arxiv.org/html/2402.04249v2 (Mazeika et al., HarmBench, Feb 2024, App. Tables 6-7); paper self-reported"
Starling 7B,AutoDAN,10.0,test_copyright,"https://arxiv.org/html/2402.04249v2 (Mazeika et al., HarmBench, Feb 2024, App. Tables 6-7); paper self-reported"
Starling 7B,PAP-top5,12.3,test_copyright,"https://arxiv.org/html/2402.04249v2 (Mazeika et al., HarmBench, Feb 2024, App. Tables 6-7); paper self-reported"
Starling 7B,Human,9.5,test_copyright,"https://arxiv.org/html/2402.04249v2 (Mazeika et al., HarmBench, Feb 2024, App. Tables 6-7); paper self-reported"
Starling 7B,DR,12.5,test_copyright,"https://arxiv.org/html/2402.04249v2 (Mazeika et al., HarmBench, Feb 2024, App. Tables 6-7); paper self-reported"
Zephyr 7B,GCG,8.8,test_copyright,"https://arxiv.org/html/2402.04249v2 (Mazeika et al., HarmBench, Feb 2024, App. Tables 6-7); paper self-reported"
Zephyr 7B,GCG-M,6.8,test_copyright,"https://arxiv.org/html/2402.04249v2 (Mazeika et al., HarmBench, Feb 2024, App. Tables 6-7); paper self-reported"
Zephyr 7B,GCG-T,6.1,test_copyright,"https://arxiv.org/html/2402.04249v2 (Mazeika et al., HarmBench, Feb 2024, App. Tables 6-7); paper self-reported"
Zephyr 7B,PEZ,10.3,test_copyright,"https://arxiv.org/html/2402.04249v2 (Mazeika et al., HarmBench, Feb 2024, App. Tables 6-7); paper self-reported"
Zephyr 7B,GBDA,11.8,test_copyright,"https://arxiv.org/html/2402.04249v2 (Mazeika et al., HarmBench, Feb 2024, App. Tables 6-7); paper self-reported"
Zephyr 7B,UAT,7.5,test_copyright,"https://arxiv.org/html/2402.04249v2 (Mazeika et al., HarmBench, Feb 2024, App. Tables 6-7); paper self-reported"
Zephyr 7B,AP,8.8,test_copyright,"https://arxiv.org/html/2402.04249v2 (Mazeika et al., HarmBench, Feb 2024, App. Tables 6-7); paper self-reported"
Zephyr 7B,SFS,15.0,test_copyright,"https://arxiv.org/html/2402.04249v2 (Mazeika et al., HarmBench, Feb 2024, App. Tables 6-7); paper self-reported"
Zephyr 7B,ZS,12.0,test_copyright,"https://arxiv.org/html/2402.04249v2 (Mazeika et al., HarmBench, Feb 2024, App. Tables 6-7); paper self-reported"
Zephyr 7B,PAIR,11.3,test_copyright,"https://arxiv.org/html/2402.04249v2 (Mazeika et al., HarmBench, Feb 2024, App. Tables 6-7); paper self-reported"
Zephyr 7B,TAP,11.3,test_copyright,"https://arxiv.org/html/2402.04249v2 (Mazeika et al., HarmBench, Feb 2024, App. Tables 6-7); paper self-reported"
Zephyr 7B,TAP-T,8.8,test_copyright,"https://arxiv.org/html/2402.04249v2 (Mazeika et al., HarmBench, Feb 2024, App. Tables 6-7); paper self-reported"
Zephyr 7B,AutoDAN,11.3,test_copyright,"https://arxiv.org/html/2402.04249v2 (Mazeika et al., HarmBench, Feb 2024, App. Tables 6-7); paper self-reported"
Zephyr 7B,PAP-top5,11.3,test_copyright,"https://arxiv.org/html/2402.04249v2 (Mazeika et al., HarmBench, Feb 2024, App. Tables 6-7); paper self-reported"
Zephyr 7B,Human,10.8,test_copyright,"https://arxiv.org/html/2402.04249v2 (Mazeika et al., HarmBench, Feb 2024, App. Tables 6-7); paper self-reported"
Zephyr 7B,DR,13.8,test_copyright,"https://arxiv.org/html/2402.04249v2 (Mazeika et al., HarmBench, Feb 2024, App. Tables 6-7); paper self-reported"
R2D2 (Ours),GCG,1.3,test_copyright,"https://arxiv.org/html/2402.04249v2 (Mazeika et al., HarmBench, Feb 2024, App. Tables 6-7); paper self-reported"
R2D2 (Ours),GCG-M,0.4,test_copyright,"https://arxiv.org/html/2402.04249v2 (Mazeika et al., HarmBench, Feb 2024, App. Tables 6-7); paper self-reported"
R2D2 (Ours),GCG-T,0.0,test_copyright,"https://arxiv.org/html/2402.04249v2 (Mazeika et al., HarmBench, Feb 2024, App. Tables 6-7); paper self-reported"
R2D2 (Ours),PEZ,0.3,test_copyright,"https://arxiv.org/html/2402.04249v2 (Mazeika et al., HarmBench, Feb 2024, App. Tables 6-7); paper self-reported"
R2D2 (Ours),GBDA,0.0,test_copyright,"https://arxiv.org/html/2402.04249v2 (Mazeika et al., HarmBench, Feb 2024, App. Tables 6-7); paper self-reported"
R2D2 (Ours),UAT,0.0,test_copyright,"https://arxiv.org/html/2402.04249v2 (Mazeika et al., HarmBench, Feb 2024, App. Tables 6-7); paper self-reported"
R2D2 (Ours),AP,0.0,test_copyright,"https://arxiv.org/html/2402.04249v2 (Mazeika et al., HarmBench, Feb 2024, App. Tables 6-7); paper self-reported"
R2D2 (Ours),SFS,11.3,test_copyright,"https://arxiv.org/html/2402.04249v2 (Mazeika et al., HarmBench, Feb 2024, App. Tables 6-7); paper self-reported"
R2D2 (Ours),ZS,0.0,test_copyright,"https://arxiv.org/html/2402.04249v2 (Mazeika et al., HarmBench, Feb 2024, App. Tables 6-7); paper self-reported"
R2D2 (Ours),PAIR,11.3,test_copyright,"https://arxiv.org/html/2402.04249v2 (Mazeika et al., HarmBench, Feb 2024, App. Tables 6-7); paper self-reported"
R2D2 (Ours),TAP,13.8,test_copyright,"https://arxiv.org/html/2402.04249v2 (Mazeika et al., HarmBench, Feb 2024, App. Tables 6-7); paper self-reported"
R2D2 (Ours),TAP-T,6.3,test_copyright,"https://arxiv.org/html/2402.04249v2 (Mazeika et al., HarmBench, Feb 2024, App. Tables 6-7); paper self-reported"
R2D2 (Ours),AutoDAN,5.0,test_copyright,"https://arxiv.org/html/2402.04249v2 (Mazeika et al., HarmBench, Feb 2024, App. Tables 6-7); paper self-reported"
R2D2 (Ours),PAP-top5,12.5,test_copyright,"https://arxiv.org/html/2402.04249v2 (Mazeika et al., HarmBench, Feb 2024, App. Tables 6-7); paper self-reported"
R2D2 (Ours),Human,8.5,test_copyright,"https://arxiv.org/html/2402.04249v2 (Mazeika et al., HarmBench, Feb 2024, App. Tables 6-7); paper self-reported"
R2D2 (Ours),DR,6.3,test_copyright,"https://arxiv.org/html/2402.04249v2 (Mazeika et al., HarmBench, Feb 2024, App. Tables 6-7); paper self-reported"
GPT-3.5 Turbo 0613,GCG-T,9.3,test_copyright,"https://arxiv.org/html/2402.04249v2 (Mazeika et al., HarmBench, Feb 2024, App. Tables 6-7); paper self-reported"
GPT-3.5 Turbo 0613,ZS,13.8,test_copyright,"https://arxiv.org/html/2402.04249v2 (Mazeika et al., HarmBench, Feb 2024, App. Tables 6-7); paper self-reported"
GPT-3.5 Turbo 0613,PAIR,11.3,test_copyright,"https://arxiv.org/html/2402.04249v2 (Mazeika et al., HarmBench, Feb 2024, App. Tables 6-7); paper self-reported"
GPT-3.5 Turbo 0613,TAP,13.8,test_copyright,"https://arxiv.org/html/2402.04249v2 (Mazeika et al., HarmBench, Feb 2024, App. Tables 6-7); paper self-reported"
GPT-3.5 Turbo 0613,TAP-T,8.8,test_copyright,"https://arxiv.org/html/2402.04249v2 (Mazeika et al., HarmBench, Feb 2024, App. Tables 6-7); paper self-reported"
GPT-3.5 Turbo 0613,PAP-top5,13.5,test_copyright,"https://arxiv.org/html/2402.04249v2 (Mazeika et al., HarmBench, Feb 2024, App. Tables 6-7); paper self-reported"
GPT-3.5 Turbo 0613,Human,6.3,test_copyright,"https://arxiv.org/html/2402.04249v2 (Mazeika et al., HarmBench, Feb 2024, App. Tables 6-7); paper self-reported"
GPT-3.5 Turbo 0613,DR,10.0,test_copyright,"https://arxiv.org/html/2402.04249v2 (Mazeika et al., HarmBench, Feb 2024, App. Tables 6-7); paper self-reported"
GPT-3.5 Turbo 1106,GCG-T,3.8,test_copyright,"https://arxiv.org/html/2402.04249v2 (Mazeika et al., HarmBench, Feb 2024, App. Tables 6-7); paper self-reported"
GPT-3.5 Turbo 1106,ZS,0.8,test_copyright,"https://arxiv.org/html/2402.04249v2 (Mazeika et al., HarmBench, Feb 2024, App. Tables 6-7); paper self-reported"
GPT-3.5 Turbo 1106,PAIR,0.0,test_copyright,"https://arxiv.org/html/2402.04249v2 (Mazeika et al., HarmBench, Feb 2024, App. Tables 6-7); paper self-reported"
GPT-3.5 Turbo 1106,TAP,10.0,test_copyright,"https://arxiv.org/html/2402.04249v2 (Mazeika et al., HarmBench, Feb 2024, App. Tables 6-7); paper self-reported"
GPT-3.5 Turbo 1106,TAP-T,1.3,test_copyright,"https://arxiv.org/html/2402.04249v2 (Mazeika et al., HarmBench, Feb 2024, App. Tables 6-7); paper self-reported"
GPT-3.5 Turbo 1106,PAP-top5,0.3,test_copyright,"https://arxiv.org/html/2402.04249v2 (Mazeika et al., HarmBench, Feb 2024, App. Tables 6-7); paper self-reported"
GPT-3.5 Turbo 1106,Human,0.3,test_copyright,"https://arxiv.org/html/2402.04249v2 (Mazeika et al., HarmBench, Feb 2024, App. Tables 6-7); paper self-reported"
GPT-3.5 Turbo 1106,DR,0.0,test_copyright,"https://arxiv.org/html/2402.04249v2 (Mazeika et al., HarmBench, Feb 2024, App. Tables 6-7); paper self-reported"
GPT-4 0613,GCG-T,13.0,test_copyright,"https://arxiv.org/html/2402.04249v2 (Mazeika et al., HarmBench, Feb 2024, App. Tables 6-7); paper self-reported"
GPT-4 0613,ZS,11.3,test_copyright,"https://arxiv.org/html/2402.04249v2 (Mazeika et al., HarmBench, Feb 2024, App. Tables 6-7); paper self-reported"
GPT-4 0613,PAIR,11.3,test_copyright,"https://arxiv.org/html/2402.04249v2 (Mazeika et al., HarmBench, Feb 2024, App. Tables 6-7); paper self-reported"
GPT-4 0613,TAP,11.3,test_copyright,"https://arxiv.org/html/2402.04249v2 (Mazeika et al., HarmBench, Feb 2024, App. Tables 6-7); paper self-reported"
GPT-4 0613,TAP-T,11.3,test_copyright,"https://arxiv.org/html/2402.04249v2 (Mazeika et al., HarmBench, Feb 2024, App. Tables 6-7); paper self-reported"
GPT-4 0613,PAP-top5,14.5,test_copyright,"https://arxiv.org/html/2402.04249v2 (Mazeika et al., HarmBench, Feb 2024, App. Tables 6-7); paper self-reported"
GPT-4 0613,Human,6.0,test_copyright,"https://arxiv.org/html/2402.04249v2 (Mazeika et al., HarmBench, Feb 2024, App. Tables 6-7); paper self-reported"
GPT-4 0613,DR,10.0,test_copyright,"https://arxiv.org/html/2402.04249v2 (Mazeika et al., HarmBench, Feb 2024, App. Tables 6-7); paper self-reported"
GPT-4 Turbo 1106,GCG-T,5.5,test_copyright,"https://arxiv.org/html/2402.04249v2 (Mazeika et al., HarmBench, Feb 2024, App. Tables 6-7); paper self-reported"
GPT-4 Turbo 1106,ZS,1.3,test_copyright,"https://arxiv.org/html/2402.04249v2 (Mazeika et al., HarmBench, Feb 2024, App. Tables 6-7); paper self-reported"
GPT-4 Turbo 1106,PAIR,7.5,test_copyright,"https://arxiv.org/html/2402.04249v2 (Mazeika et al., HarmBench, Feb 2024, App. Tables 6-7); paper self-reported"
GPT-4 Turbo 1106,TAP,12.5,test_copyright,"https://arxiv.org/html/2402.04249v2 (Mazeika et al., HarmBench, Feb 2024, App. Tables 6-7); paper self-reported"
GPT-4 Turbo 1106,TAP-T,6.3,test_copyright,"https://arxiv.org/html/2402.04249v2 (Mazeika et al., HarmBench, Feb 2024, App. Tables 6-7); paper self-reported"
GPT-4 Turbo 1106,PAP-top5,1.8,test_copyright,"https://arxiv.org/html/2402.04249v2 (Mazeika et al., HarmBench, Feb 2024, App. Tables 6-7); paper self-reported"
GPT-4 Turbo 1106,Human,0.8,test_copyright,"https://arxiv.org/html/2402.04249v2 (Mazeika et al., HarmBench, Feb 2024, App. Tables 6-7); paper self-reported"
GPT-4 Turbo 1106,DR,3.8,test_copyright,"https://arxiv.org/html/2402.04249v2 (Mazeika et al., HarmBench, Feb 2024, App. Tables 6-7); paper self-reported"
Claude 1,GCG-T,1.5,test_copyright,"https://arxiv.org/html/2402.04249v2 (Mazeika et al., HarmBench, Feb 2024, App. Tables 6-7); paper self-reported"
Claude 1,ZS,0.0,test_copyright,"https://arxiv.org/html/2402.04249v2 (Mazeika et al., HarmBench, Feb 2024, App. Tables 6-7); paper self-reported"
Claude 1,PAIR,0.0,test_copyright,"https://arxiv.org/html/2402.04249v2 (Mazeika et al., HarmBench, Feb 2024, App. Tables 6-7); paper self-reported"
Claude 1,TAP,1.3,test_copyright,"https://arxiv.org/html/2402.04249v2 (Mazeika et al., HarmBench, Feb 2024, App. Tables 6-7); paper self-reported"
Claude 1,TAP-T,0.0,test_copyright,"https://arxiv.org/html/2402.04249v2 (Mazeika et al., HarmBench, Feb 2024, App. Tables 6-7); paper self-reported"
Claude 1,PAP-top5,0.0,test_copyright,"https://arxiv.org/html/2402.04249v2 (Mazeika et al., HarmBench, Feb 2024, App. Tables 6-7); paper self-reported"
Claude 1,Human,0.3,test_copyright,"https://arxiv.org/html/2402.04249v2 (Mazeika et al., HarmBench, Feb 2024, App. Tables 6-7); paper self-reported"
Claude 1,DR,1.3,test_copyright,"https://arxiv.org/html/2402.04249v2 (Mazeika et al., HarmBench, Feb 2024, App. Tables 6-7); paper self-reported"
Claude 2,GCG-T,3.0,test_copyright,"https://arxiv.org/html/2402.04249v2 (Mazeika et al., HarmBench, Feb 2024, App. Tables 6-7); paper self-reported"
Claude 2,ZS,5.0,test_copyright,"https://arxiv.org/html/2402.04249v2 (Mazeika et al., HarmBench, Feb 2024, App. Tables 6-7); paper self-reported"
Claude 2,PAIR,6.3,test_copyright,"https://arxiv.org/html/2402.04249v2 (Mazeika et al., HarmBench, Feb 2024, App. Tables 6-7); paper self-reported"
Claude 2,TAP,0.0,test_copyright,"https://arxiv.org/html/2402.04249v2 (Mazeika et al., HarmBench, Feb 2024, App. Tables 6-7); paper self-reported"
Claude 2,TAP-T,2.5,test_copyright,"https://arxiv.org/html/2402.04249v2 (Mazeika et al., HarmBench, Feb 2024, App. Tables 6-7); paper self-reported"
Claude 2,PAP-top5,3.0,test_copyright,"https://arxiv.org/html/2402.04249v2 (Mazeika et al., HarmBench, Feb 2024, App. Tables 6-7); paper self-reported"
Claude 2,Human,0.8,test_copyright,"https://arxiv.org/html/2402.04249v2 (Mazeika et al., HarmBench, Feb 2024, App. Tables 6-7); paper self-reported"
Claude 2,DR,5.0,test_copyright,"https://arxiv.org/html/2402.04249v2 (Mazeika et al., HarmBench, Feb 2024, App. Tables 6-7); paper self-reported"
Claude 2.1,GCG-T,2.8,test_copyright,"https://arxiv.org/html/2402.04249v2 (Mazeika et al., HarmBench, Feb 2024, App. Tables 6-7); paper self-reported"
Claude 2.1,ZS,5.3,test_copyright,"https://arxiv.org/html/2402.04249v2 (Mazeika et al., HarmBench, Feb 2024, App. Tables 6-7); paper self-reported"
Claude 2.1,PAIR,1.3,test_copyright,"https://arxiv.org/html/2402.04249v2 (Mazeika et al., HarmBench, Feb 2024, App. Tables 6-7); paper self-reported"
Claude 2.1,TAP,1.3,test_copyright,"https://arxiv.org/html/2402.04249v2 (Mazeika et al., HarmBench, Feb 2024, App. Tables 6-7); paper self-reported"
Claude 2.1,TAP-T,2.5,test_copyright,"https://arxiv.org/html/2402.04249v2 (Mazeika et al., HarmBench, Feb 2024, App. Tables 6-7); paper self-reported"
Claude 2.1,PAP-top5,3.0,test_copyright,"https://arxiv.org/html/2402.04249v2 (Mazeika et al., HarmBench, Feb 2024, App. Tables 6-7); paper self-reported"
Claude 2.1,Human,0.8,test_copyright,"https://arxiv.org/html/2402.04249v2 (Mazeika et al., HarmBench, Feb 2024, App. Tables 6-7); paper self-reported"
Claude 2.1,DR,5.0,test_copyright,"https://arxiv.org/html/2402.04249v2 (Mazeika et al., HarmBench, Feb 2024, App. Tables 6-7); paper self-reported"
Gemini Pro,GCG-T,9.5,test_copyright,"https://arxiv.org/html/2402.04249v2 (Mazeika et al., HarmBench, Feb 2024, App. Tables 6-7); paper self-reported"
Gemini Pro,ZS,22.0,test_copyright,"https://arxiv.org/html/2402.04249v2 (Mazeika et al., HarmBench, Feb 2024, App. Tables 6-7); paper self-reported"
Gemini Pro,PAIR,18.7,test_copyright,"https://arxiv.org/html/2402.04249v2 (Mazeika et al., HarmBench, Feb 2024, App. Tables 6-7); paper self-reported"
Gemini Pro,TAP,22.7,test_copyright,"https://arxiv.org/html/2402.04249v2 (Mazeika et al., HarmBench, Feb 2024, App. Tables 6-7); paper self-reported"
Gemini Pro,TAP-T,11.3,test_copyright,"https://arxiv.org/html/2402.04249v2 (Mazeika et al., HarmBench, Feb 2024, App. Tables 6-7); paper self-reported"
Gemini Pro,PAP-top5,18.0,test_copyright,"https://arxiv.org/html/2402.04249v2 (Mazeika et al., HarmBench, Feb 2024, App. Tables 6-7); paper self-reported"
Gemini Pro,Human,5.7,test_copyright,"https://arxiv.org/html/2402.04249v2 (Mazeika et al., HarmBench, Feb 2024, App. Tables 6-7); paper self-reported"
Gemini Pro,DR,23.8,test_copyright,"https://arxiv.org/html/2402.04249v2 (Mazeika et al., HarmBench, Feb 2024, App. Tables 6-7); paper self-reported"
Average (↑),GCG,4.7,test_copyright,"https://arxiv.org/html/2402.04249v2 (Mazeika et al., HarmBench, Feb 2024, App. Tables 6-7); paper self-reported"
Average (↑),GCG-M,3.5,test_copyright,"https://arxiv.org/html/2402.04249v2 (Mazeika et al., HarmBench, Feb 2024, App. Tables 6-7); paper self-reported"
Average (↑),GCG-T,4.4,test_copyright,"https://arxiv.org/html/2402.04249v2 (Mazeika et al., HarmBench, Feb 2024, App. Tables 6-7); paper self-reported"
Average (↑),PEZ,4.2,test_copyright,"https://arxiv.org/html/2402.04249v2 (Mazeika et al., HarmBench, Feb 2024, App. Tables 6-7); paper self-reported"
Average (↑),GBDA,4.1,test_copyright,"https://arxiv.org/html/2402.04249v2 (Mazeika et al., HarmBench, Feb 2024, App. Tables 6-7); paper self-reported"
Average (↑),UAT,4.3,test_copyright,"https://arxiv.org/html/2402.04249v2 (Mazeika et al., HarmBench, Feb 2024, App. Tables 6-7); paper self-reported"
Average (↑),AP,5.4,test_copyright,"https://arxiv.org/html/2402.04249v2 (Mazeika et al., HarmBench, Feb 2024, App. Tables 6-7); paper self-reported"
Average (↑),SFS,8.4,test_copyright,"https://arxiv.org/html/2402.04249v2 (Mazeika et al., HarmBench, Feb 2024, App. Tables 6-7); paper self-reported"
Average (↑),ZS,7.5,test_copyright,"https://arxiv.org/html/2402.04249v2 (Mazeika et al., HarmBench, Feb 2024, App. Tables 6-7); paper self-reported"
Average (↑),PAIR,7.7,test_copyright,"https://arxiv.org/html/2402.04249v2 (Mazeika et al., HarmBench, Feb 2024, App. Tables 6-7); paper self-reported"
Average (↑),TAP,8.7,test_copyright,"https://arxiv.org/html/2402.04249v2 (Mazeika et al., HarmBench, Feb 2024, App. Tables 6-7); paper self-reported"
Average (↑),TAP-T,6.1,test_copyright,"https://arxiv.org/html/2402.04249v2 (Mazeika et al., HarmBench, Feb 2024, App. Tables 6-7); paper self-reported"
Average (↑),AutoDAN,6.5,test_copyright,"https://arxiv.org/html/2402.04249v2 (Mazeika et al., HarmBench, Feb 2024, App. Tables 6-7); paper self-reported"
Average (↑),PAP-top5,7.8,test_copyright,"https://arxiv.org/html/2402.04249v2 (Mazeika et al., HarmBench, Feb 2024, App. Tables 6-7); paper self-reported"
Average (↑),Human,4.6,test_copyright,"https://arxiv.org/html/2402.04249v2 (Mazeika et al., HarmBench, Feb 2024, App. Tables 6-7); paper self-reported"
Average (↑),DR,7.5,test_copyright,"https://arxiv.org/html/2402.04249v2 (Mazeika et al., HarmBench, Feb 2024, App. Tables 6-7); paper self-reported"
Llama 2 7B Chat,GCG,32.5,valtest_all,"https://arxiv.org/html/2402.04249v2 (Mazeika et al., HarmBench, Feb 2024, App. Tables 6-7); paper self-reported"
Llama 2 7B Chat,GCG-M,21.2,valtest_all,"https://arxiv.org/html/2402.04249v2 (Mazeika et al., HarmBench, Feb 2024, App. Tables 6-7); paper self-reported"
Llama 2 7B Chat,GCG-T,19.7,valtest_all,"https://arxiv.org/html/2402.04249v2 (Mazeika et al., HarmBench, Feb 2024, App. Tables 6-7); paper self-reported"
Llama 2 7B Chat,PEZ,1.8,valtest_all,"https://arxiv.org/html/2402.04249v2 (Mazeika et al., HarmBench, Feb 2024, App. Tables 6-7); paper self-reported"
Llama 2 7B Chat,GBDA,1.4,valtest_all,"https://arxiv.org/html/2402.04249v2 (Mazeika et al., HarmBench, Feb 2024, App. Tables 6-7); paper self-reported"
Llama 2 7B Chat,UAT,4.5,valtest_all,"https://arxiv.org/html/2402.04249v2 (Mazeika et al., HarmBench, Feb 2024, App. Tables 6-7); paper self-reported"
Llama 2 7B Chat,AP,15.3,valtest_all,"https://arxiv.org/html/2402.04249v2 (Mazeika et al., HarmBench, Feb 2024, App. Tables 6-7); paper self-reported"
Llama 2 7B Chat,SFS,4.3,valtest_all,"https://arxiv.org/html/2402.04249v2 (Mazeika et al., HarmBench, Feb 2024, App. Tables 6-7); paper self-reported"
Llama 2 7B Chat,ZS,2.0,valtest_all,"https://arxiv.org/html/2402.04249v2 (Mazeika et al., HarmBench, Feb 2024, App. Tables 6-7); paper self-reported"
Llama 2 7B Chat,PAIR,9.3,valtest_all,"https://arxiv.org/html/2402.04249v2 (Mazeika et al., HarmBench, Feb 2024, App. Tables 6-7); paper self-reported"
Llama 2 7B Chat,TAP,9.3,valtest_all,"https://arxiv.org/html/2402.04249v2 (Mazeika et al., HarmBench, Feb 2024, App. Tables 6-7); paper self-reported"
Llama 2 7B Chat,TAP-T,7.8,valtest_all,"https://arxiv.org/html/2402.04249v2 (Mazeika et al., HarmBench, Feb 2024, App. Tables 6-7); paper self-reported"
Llama 2 7B Chat,AutoDAN,0.5,valtest_all,"https://arxiv.org/html/2402.04249v2 (Mazeika et al., HarmBench, Feb 2024, App. Tables 6-7); paper self-reported"
Llama 2 7B Chat,PAP-top5,2.7,valtest_all,"https://arxiv.org/html/2402.04249v2 (Mazeika et al., HarmBench, Feb 2024, App. Tables 6-7); paper self-reported"
Llama 2 7B Chat,Human,0.8,valtest_all,"https://arxiv.org/html/2402.04249v2 (Mazeika et al., HarmBench, Feb 2024, App. Tables 6-7); paper self-reported"
Llama 2 7B Chat,DR,0.8,valtest_all,"https://arxiv.org/html/2402.04249v2 (Mazeika et al., HarmBench, Feb 2024, App. Tables 6-7); paper self-reported"
Llama 2 13B Chat,GCG,30.0,valtest_all,"https://arxiv.org/html/2402.04249v2 (Mazeika et al., HarmBench, Feb 2024, App. Tables 6-7); paper self-reported"
Llama 2 13B Chat,GCG-M,11.3,valtest_all,"https://arxiv.org/html/2402.04249v2 (Mazeika et al., HarmBench, Feb 2024, App. Tables 6-7); paper self-reported"
Llama 2 13B Chat,GCG-T,16.4,valtest_all,"https://arxiv.org/html/2402.04249v2 (Mazeika et al., HarmBench, Feb 2024, App. Tables 6-7); paper self-reported"
Llama 2 13B Chat,PEZ,1.7,valtest_all,"https://arxiv.org/html/2402.04249v2 (Mazeika et al., HarmBench, Feb 2024, App. Tables 6-7); paper self-reported"
Llama 2 13B Chat,GBDA,2.2,valtest_all,"https://arxiv.org/html/2402.04249v2 (Mazeika et al., HarmBench, Feb 2024, App. Tables 6-7); paper self-reported"
Llama 2 13B Chat,UAT,1.5,valtest_all,"https://arxiv.org/html/2402.04249v2 (Mazeika et al., HarmBench, Feb 2024, App. Tables 6-7); paper self-reported"
Llama 2 13B Chat,AP,16.3,valtest_all,"https://arxiv.org/html/2402.04249v2 (Mazeika et al., HarmBench, Feb 2024, App. Tables 6-7); paper self-reported"
Llama 2 13B Chat,SFS,6.0,valtest_all,"https://arxiv.org/html/2402.04249v2 (Mazeika et al., HarmBench, Feb 2024, App. Tables 6-7); paper self-reported"
Llama 2 13B Chat,ZS,2.9,valtest_all,"https://arxiv.org/html/2402.04249v2 (Mazeika et al., HarmBench, Feb 2024, App. Tables 6-7); paper self-reported"
Llama 2 13B Chat,PAIR,15.0,valtest_all,"https://arxiv.org/html/2402.04249v2 (Mazeika et al., HarmBench, Feb 2024, App. Tables 6-7); paper self-reported"
Llama 2 13B Chat,TAP,14.2,valtest_all,"https://arxiv.org/html/2402.04249v2 (Mazeika et al., HarmBench, Feb 2024, App. Tables 6-7); paper self-reported"
Llama 2 13B Chat,TAP-T,8.0,valtest_all,"https://arxiv.org/html/2402.04249v2 (Mazeika et al., HarmBench, Feb 2024, App. Tables 6-7); paper self-reported"
Llama 2 13B Chat,AutoDAN,0.8,valtest_all,"https://arxiv.org/html/2402.04249v2 (Mazeika et al., HarmBench, Feb 2024, App. Tables 6-7); paper self-reported"
Llama 2 13B Chat,PAP-top5,3.3,valtest_all,"https://arxiv.org/html/2402.04249v2 (Mazeika et al., HarmBench, Feb 2024, App. Tables 6-7); paper self-reported"
Llama 2 13B Chat,Human,1.7,valtest_all,"https://arxiv.org/html/2402.04249v2 (Mazeika et al., HarmBench, Feb 2024, App. Tables 6-7); paper self-reported"
Llama 2 13B Chat,DR,2.8,valtest_all,"https://arxiv.org/html/2402.04249v2 (Mazeika et al., HarmBench, Feb 2024, App. Tables 6-7); paper self-reported"
Llama 2 70B Chat,GCG,37.5,valtest_all,"https://arxiv.org/html/2402.04249v2 (Mazeika et al., HarmBench, Feb 2024, App. Tables 6-7); paper self-reported"
Llama 2 70B Chat,GCG-M,10.8,valtest_all,"https://arxiv.org/html/2402.04249v2 (Mazeika et al., HarmBench, Feb 2024, App. Tables 6-7); paper self-reported"
Llama 2 70B Chat,GCG-T,22.1,valtest_all,"https://arxiv.org/html/2402.04249v2 (Mazeika et al., HarmBench, Feb 2024, App. Tables 6-7); paper self-reported"
Llama 2 70B Chat,PEZ,3.3,valtest_all,"https://arxiv.org/html/2402.04249v2 (Mazeika et al., HarmBench, Feb 2024, App. Tables 6-7); paper self-reported"
Llama 2 70B Chat,GBDA,2.3,valtest_all,"https://arxiv.org/html/2402.04249v2 (Mazeika et al., HarmBench, Feb 2024, App. Tables 6-7); paper self-reported"
Llama 2 70B Chat,UAT,4.0,valtest_all,"https://arxiv.org/html/2402.04249v2 (Mazeika et al., HarmBench, Feb 2024, App. Tables 6-7); paper self-reported"
Llama 2 70B Chat,AP,20.5,valtest_all,"https://arxiv.org/html/2402.04249v2 (Mazeika et al., HarmBench, Feb 2024, App. Tables 6-7); paper self-reported"
Llama 2 70B Chat,SFS,7.0,valtest_all,"https://arxiv.org/html/2402.04249v2 (Mazeika et al., HarmBench, Feb 2024, App. Tables 6-7); paper self-reported"
Llama 2 70B Chat,ZS,3.0,valtest_all,"https://arxiv.org/html/2402.04249v2 (Mazeika et al., HarmBench, Feb 2024, App. Tables 6-7); paper self-reported"
Llama 2 70B Chat,PAIR,14.5,valtest_all,"https://arxiv.org/html/2402.04249v2 (Mazeika et al., HarmBench, Feb 2024, App. Tables 6-7); paper self-reported"
Llama 2 70B Chat,TAP,13.3,valtest_all,"https://arxiv.org/html/2402.04249v2 (Mazeika et al., HarmBench, Feb 2024, App. Tables 6-7); paper self-reported"
Llama 2 70B Chat,TAP-T,16.3,valtest_all,"https://arxiv.org/html/2402.04249v2 (Mazeika et al., HarmBench, Feb 2024, App. Tables 6-7); paper self-reported"
Llama 2 70B Chat,AutoDAN,2.8,valtest_all,"https://arxiv.org/html/2402.04249v2 (Mazeika et al., HarmBench, Feb 2024, App. Tables 6-7); paper self-reported"
Llama 2 70B Chat,PAP-top5,4.1,valtest_all,"https://arxiv.org/html/2402.04249v2 (Mazeika et al., HarmBench, Feb 2024, App. Tables 6-7); paper self-reported"
Llama 2 70B Chat,Human,2.2,valtest_all,"https://arxiv.org/html/2402.04249v2 (Mazeika et al., HarmBench, Feb 2024, App. Tables 6-7); paper self-reported"
Llama 2 70B Chat,DR,2.8,valtest_all,"https://arxiv.org/html/2402.04249v2 (Mazeika et al., HarmBench, Feb 2024, App. Tables 6-7); paper self-reported"
Vicuna 7B,GCG,65.5,valtest_all,"https://arxiv.org/html/2402.04249v2 (Mazeika et al., HarmBench, Feb 2024, App. Tables 6-7); paper self-reported"
Vicuna 7B,GCG-M,61.5,valtest_all,"https://arxiv.org/html/2402.04249v2 (Mazeika et al., HarmBench, Feb 2024, App. Tables 6-7); paper self-reported"
Vicuna 7B,GCG-T,60.8,valtest_all,"https://arxiv.org/html/2402.04249v2 (Mazeika et al., HarmBench, Feb 2024, App. Tables 6-7); paper self-reported"
Vicuna 7B,PEZ,19.8,valtest_all,"https://arxiv.org/html/2402.04249v2 (Mazeika et al., HarmBench, Feb 2024, App. Tables 6-7); paper self-reported"
Vicuna 7B,GBDA,19.0,valtest_all,"https://arxiv.org/html/2402.04249v2 (Mazeika et al., HarmBench, Feb 2024, App. Tables 6-7); paper self-reported"
Vicuna 7B,UAT,19.3,valtest_all,"https://arxiv.org/html/2402.04249v2 (Mazeika et al., HarmBench, Feb 2024, App. Tables 6-7); paper self-reported"
Vicuna 7B,AP,56.3,valtest_all,"https://arxiv.org/html/2402.04249v2 (Mazeika et al., HarmBench, Feb 2024, App. Tables 6-7); paper self-reported"
Vicuna 7B,SFS,42.3,valtest_all,"https://arxiv.org/html/2402.04249v2 (Mazeika et al., HarmBench, Feb 2024, App. Tables 6-7); paper self-reported"
Vicuna 7B,ZS,27.2,valtest_all,"https://arxiv.org/html/2402.04249v2 (Mazeika et al., HarmBench, Feb 2024, App. Tables 6-7); paper self-reported"
Vicuna 7B,PAIR,53.5,valtest_all,"https://arxiv.org/html/2402.04249v2 (Mazeika et al., HarmBench, Feb 2024, App. Tables 6-7); paper self-reported"
Vicuna 7B,TAP,51.0,valtest_all,"https://arxiv.org/html/2402.04249v2 (Mazeika et al., HarmBench, Feb 2024, App. Tables 6-7); paper self-reported"
Vicuna 7B,TAP-T,59.8,valtest_all,"https://arxiv.org/html/2402.04249v2 (Mazeika et al., HarmBench, Feb 2024, App. Tables 6-7); paper self-reported"
Vicuna 7B,AutoDAN,66.0,valtest_all,"https://arxiv.org/html/2402.04249v2 (Mazeika et al., HarmBench, Feb 2024, App. Tables 6-7); paper self-reported"
Vicuna 7B,PAP-top5,18.9,valtest_all,"https://arxiv.org/html/2402.04249v2 (Mazeika et al., HarmBench, Feb 2024, App. Tables 6-7); paper self-reported"
Vicuna 7B,Human,39.0,valtest_all,"https://arxiv.org/html/2402.04249v2 (Mazeika et al., HarmBench, Feb 2024, App. Tables 6-7); paper self-reported"
Vicuna 7B,DR,24.3,valtest_all,"https://arxiv.org/html/2402.04249v2 (Mazeika et al., HarmBench, Feb 2024, App. Tables 6-7); paper self-reported"
Vicuna 13B,GCG,67.0,valtest_all,"https://arxiv.org/html/2402.04249v2 (Mazeika et al., HarmBench, Feb 2024, App. Tables 6-7); paper self-reported"
Vicuna 13B,GCG-M,61.3,valtest_all,"https://arxiv.org/html/2402.04249v2 (Mazeika et al., HarmBench, Feb 2024, App. Tables 6-7); paper self-reported"
Vicuna 13B,GCG-T,54.9,valtest_all,"https://arxiv.org/html/2402.04249v2 (Mazeika et al., HarmBench, Feb 2024, App. Tables 6-7); paper self-reported"
Vicuna 13B,PEZ,15.8,valtest_all,"https://arxiv.org/html/2402.04249v2 (Mazeika et al., HarmBench, Feb 2024, App. Tables 6-7); paper self-reported"
Vicuna 13B,GBDA,14.3,valtest_all,"https://arxiv.org/html/2402.04249v2 (Mazeika et al., HarmBench, Feb 2024, App. Tables 6-7); paper self-reported"
Vicuna 13B,UAT,14.2,valtest_all,"https://arxiv.org/html/2402.04249v2 (Mazeika et al., HarmBench, Feb 2024, App. Tables 6-7); paper self-reported"
Vicuna 13B,AP,41.8,valtest_all,"https://arxiv.org/html/2402.04249v2 (Mazeika et al., HarmBench, Feb 2024, App. Tables 6-7); paper self-reported"
Vicuna 13B,SFS,32.3,valtest_all,"https://arxiv.org/html/2402.04249v2 (Mazeika et al., HarmBench, Feb 2024, App. Tables 6-7); paper self-reported"
Vicuna 13B,ZS,23.2,valtest_all,"https://arxiv.org/html/2402.04249v2 (Mazeika et al., HarmBench, Feb 2024, App. Tables 6-7); paper self-reported"
Vicuna 13B,PAIR,47.5,valtest_all,"https://arxiv.org/html/2402.04249v2 (Mazeika et al., HarmBench, Feb 2024, App. Tables 6-7); paper self-reported"
Vicuna 13B,TAP,54.8,valtest_all,"https://arxiv.org/html/2402.04249v2 (Mazeika et al., HarmBench, Feb 2024, App. Tables 6-7); paper self-reported"
Vicuna 13B,TAP-T,62.1,valtest_all,"https://arxiv.org/html/2402.04249v2 (Mazeika et al., HarmBench, Feb 2024, App. Tables 6-7); paper self-reported"
Vicuna 13B,AutoDAN,65.5,valtest_all,"https://arxiv.org/html/2402.04249v2 (Mazeika et al., HarmBench, Feb 2024, App. Tables 6-7); paper self-reported"
Vicuna 13B,PAP-top5,19.3,valtest_all,"https://arxiv.org/html/2402.04249v2 (Mazeika et al., HarmBench, Feb 2024, App. Tables 6-7); paper self-reported"
Vicuna 13B,Human,40.0,valtest_all,"https://arxiv.org/html/2402.04249v2 (Mazeika et al., HarmBench, Feb 2024, App. Tables 6-7); paper self-reported"
Vicuna 13B,DR,19.8,valtest_all,"https://arxiv.org/html/2402.04249v2 (Mazeika et al., HarmBench, Feb 2024, App. Tables 6-7); paper self-reported"
Baichuan 2 7B,GCG,61.5,valtest_all,"https://arxiv.org/html/2402.04249v2 (Mazeika et al., HarmBench, Feb 2024, App. Tables 6-7); paper self-reported"
Baichuan 2 7B,GCG-M,40.7,valtest_all,"https://arxiv.org/html/2402.04249v2 (Mazeika et al., HarmBench, Feb 2024, App. Tables 6-7); paper self-reported"
Baichuan 2 7B,GCG-T,46.4,valtest_all,"https://arxiv.org/html/2402.04249v2 (Mazeika et al., HarmBench, Feb 2024, App. Tables 6-7); paper self-reported"
Baichuan 2 7B,PEZ,32.3,valtest_all,"https://arxiv.org/html/2402.04249v2 (Mazeika et al., HarmBench, Feb 2024, App. Tables 6-7); paper self-reported"
Baichuan 2 7B,GBDA,29.8,valtest_all,"https://arxiv.org/html/2402.04249v2 (Mazeika et al., HarmBench, Feb 2024, App. Tables 6-7); paper self-reported"
Baichuan 2 7B,UAT,28.5,valtest_all,"https://arxiv.org/html/2402.04249v2 (Mazeika et al., HarmBench, Feb 2024, App. Tables 6-7); paper self-reported"
Baichuan 2 7B,AP,48.3,valtest_all,"https://arxiv.org/html/2402.04249v2 (Mazeika et al., HarmBench, Feb 2024, App. Tables 6-7); paper self-reported"
Baichuan 2 7B,SFS,26.8,valtest_all,"https://arxiv.org/html/2402.04249v2 (Mazeika et al., HarmBench, Feb 2024, App. Tables 6-7); paper self-reported"
Baichuan 2 7B,ZS,27.9,valtest_all,"https://arxiv.org/html/2402.04249v2 (Mazeika et al., HarmBench, Feb 2024, App. Tables 6-7); paper self-reported"
Baichuan 2 7B,PAIR,37.3,valtest_all,"https://arxiv.org/html/2402.04249v2 (Mazeika et al., HarmBench, Feb 2024, App. Tables 6-7); paper self-reported"
Baichuan 2 7B,TAP,51.0,valtest_all,"https://arxiv.org/html/2402.04249v2 (Mazeika et al., HarmBench, Feb 2024, App. Tables 6-7); paper self-reported"
Baichuan 2 7B,TAP-T,58.5,valtest_all,"https://arxiv.org/html/2402.04249v2 (Mazeika et al., HarmBench, Feb 2024, App. Tables 6-7); paper self-reported"
Baichuan 2 7B,AutoDAN,53.3,valtest_all,"https://arxiv.org/html/2402.04249v2 (Mazeika et al., HarmBench, Feb 2024, App. Tables 6-7); paper self-reported"
Baichuan 2 7B,PAP-top5,19.0,valtest_all,"https://arxiv.org/html/2402.04249v2 (Mazeika et al., HarmBench, Feb 2024, App. Tables 6-7); paper self-reported"
Baichuan 2 7B,Human,27.2,valtest_all,"https://arxiv.org/html/2402.04249v2 (Mazeika et al., HarmBench, Feb 2024, App. Tables 6-7); paper self-reported"
Baichuan 2 7B,DR,18.8,valtest_all,"https://arxiv.org/html/2402.04249v2 (Mazeika et al., HarmBench, Feb 2024, App. Tables 6-7); paper self-reported"
Baichuan 2 13B,GCG,62.3,valtest_all,"https://arxiv.org/html/2402.04249v2 (Mazeika et al., HarmBench, Feb 2024, App. Tables 6-7); paper self-reported"
Baichuan 2 13B,GCG-M,52.4,valtest_all,"https://arxiv.org/html/2402.04249v2 (Mazeika et al., HarmBench, Feb 2024, App. Tables 6-7); paper self-reported"
Baichuan 2 13B,GCG-T,45.3,valtest_all,"https://arxiv.org/html/2402.04249v2 (Mazeika et al., HarmBench, Feb 2024, App. Tables 6-7); paper self-reported"
Baichuan 2 13B,PEZ,28.5,valtest_all,"https://arxiv.org/html/2402.04249v2 (Mazeika et al., HarmBench, Feb 2024, App. Tables 6-7); paper self-reported"
Baichuan 2 13B,GBDA,26.6,valtest_all,"https://arxiv.org/html/2402.04249v2 (Mazeika et al., HarmBench, Feb 2024, App. Tables 6-7); paper self-reported"
Baichuan 2 13B,UAT,49.8,valtest_all,"https://arxiv.org/html/2402.04249v2 (Mazeika et al., HarmBench, Feb 2024, App. Tables 6-7); paper self-reported"
Baichuan 2 13B,AP,55.0,valtest_all,"https://arxiv.org/html/2402.04249v2 (Mazeika et al., HarmBench, Feb 2024, App. Tables 6-7); paper self-reported"
Baichuan 2 13B,SFS,39.5,valtest_all,"https://arxiv.org/html/2402.04249v2 (Mazeika et al., HarmBench, Feb 2024, App. Tables 6-7); paper self-reported"
Baichuan 2 13B,ZS,25.0,valtest_all,"https://arxiv.org/html/2402.04249v2 (Mazeika et al., HarmBench, Feb 2024, App. Tables 6-7); paper self-reported"
Baichuan 2 13B,PAIR,52.3,valtest_all,"https://arxiv.org/html/2402.04249v2 (Mazeika et al., HarmBench, Feb 2024, App. Tables 6-7); paper self-reported"
Baichuan 2 13B,TAP,54.8,valtest_all,"https://arxiv.org/html/2402.04249v2 (Mazeika et al., HarmBench, Feb 2024, App. Tables 6-7); paper self-reported"
Baichuan 2 13B,TAP-T,63.6,valtest_all,"https://arxiv.org/html/2402.04249v2 (Mazeika et al., HarmBench, Feb 2024, App. Tables 6-7); paper self-reported"
Baichuan 2 13B,AutoDAN,60.1,valtest_all,"https://arxiv.org/html/2402.04249v2 (Mazeika et al., HarmBench, Feb 2024, App. Tables 6-7); paper self-reported"
Baichuan 2 13B,PAP-top5,21.7,valtest_all,"https://arxiv.org/html/2402.04249v2 (Mazeika et al., HarmBench, Feb 2024, App. Tables 6-7); paper self-reported"
Baichuan 2 13B,Human,31.7,valtest_all,"https://arxiv.org/html/2402.04249v2 (Mazeika et al., HarmBench, Feb 2024, App. Tables 6-7); paper self-reported"
Baichuan 2 13B,DR,19.3,valtest_all,"https://arxiv.org/html/2402.04249v2 (Mazeika et al., HarmBench, Feb 2024, App. Tables 6-7); paper self-reported"
Qwen 7B Chat,GCG,59.2,valtest_all,"https://arxiv.org/html/2402.04249v2 (Mazeika et al., HarmBench, Feb 2024, App. Tables 6-7); paper self-reported"
Qwen 7B Chat,GCG-M,52.5,valtest_all,"https://arxiv.org/html/2402.04249v2 (Mazeika et al., HarmBench, Feb 2024, App. Tables 6-7); paper self-reported"
Qwen 7B Chat,GCG-T,38.3,valtest_all,"https://arxiv.org/html/2402.04249v2 (Mazeika et al., HarmBench, Feb 2024, App. Tables 6-7); paper self-reported"
Qwen 7B Chat,PEZ,13.2,valtest_all,"https://arxiv.org/html/2402.04249v2 (Mazeika et al., HarmBench, Feb 2024, App. Tables 6-7); paper self-reported"
Qwen 7B Chat,GBDA,12.7,valtest_all,"https://arxiv.org/html/2402.04249v2 (Mazeika et al., HarmBench, Feb 2024, App. Tables 6-7); paper self-reported"
Qwen 7B Chat,UAT,11.0,valtest_all,"https://arxiv.org/html/2402.04249v2 (Mazeika et al., HarmBench, Feb 2024, App. Tables 6-7); paper self-reported"
Qwen 7B Chat,AP,49.7,valtest_all,"https://arxiv.org/html/2402.04249v2 (Mazeika et al., HarmBench, Feb 2024, App. Tables 6-7); paper self-reported"
Qwen 7B Chat,SFS,31.8,valtest_all,"https://arxiv.org/html/2402.04249v2 (Mazeika et al., HarmBench, Feb 2024, App. Tables 6-7); paper self-reported"
Qwen 7B Chat,ZS,15.6,valtest_all,"https://arxiv.org/html/2402.04249v2 (Mazeika et al., HarmBench, Feb 2024, App. Tables 6-7); paper self-reported"
Qwen 7B Chat,PAIR,50.2,valtest_all,"https://arxiv.org/html/2402.04249v2 (Mazeika et al., HarmBench, Feb 2024, App. Tables 6-7); paper self-reported"
Qwen 7B Chat,TAP,53.0,valtest_all,"https://arxiv.org/html/2402.04249v2 (Mazeika et al., HarmBench, Feb 2024, App. Tables 6-7); paper self-reported"
Qwen 7B Chat,TAP-T,59.0,valtest_all,"https://arxiv.org/html/2402.04249v2 (Mazeika et al., HarmBench, Feb 2024, App. Tables 6-7); paper self-reported"
Qwen 7B Chat,AutoDAN,47.3,valtest_all,"https://arxiv.org/html/2402.04249v2 (Mazeika et al., HarmBench, Feb 2024, App. Tables 6-7); paper self-reported"
Qwen 7B Chat,PAP-top5,13.3,valtest_all,"https://arxiv.org/html/2402.04249v2 (Mazeika et al., HarmBench, Feb 2024, App. Tables 6-7); paper self-reported"
Qwen 7B Chat,Human,24.6,valtest_all,"https://arxiv.org/html/2402.04249v2 (Mazeika et al., HarmBench, Feb 2024, App. Tables 6-7); paper self-reported"
Qwen 7B Chat,DR,13.0,valtest_all,"https://arxiv.org/html/2402.04249v2 (Mazeika et al., HarmBench, Feb 2024, App. Tables 6-7); paper self-reported"
Qwen 14B Chat,GCG,62.9,valtest_all,"https://arxiv.org/html/2402.04249v2 (Mazeika et al., HarmBench, Feb 2024, App. Tables 6-7); paper self-reported"
Qwen 14B Chat,GCG-M,54.3,valtest_all,"https://arxiv.org/html/2402.04249v2 (Mazeika et al., HarmBench, Feb 2024, App. Tables 6-7); paper self-reported"
Qwen 14B Chat,GCG-T,38.8,valtest_all,"https://arxiv.org/html/2402.04249v2 (Mazeika et al., HarmBench, Feb 2024, App. Tables 6-7); paper self-reported"
Qwen 14B Chat,PEZ,11.3,valtest_all,"https://arxiv.org/html/2402.04249v2 (Mazeika et al., HarmBench, Feb 2024, App. Tables 6-7); paper self-reported"
Qwen 14B Chat,GBDA,12.0,valtest_all,"https://arxiv.org/html/2402.04249v2 (Mazeika et al., HarmBench, Feb 2024, App. Tables 6-7); paper self-reported"
Qwen 14B Chat,UAT,10.3,valtest_all,"https://arxiv.org/html/2402.04249v2 (Mazeika et al., HarmBench, Feb 2024, App. Tables 6-7); paper self-reported"
Qwen 14B Chat,AP,45.3,valtest_all,"https://arxiv.org/html/2402.04249v2 (Mazeika et al., HarmBench, Feb 2024, App. Tables 6-7); paper self-reported"
Qwen 14B Chat,SFS,29.5,valtest_all,"https://arxiv.org/html/2402.04249v2 (Mazeika et al., HarmBench, Feb 2024, App. Tables 6-7); paper self-reported"
Qwen 14B Chat,ZS,16.9,valtest_all,"https://arxiv.org/html/2402.04249v2 (Mazeika et al., HarmBench, Feb 2024, App. Tables 6-7); paper self-reported"
Qwen 14B Chat,PAIR,46.0,valtest_all,"https://arxiv.org/html/2402.04249v2 (Mazeika et al., HarmBench, Feb 2024, App. Tables 6-7); paper self-reported"
Qwen 14B Chat,TAP,48.8,valtest_all,"https://arxiv.org/html/2402.04249v2 (Mazeika et al., HarmBench, Feb 2024, App. Tables 6-7); paper self-reported"
Qwen 14B Chat,TAP-T,55.5,valtest_all,"https://arxiv.org/html/2402.04249v2 (Mazeika et al., HarmBench, Feb 2024, App. Tables 6-7); paper self-reported"
Qwen 14B Chat,AutoDAN,52.5,valtest_all,"https://arxiv.org/html/2402.04249v2 (Mazeika et al., HarmBench, Feb 2024, App. Tables 6-7); paper self-reported"
Qwen 14B Chat,PAP-top5,12.8,valtest_all,"https://arxiv.org/html/2402.04249v2 (Mazeika et al., HarmBench, Feb 2024, App. Tables 6-7); paper self-reported"
Qwen 14B Chat,Human,29.0,valtest_all,"https://arxiv.org/html/2402.04249v2 (Mazeika et al., HarmBench, Feb 2024, App. Tables 6-7); paper self-reported"
Qwen 14B Chat,DR,16.5,valtest_all,"https://arxiv.org/html/2402.04249v2 (Mazeika et al., HarmBench, Feb 2024, App. Tables 6-7); paper self-reported"
Qwen 72B Chat,GCG-T,36.2,valtest_all,"https://arxiv.org/html/2402.04249v2 (Mazeika et al., HarmBench, Feb 2024, App. Tables 6-7); paper self-reported"
Qwen 72B Chat,SFS,32.3,valtest_all,"https://arxiv.org/html/2402.04249v2 (Mazeika et al., HarmBench, Feb 2024, App. Tables 6-7); paper self-reported"
Qwen 72B Chat,ZS,19.1,valtest_all,"https://arxiv.org/html/2402.04249v2 (Mazeika et al., HarmBench, Feb 2024, App. Tables 6-7); paper self-reported"
Qwen 72B Chat,PAIR,46.3,valtest_all,"https://arxiv.org/html/2402.04249v2 (Mazeika et al., HarmBench, Feb 2024, App. Tables 6-7); paper self-reported"
Qwen 72B Chat,TAP,50.2,valtest_all,"https://arxiv.org/html/2402.04249v2 (Mazeika et al., HarmBench, Feb 2024, App. Tables 6-7); paper self-reported"
Qwen 72B Chat,TAP-T,56.3,valtest_all,"https://arxiv.org/html/2402.04249v2 (Mazeika et al., HarmBench, Feb 2024, App. Tables 6-7); paper self-reported"
Qwen 72B Chat,AutoDAN,41.0,valtest_all,"https://arxiv.org/html/2402.04249v2 (Mazeika et al., HarmBench, Feb 2024, App. Tables 6-7); paper self-reported"
Qwen 72B Chat,PAP-top5,21.6,valtest_all,"https://arxiv.org/html/2402.04249v2 (Mazeika et al., HarmBench, Feb 2024, App. Tables 6-7); paper self-reported"
Qwen 72B Chat,Human,37.8,valtest_all,"https://arxiv.org/html/2402.04249v2 (Mazeika et al., HarmBench, Feb 2024, App. Tables 6-7); paper self-reported"
Qwen 72B Chat,DR,18.3,valtest_all,"https://arxiv.org/html/2402.04249v2 (Mazeika et al., HarmBench, Feb 2024, App. Tables 6-7); paper self-reported"
Koala 7B,GCG,60.5,valtest_all,"https://arxiv.org/html/2402.04249v2 (Mazeika et al., HarmBench, Feb 2024, App. Tables 6-7); paper self-reported"
Koala 7B,GCG-M,54.2,valtest_all,"https://arxiv.org/html/2402.04249v2 (Mazeika et al., HarmBench, Feb 2024, App. Tables 6-7); paper self-reported"
Koala 7B,GCG-T,51.7,valtest_all,"https://arxiv.org/html/2402.04249v2 (Mazeika et al., HarmBench, Feb 2024, App. Tables 6-7); paper self-reported"
Koala 7B,PEZ,42.3,valtest_all,"https://arxiv.org/html/2402.04249v2 (Mazeika et al., HarmBench, Feb 2024, App. Tables 6-7); paper self-reported"
Koala 7B,GBDA,50.6,valtest_all,"https://arxiv.org/html/2402.04249v2 (Mazeika et al., HarmBench, Feb 2024, App. Tables 6-7); paper self-reported"
Koala 7B,UAT,49.8,valtest_all,"https://arxiv.org/html/2402.04249v2 (Mazeika et al., HarmBench, Feb 2024, App. Tables 6-7); paper self-reported"
Koala 7B,AP,53.3,valtest_all,"https://arxiv.org/html/2402.04249v2 (Mazeika et al., HarmBench, Feb 2024, App. Tables 6-7); paper self-reported"
Koala 7B,SFS,43.0,valtest_all,"https://arxiv.org/html/2402.04249v2 (Mazeika et al., HarmBench, Feb 2024, App. Tables 6-7); paper self-reported"
Koala 7B,ZS,41.8,valtest_all,"https://arxiv.org/html/2402.04249v2 (Mazeika et al., HarmBench, Feb 2024, App. Tables 6-7); paper self-reported"
Koala 7B,PAIR,49.0,valtest_all,"https://arxiv.org/html/2402.04249v2 (Mazeika et al., HarmBench, Feb 2024, App. Tables 6-7); paper self-reported"
Koala 7B,TAP,59.5,valtest_all,"https://arxiv.org/html/2402.04249v2 (Mazeika et al., HarmBench, Feb 2024, App. Tables 6-7); paper self-reported"
Koala 7B,TAP-T,56.5,valtest_all,"https://arxiv.org/html/2402.04249v2 (Mazeika et al., HarmBench, Feb 2024, App. Tables 6-7); paper self-reported"
Koala 7B,AutoDAN,55.5,valtest_all,"https://arxiv.org/html/2402.04249v2 (Mazeika et al., HarmBench, Feb 2024, App. Tables 6-7); paper self-reported"
Koala 7B,PAP-top5,18.3,valtest_all,"https://arxiv.org/html/2402.04249v2 (Mazeika et al., HarmBench, Feb 2024, App. Tables 6-7); paper self-reported"
Koala 7B,Human,26.4,valtest_all,"https://arxiv.org/html/2402.04249v2 (Mazeika et al., HarmBench, Feb 2024, App. Tables 6-7); paper self-reported"
Koala 7B,DR,38.3,valtest_all,"https://arxiv.org/html/2402.04249v2 (Mazeika et al., HarmBench, Feb 2024, App. Tables 6-7); paper self-reported"
Koala 13B,GCG,61.8,valtest_all,"https://arxiv.org/html/2402.04249v2 (Mazeika et al., HarmBench, Feb 2024, App. Tables 6-7); paper self-reported"
Koala 13B,GCG-M,56.4,valtest_all,"https://arxiv.org/html/2402.04249v2 (Mazeika et al., HarmBench, Feb 2024, App. Tables 6-7); paper self-reported"
Koala 13B,GCG-T,57.3,valtest_all,"https://arxiv.org/html/2402.04249v2 (Mazeika et al., HarmBench, Feb 2024, App. Tables 6-7); paper self-reported"
Koala 13B,PEZ,46.1,valtest_all,"https://arxiv.org/html/2402.04249v2 (Mazeika et al., HarmBench, Feb 2024, App. Tables 6-7); paper self-reported"
Koala 13B,GBDA,52.7,valtest_all,"https://arxiv.org/html/2402.04249v2 (Mazeika et al., HarmBench, Feb 2024, App. Tables 6-7); paper self-reported"
Koala 13B,UAT,54.5,valtest_all,"https://arxiv.org/html/2402.04249v2 (Mazeika et al., HarmBench, Feb 2024, App. Tables 6-7); paper self-reported"
Koala 13B,AP,59.8,valtest_all,"https://arxiv.org/html/2402.04249v2 (Mazeika et al., HarmBench, Feb 2024, App. Tables 6-7); paper self-reported"
Koala 13B,SFS,37.5,valtest_all,"https://arxiv.org/html/2402.04249v2 (Mazeika et al., HarmBench, Feb 2024, App. Tables 6-7); paper self-reported"
Koala 13B,ZS,36.4,valtest_all,"https://arxiv.org/html/2402.04249v2 (Mazeika et al., HarmBench, Feb 2024, App. Tables 6-7); paper self-reported"
Koala 13B,PAIR,52.8,valtest_all,"https://arxiv.org/html/2402.04249v2 (Mazeika et al., HarmBench, Feb 2024, App. Tables 6-7); paper self-reported"
Koala 13B,TAP,58.5,valtest_all,"https://arxiv.org/html/2402.04249v2 (Mazeika et al., HarmBench, Feb 2024, App. Tables 6-7); paper self-reported"
Koala 13B,TAP-T,59.0,valtest_all,"https://arxiv.org/html/2402.04249v2 (Mazeika et al., HarmBench, Feb 2024, App. Tables 6-7); paper self-reported"
Koala 13B,AutoDAN,65.8,valtest_all,"https://arxiv.org/html/2402.04249v2 (Mazeika et al., HarmBench, Feb 2024, App. Tables 6-7); paper self-reported"
Koala 13B,PAP-top5,16.2,valtest_all,"https://arxiv.org/html/2402.04249v2 (Mazeika et al., HarmBench, Feb 2024, App. Tables 6-7); paper self-reported"
Koala 13B,Human,31.3,valtest_all,"https://arxiv.org/html/2402.04249v2 (Mazeika et al., HarmBench, Feb 2024, App. Tables 6-7); paper self-reported"
Koala 13B,DR,27.3,valtest_all,"https://arxiv.org/html/2402.04249v2 (Mazeika et al., HarmBench, Feb 2024, App. Tables 6-7); paper self-reported"
Orca 2 7B,GCG,46.0,valtest_all,"https://arxiv.org/html/2402.04249v2 (Mazeika et al., HarmBench, Feb 2024, App. Tables 6-7); paper self-reported"
Orca 2 7B,GCG-M,38.7,valtest_all,"https://arxiv.org/html/2402.04249v2 (Mazeika et al., HarmBench, Feb 2024, App. Tables 6-7); paper self-reported"
Orca 2 7B,GCG-T,60.1,valtest_all,"https://arxiv.org/html/2402.04249v2 (Mazeika et al., HarmBench, Feb 2024, App. Tables 6-7); paper self-reported"
Orca 2 7B,PEZ,37.4,valtest_all,"https://arxiv.org/html/2402.04249v2 (Mazeika et al., HarmBench, Feb 2024, App. Tables 6-7); paper self-reported"
Orca 2 7B,GBDA,36.1,valtest_all,"https://arxiv.org/html/2402.04249v2 (Mazeika et al., HarmBench, Feb 2024, App. Tables 6-7); paper self-reported"
Orca 2 7B,UAT,38.5,valtest_all,"https://arxiv.org/html/2402.04249v2 (Mazeika et al., HarmBench, Feb 2024, App. Tables 6-7); paper self-reported"
Orca 2 7B,AP,34.8,valtest_all,"https://arxiv.org/html/2402.04249v2 (Mazeika et al., HarmBench, Feb 2024, App. Tables 6-7); paper self-reported"
Orca 2 7B,SFS,46.0,valtest_all,"https://arxiv.org/html/2402.04249v2 (Mazeika et al., HarmBench, Feb 2024, App. Tables 6-7); paper self-reported"
Orca 2 7B,ZS,41.1,valtest_all,"https://arxiv.org/html/2402.04249v2 (Mazeika et al., HarmBench, Feb 2024, App. Tables 6-7); paper self-reported"
Orca 2 7B,PAIR,57.3,valtest_all,"https://arxiv.org/html/2402.04249v2 (Mazeika et al., HarmBench, Feb 2024, App. Tables 6-7); paper self-reported"
Orca 2 7B,TAP,57.0,valtest_all,"https://arxiv.org/html/2402.04249v2 (Mazeika et al., HarmBench, Feb 2024, App. Tables 6-7); paper self-reported"
Orca 2 7B,TAP-T,60.3,valtest_all,"https://arxiv.org/html/2402.04249v2 (Mazeika et al., HarmBench, Feb 2024, App. Tables 6-7); paper self-reported"
Orca 2 7B,AutoDAN,71.0,valtest_all,"https://arxiv.org/html/2402.04249v2 (Mazeika et al., HarmBench, Feb 2024, App. Tables 6-7); paper self-reported"
Orca 2 7B,PAP-top5,18.1,valtest_all,"https://arxiv.org/html/2402.04249v2 (Mazeika et al., HarmBench, Feb 2024, App. Tables 6-7); paper self-reported"
Orca 2 7B,Human,39.2,valtest_all,"https://arxiv.org/html/2402.04249v2 (Mazeika et al., HarmBench, Feb 2024, App. Tables 6-7); paper self-reported"
Orca 2 7B,DR,39.0,valtest_all,"https://arxiv.org/html/2402.04249v2 (Mazeika et al., HarmBench, Feb 2024, App. Tables 6-7); paper self-reported"
Orca 2 13B,GCG,50.7,valtest_all,"https://arxiv.org/html/2402.04249v2 (Mazeika et al., HarmBench, Feb 2024, App. Tables 6-7); paper self-reported"
Orca 2 13B,GCG-M,30.3,valtest_all,"https://arxiv.org/html/2402.04249v2 (Mazeika et al., HarmBench, Feb 2024, App. Tables 6-7); paper self-reported"
Orca 2 13B,GCG-T,52.0,valtest_all,"https://arxiv.org/html/2402.04249v2 (Mazeika et al., HarmBench, Feb 2024, App. Tables 6-7); paper self-reported"
Orca 2 13B,PEZ,35.7,valtest_all,"https://arxiv.org/html/2402.04249v2 (Mazeika et al., HarmBench, Feb 2024, App. Tables 6-7); paper self-reported"
Orca 2 13B,GBDA,33.4,valtest_all,"https://arxiv.org/html/2402.04249v2 (Mazeika et al., HarmBench, Feb 2024, App. Tables 6-7); paper self-reported"
Orca 2 13B,UAT,36.3,valtest_all,"https://arxiv.org/html/2402.04249v2 (Mazeika et al., HarmBench, Feb 2024, App. Tables 6-7); paper self-reported"
Orca 2 13B,AP,31.8,valtest_all,"https://arxiv.org/html/2402.04249v2 (Mazeika et al., HarmBench, Feb 2024, App. Tables 6-7); paper self-reported"
Orca 2 13B,SFS,50.5,valtest_all,"https://arxiv.org/html/2402.04249v2 (Mazeika et al., HarmBench, Feb 2024, App. Tables 6-7); paper self-reported"
Orca 2 13B,ZS,42.8,valtest_all,"https://arxiv.org/html/2402.04249v2 (Mazeika et al., HarmBench, Feb 2024, App. Tables 6-7); paper self-reported"
Orca 2 13B,PAIR,55.8,valtest_all,"https://arxiv.org/html/2402.04249v2 (Mazeika et al., HarmBench, Feb 2024, App. Tables 6-7); paper self-reported"
Orca 2 13B,TAP,59.5,valtest_all,"https://arxiv.org/html/2402.04249v2 (Mazeika et al., HarmBench, Feb 2024, App. Tables 6-7); paper self-reported"
Orca 2 13B,TAP-T,63.8,valtest_all,"https://arxiv.org/html/2402.04249v2 (Mazeika et al., HarmBench, Feb 2024, App. Tables 6-7); paper self-reported"
Orca 2 13B,AutoDAN,69.8,valtest_all,"https://arxiv.org/html/2402.04249v2 (Mazeika et al., HarmBench, Feb 2024, App. Tables 6-7); paper self-reported"
Orca 2 13B,PAP-top5,19.6,valtest_all,"https://arxiv.org/html/2402.04249v2 (Mazeika et al., HarmBench, Feb 2024, App. Tables 6-7); paper self-reported"
Orca 2 13B,Human,42.4,valtest_all,"https://arxiv.org/html/2402.04249v2 (Mazeika et al., HarmBench, Feb 2024, App. Tables 6-7); paper self-reported"
Orca 2 13B,DR,44.5,valtest_all,"https://arxiv.org/html/2402.04249v2 (Mazeika et al., HarmBench, Feb 2024, App. Tables 6-7); paper self-reported"
SOLAR 10.7B-Instruct,GCG,57.5,valtest_all,"https://arxiv.org/html/2402.04249v2 (Mazeika et al., HarmBench, Feb 2024, App. Tables 6-7); paper self-reported"
SOLAR 10.7B-Instruct,GCG-M,61.6,valtest_all,"https://arxiv.org/html/2402.04249v2 (Mazeika et al., HarmBench, Feb 2024, App. Tables 6-7); paper self-reported"
SOLAR 10.7B-Instruct,GCG-T,58.9,valtest_all,"https://arxiv.org/html/2402.04249v2 (Mazeika et al., HarmBench, Feb 2024, App. Tables 6-7); paper self-reported"
SOLAR 10.7B-Instruct,PEZ,56.1,valtest_all,"https://arxiv.org/html/2402.04249v2 (Mazeika et al., HarmBench, Feb 2024, App. Tables 6-7); paper self-reported"
SOLAR 10.7B-Instruct,GBDA,54.5,valtest_all,"https://arxiv.org/html/2402.04249v2 (Mazeika et al., HarmBench, Feb 2024, App. Tables 6-7); paper self-reported"
SOLAR 10.7B-Instruct,UAT,54.0,valtest_all,"https://arxiv.org/html/2402.04249v2 (Mazeika et al., HarmBench, Feb 2024, App. Tables 6-7); paper self-reported"
SOLAR 10.7B-Instruct,AP,54.3,valtest_all,"https://arxiv.org/html/2402.04249v2 (Mazeika et al., HarmBench, Feb 2024, App. Tables 6-7); paper self-reported"
SOLAR 10.7B-Instruct,SFS,58.3,valtest_all,"https://arxiv.org/html/2402.04249v2 (Mazeika et al., HarmBench, Feb 2024, App. Tables 6-7); paper self-reported"
SOLAR 10.7B-Instruct,ZS,54.9,valtest_all,"https://arxiv.org/html/2402.04249v2 (Mazeika et al., HarmBench, Feb 2024, App. Tables 6-7); paper self-reported"
SOLAR 10.7B-Instruct,PAIR,56.8,valtest_all,"https://arxiv.org/html/2402.04249v2 (Mazeika et al., HarmBench, Feb 2024, App. Tables 6-7); paper self-reported"
SOLAR 10.7B-Instruct,TAP,66.5,valtest_all,"https://arxiv.org/html/2402.04249v2 (Mazeika et al., HarmBench, Feb 2024, App. Tables 6-7); paper self-reported"
SOLAR 10.7B-Instruct,TAP-T,65.8,valtest_all,"https://arxiv.org/html/2402.04249v2 (Mazeika et al., HarmBench, Feb 2024, App. Tables 6-7); paper self-reported"
SOLAR 10.7B-Instruct,AutoDAN,72.5,valtest_all,"https://arxiv.org/html/2402.04249v2 (Mazeika et al., HarmBench, Feb 2024, App. Tables 6-7); paper self-reported"
SOLAR 10.7B-Instruct,PAP-top5,31.3,valtest_all,"https://arxiv.org/html/2402.04249v2 (Mazeika et al., HarmBench, Feb 2024, App. Tables 6-7); paper self-reported"
SOLAR 10.7B-Instruct,Human,61.2,valtest_all,"https://arxiv.org/html/2402.04249v2 (Mazeika et al., HarmBench, Feb 2024, App. Tables 6-7); paper self-reported"
SOLAR 10.7B-Instruct,DR,61.3,valtest_all,"https://arxiv.org/html/2402.04249v2 (Mazeika et al., HarmBench, Feb 2024, App. Tables 6-7); paper self-reported"
Mistral 7B,GCG,69.8,valtest_all,"https://arxiv.org/html/2402.04249v2 (Mazeika et al., HarmBench, Feb 2024, App. Tables 6-7); paper self-reported"
Mistral 7B,GCG-M,63.6,valtest_all,"https://arxiv.org/html/2402.04249v2 (Mazeika et al., HarmBench, Feb 2024, App. Tables 6-7); paper self-reported"
Mistral 7B,GCG-T,64.5,valtest_all,"https://arxiv.org/html/2402.04249v2 (Mazeika et al., HarmBench, Feb 2024, App. Tables 6-7); paper self-reported"
Mistral 7B,PEZ,51.3,valtest_all,"https://arxiv.org/html/2402.04249v2 (Mazeika et al., HarmBench, Feb 2024, App. Tables 6-7); paper self-reported"
Mistral 7B,GBDA,52.8,valtest_all,"https://arxiv.org/html/2402.04249v2 (Mazeika et al., HarmBench, Feb 2024, App. Tables 6-7); paper self-reported"
Mistral 7B,UAT,52.3,valtest_all,"https://arxiv.org/html/2402.04249v2 (Mazeika et al., HarmBench, Feb 2024, App. Tables 6-7); paper self-reported"
Mistral 7B,AP,62.7,valtest_all,"https://arxiv.org/html/2402.04249v2 (Mazeika et al., HarmBench, Feb 2024, App. Tables 6-7); paper self-reported"
Mistral 7B,SFS,51.0,valtest_all,"https://arxiv.org/html/2402.04249v2 (Mazeika et al., HarmBench, Feb 2024, App. Tables 6-7); paper self-reported"
Mistral 7B,ZS,41.3,valtest_all,"https://arxiv.org/html/2402.04249v2 (Mazeika et al., HarmBench, Feb 2024, App. Tables 6-7); paper self-reported"
Mistral 7B,PAIR,52.5,valtest_all,"https://arxiv.org/html/2402.04249v2 (Mazeika et al., HarmBench, Feb 2024, App. Tables 6-7); paper self-reported"
Mistral 7B,TAP,62.5,valtest_all,"https://arxiv.org/html/2402.04249v2 (Mazeika et al., HarmBench, Feb 2024, App. Tables 6-7); paper self-reported"
Mistral 7B,TAP-T,66.1,valtest_all,"https://arxiv.org/html/2402.04249v2 (Mazeika et al., HarmBench, Feb 2024, App. Tables 6-7); paper self-reported"
Mistral 7B,AutoDAN,71.5,valtest_all,"https://arxiv.org/html/2402.04249v2 (Mazeika et al., HarmBench, Feb 2024, App. Tables 6-7); paper self-reported"
Mistral 7B,PAP-top5,27.2,valtest_all,"https://arxiv.org/html/2402.04249v2 (Mazeika et al., HarmBench, Feb 2024, App. Tables 6-7); paper self-reported"
Mistral 7B,Human,58.0,valtest_all,"https://arxiv.org/html/2402.04249v2 (Mazeika et al., HarmBench, Feb 2024, App. Tables 6-7); paper self-reported"
Mistral 7B,DR,46.3,valtest_all,"https://arxiv.org/html/2402.04249v2 (Mazeika et al., HarmBench, Feb 2024, App. Tables 6-7); paper self-reported"
Mixtral 8x7B,GCG-T,62.5,valtest_all,"https://arxiv.org/html/2402.04249v2 (Mazeika et al., HarmBench, Feb 2024, App. Tables 6-7); paper self-reported"
Mixtral 8x7B,SFS,53.0,valtest_all,"https://arxiv.org/html/2402.04249v2 (Mazeika et al., HarmBench, Feb 2024, App. Tables 6-7); paper self-reported"
Mixtral 8x7B,ZS,40.8,valtest_all,"https://arxiv.org/html/2402.04249v2 (Mazeika et al., HarmBench, Feb 2024, App. Tables 6-7); paper self-reported"
Mixtral 8x7B,PAIR,61.1,valtest_all,"https://arxiv.org/html/2402.04249v2 (Mazeika et al., HarmBench, Feb 2024, App. Tables 6-7); paper self-reported"
Mixtral 8x7B,TAP,69.8,valtest_all,"https://arxiv.org/html/2402.04249v2 (Mazeika et al., HarmBench, Feb 2024, App. Tables 6-7); paper self-reported"
Mixtral 8x7B,TAP-T,68.3,valtest_all,"https://arxiv.org/html/2402.04249v2 (Mazeika et al., HarmBench, Feb 2024, App. Tables 6-7); paper self-reported"
Mixtral 8x7B,AutoDAN,72.5,valtest_all,"https://arxiv.org/html/2402.04249v2 (Mazeika et al., HarmBench, Feb 2024, App. Tables 6-7); paper self-reported"
Mixtral 8x7B,PAP-top5,28.8,valtest_all,"https://arxiv.org/html/2402.04249v2 (Mazeika et al., HarmBench, Feb 2024, App. Tables 6-7); paper self-reported"
Mixtral 8x7B,Human,53.3,valtest_all,"https://arxiv.org/html/2402.04249v2 (Mazeika et al., HarmBench, Feb 2024, App. Tables 6-7); paper self-reported"
Mixtral 8x7B,DR,47.3,valtest_all,"https://arxiv.org/html/2402.04249v2 (Mazeika et al., HarmBench, Feb 2024, App. Tables 6-7); paper self-reported"
OpenChat 3.5 1210,GCG,66.3,valtest_all,"https://arxiv.org/html/2402.04249v2 (Mazeika et al., HarmBench, Feb 2024, App. Tables 6-7); paper self-reported"
OpenChat 3.5 1210,GCG-M,54.6,valtest_all,"https://arxiv.org/html/2402.04249v2 (Mazeika et al., HarmBench, Feb 2024, App. Tables 6-7); paper self-reported"
OpenChat 3.5 1210,GCG-T,57.3,valtest_all,"https://arxiv.org/html/2402.04249v2 (Mazeika et al., HarmBench, Feb 2024, App. Tables 6-7); paper self-reported"
OpenChat 3.5 1210,PEZ,38.9,valtest_all,"https://arxiv.org/html/2402.04249v2 (Mazeika et al., HarmBench, Feb 2024, App. Tables 6-7); paper self-reported"
OpenChat 3.5 1210,GBDA,44.5,valtest_all,"https://arxiv.org/html/2402.04249v2 (Mazeika et al., HarmBench, Feb 2024, App. Tables 6-7); paper self-reported"
OpenChat 3.5 1210,UAT,40.8,valtest_all,"https://arxiv.org/html/2402.04249v2 (Mazeika et al., HarmBench, Feb 2024, App. Tables 6-7); paper self-reported"
OpenChat 3.5 1210,AP,57.0,valtest_all,"https://arxiv.org/html/2402.04249v2 (Mazeika et al., HarmBench, Feb 2024, App. Tables 6-7); paper self-reported"
OpenChat 3.5 1210,SFS,52.5,valtest_all,"https://arxiv.org/html/2402.04249v2 (Mazeika et al., HarmBench, Feb 2024, App. Tables 6-7); paper self-reported"
OpenChat 3.5 1210,ZS,43.3,valtest_all,"https://arxiv.org/html/2402.04249v2 (Mazeika et al., HarmBench, Feb 2024, App. Tables 6-7); paper self-reported"
OpenChat 3.5 1210,PAIR,52.5,valtest_all,"https://arxiv.org/html/2402.04249v2 (Mazeika et al., HarmBench, Feb 2024, App. Tables 6-7); paper self-reported"
OpenChat 3.5 1210,TAP,63.5,valtest_all,"https://arxiv.org/html/2402.04249v2 (Mazeika et al., HarmBench, Feb 2024, App. Tables 6-7); paper self-reported"
OpenChat 3.5 1210,TAP-T,66.1,valtest_all,"https://arxiv.org/html/2402.04249v2 (Mazeika et al., HarmBench, Feb 2024, App. Tables 6-7); paper self-reported"
OpenChat 3.5 1210,AutoDAN,73.5,valtest_all,"https://arxiv.org/html/2402.04249v2 (Mazeika et al., HarmBench, Feb 2024, App. Tables 6-7); paper self-reported"
OpenChat 3.5 1210,PAP-top5,26.9,valtest_all,"https://arxiv.org/html/2402.04249v2 (Mazeika et al., HarmBench, Feb 2024, App. Tables 6-7); paper self-reported"
OpenChat 3.5 1210,Human,51.3,valtest_all,"https://arxiv.org/html/2402.04249v2 (Mazeika et al., HarmBench, Feb 2024, App. Tables 6-7); paper self-reported"
OpenChat 3.5 1210,DR,46.0,valtest_all,"https://arxiv.org/html/2402.04249v2 (Mazeika et al., HarmBench, Feb 2024, App. Tables 6-7); paper self-reported"
Starling 7B,GCG,66.0,valtest_all,"https://arxiv.org/html/2402.04249v2 (Mazeika et al., HarmBench, Feb 2024, App. Tables 6-7); paper self-reported"
Starling 7B,GCG-M,61.9,valtest_all,"https://arxiv.org/html/2402.04249v2 (Mazeika et al., HarmBench, Feb 2024, App. Tables 6-7); paper self-reported"
Starling 7B,GCG-T,59.0,valtest_all,"https://arxiv.org/html/2402.04249v2 (Mazeika et al., HarmBench, Feb 2024, App. Tables 6-7); paper self-reported"
Starling 7B,PEZ,50.0,valtest_all,"https://arxiv.org/html/2402.04249v2 (Mazeika et al., HarmBench, Feb 2024, App. Tables 6-7); paper self-reported"
Starling 7B,GBDA,58.1,valtest_all,"https://arxiv.org/html/2402.04249v2 (Mazeika et al., HarmBench, Feb 2024, App. Tables 6-7); paper self-reported"
Starling 7B,UAT,54.8,valtest_all,"https://arxiv.org/html/2402.04249v2 (Mazeika et al., HarmBench, Feb 2024, App. Tables 6-7); paper self-reported"
Starling 7B,AP,62.0,valtest_all,"https://arxiv.org/html/2402.04249v2 (Mazeika et al., HarmBench, Feb 2024, App. Tables 6-7); paper self-reported"
Starling 7B,SFS,56.5,valtest_all,"https://arxiv.org/html/2402.04249v2 (Mazeika et al., HarmBench, Feb 2024, App. Tables 6-7); paper self-reported"
Starling 7B,ZS,50.6,valtest_all,"https://arxiv.org/html/2402.04249v2 (Mazeika et al., HarmBench, Feb 2024, App. Tables 6-7); paper self-reported"
Starling 7B,PAIR,58.3,valtest_all,"https://arxiv.org/html/2402.04249v2 (Mazeika et al., HarmBench, Feb 2024, App. Tables 6-7); paper self-reported"
Starling 7B,TAP,68.5,valtest_all,"https://arxiv.org/html/2402.04249v2 (Mazeika et al., HarmBench, Feb 2024, App. Tables 6-7); paper self-reported"
Starling 7B,TAP-T,66.3,valtest_all,"https://arxiv.org/html/2402.04249v2 (Mazeika et al., HarmBench, Feb 2024, App. Tables 6-7); paper self-reported"
Starling 7B,AutoDAN,74.0,valtest_all,"https://arxiv.org/html/2402.04249v2 (Mazeika et al., HarmBench, Feb 2024, App. Tables 6-7); paper self-reported"
Starling 7B,PAP-top5,31.9,valtest_all,"https://arxiv.org/html/2402.04249v2 (Mazeika et al., HarmBench, Feb 2024, App. Tables 6-7); paper self-reported"
Starling 7B,Human,60.2,valtest_all,"https://arxiv.org/html/2402.04249v2 (Mazeika et al., HarmBench, Feb 2024, App. Tables 6-7); paper self-reported"
Starling 7B,DR,57.0,valtest_all,"https://arxiv.org/html/2402.04249v2 (Mazeika et al., HarmBench, Feb 2024, App. Tables 6-7); paper self-reported"
Zephyr 7B,GCG,69.5,valtest_all,"https://arxiv.org/html/2402.04249v2 (Mazeika et al., HarmBench, Feb 2024, App. Tables 6-7); paper self-reported"
Zephyr 7B,GCG-M,62.5,valtest_all,"https://arxiv.org/html/2402.04249v2 (Mazeika et al., HarmBench, Feb 2024, App. Tables 6-7); paper self-reported"
Zephyr 7B,GCG-T,61.1,valtest_all,"https://arxiv.org/html/2402.04249v2 (Mazeika et al., HarmBench, Feb 2024, App. Tables 6-7); paper self-reported"
Zephyr 7B,PEZ,62.5,valtest_all,"https://arxiv.org/html/2402.04249v2 (Mazeika et al., HarmBench, Feb 2024, App. Tables 6-7); paper self-reported"
Zephyr 7B,GBDA,62.8,valtest_all,"https://arxiv.org/html/2402.04249v2 (Mazeika et al., HarmBench, Feb 2024, App. Tables 6-7); paper self-reported"
Zephyr 7B,UAT,62.3,valtest_all,"https://arxiv.org/html/2402.04249v2 (Mazeika et al., HarmBench, Feb 2024, App. Tables 6-7); paper self-reported"
Zephyr 7B,AP,60.5,valtest_all,"https://arxiv.org/html/2402.04249v2 (Mazeika et al., HarmBench, Feb 2024, App. Tables 6-7); paper self-reported"
Zephyr 7B,SFS,62.0,valtest_all,"https://arxiv.org/html/2402.04249v2 (Mazeika et al., HarmBench, Feb 2024, App. Tables 6-7); paper self-reported"
Zephyr 7B,ZS,60.0,valtest_all,"https://arxiv.org/html/2402.04249v2 (Mazeika et al., HarmBench, Feb 2024, App. Tables 6-7); paper self-reported"
Zephyr 7B,PAIR,58.8,valtest_all,"https://arxiv.org/html/2402.04249v2 (Mazeika et al., HarmBench, Feb 2024, App. Tables 6-7); paper self-reported"
Zephyr 7B,TAP,66.5,valtest_all,"https://arxiv.org/html/2402.04249v2 (Mazeika et al., HarmBench, Feb 2024, App. Tables 6-7); paper self-reported"
Zephyr 7B,TAP-T,69.3,valtest_all,"https://arxiv.org/html/2402.04249v2 (Mazeika et al., HarmBench, Feb 2024, App. Tables 6-7); paper self-reported"
Zephyr 7B,AutoDAN,75.0,valtest_all,"https://arxiv.org/html/2402.04249v2 (Mazeika et al., HarmBench, Feb 2024, App. Tables 6-7); paper self-reported"
Zephyr 7B,PAP-top5,32.9,valtest_all,"https://arxiv.org/html/2402.04249v2 (Mazeika et al., HarmBench, Feb 2024, App. Tables 6-7); paper self-reported"
Zephyr 7B,Human,66.0,valtest_all,"https://arxiv.org/html/2402.04249v2 (Mazeika et al., HarmBench, Feb 2024, App. Tables 6-7); paper self-reported"
Zephyr 7B,DR,65.8,valtest_all,"https://arxiv.org/html/2402.04249v2 (Mazeika et al., HarmBench, Feb 2024, App. Tables 6-7); paper self-reported"
R2D2 (Ours),GCG,5.5,valtest_all,"https://arxiv.org/html/2402.04249v2 (Mazeika et al., HarmBench, Feb 2024, App. Tables 6-7); paper self-reported"
R2D2 (Ours),GCG-M,4.9,valtest_all,"https://arxiv.org/html/2402.04249v2 (Mazeika et al., HarmBench, Feb 2024, App. Tables 6-7); paper self-reported"
R2D2 (Ours),GCG-T,0.0,valtest_all,"https://arxiv.org/html/2402.04249v2 (Mazeika et al., HarmBench, Feb 2024, App. Tables 6-7); paper self-reported"
R2D2 (Ours),PEZ,2.9,valtest_all,"https://arxiv.org/html/2402.04249v2 (Mazeika et al., HarmBench, Feb 2024, App. Tables 6-7); paper self-reported"
R2D2 (Ours),GBDA,0.2,valtest_all,"https://arxiv.org/html/2402.04249v2 (Mazeika et al., HarmBench, Feb 2024, App. Tables 6-7); paper self-reported"
R2D2 (Ours),UAT,0.0,valtest_all,"https://arxiv.org/html/2402.04249v2 (Mazeika et al., HarmBench, Feb 2024, App. Tables 6-7); paper self-reported"
R2D2 (Ours),AP,5.5,valtest_all,"https://arxiv.org/html/2402.04249v2 (Mazeika et al., HarmBench, Feb 2024, App. Tables 6-7); paper self-reported"
R2D2 (Ours),SFS,43.5,valtest_all,"https://arxiv.org/html/2402.04249v2 (Mazeika et al., HarmBench, Feb 2024, App. Tables 6-7); paper self-reported"
R2D2 (Ours),ZS,7.2,valtest_all,"https://arxiv.org/html/2402.04249v2 (Mazeika et al., HarmBench, Feb 2024, App. Tables 6-7); paper self-reported"
R2D2 (Ours),PAIR,48.0,valtest_all,"https://arxiv.org/html/2402.04249v2 (Mazeika et al., HarmBench, Feb 2024, App. Tables 6-7); paper self-reported"
R2D2 (Ours),TAP,60.8,valtest_all,"https://arxiv.org/html/2402.04249v2 (Mazeika et al., HarmBench, Feb 2024, App. Tables 6-7); paper self-reported"
R2D2 (Ours),TAP-T,54.3,valtest_all,"https://arxiv.org/html/2402.04249v2 (Mazeika et al., HarmBench, Feb 2024, App. Tables 6-7); paper self-reported"
R2D2 (Ours),AutoDAN,17.0,valtest_all,"https://arxiv.org/html/2402.04249v2 (Mazeika et al., HarmBench, Feb 2024, App. Tables 6-7); paper self-reported"
R2D2 (Ours),PAP-top5,24.3,valtest_all,"https://arxiv.org/html/2402.04249v2 (Mazeika et al., HarmBench, Feb 2024, App. Tables 6-7); paper self-reported"
R2D2 (Ours),Human,13.6,valtest_all,"https://arxiv.org/html/2402.04249v2 (Mazeika et al., HarmBench, Feb 2024, App. Tables 6-7); paper self-reported"
R2D2 (Ours),DR,14.2,valtest_all,"https://arxiv.org/html/2402.04249v2 (Mazeika et al., HarmBench, Feb 2024, App. Tables 6-7); paper self-reported"
GPT-3.5 Turbo 0613,GCG-T,38.9,valtest_all,"https://arxiv.org/html/2402.04249v2 (Mazeika et al., HarmBench, Feb 2024, App. Tables 6-7); paper self-reported"
GPT-3.5 Turbo 0613,ZS,24.8,valtest_all,"https://arxiv.org/html/2402.04249v2 (Mazeika et al., HarmBench, Feb 2024, App. Tables 6-7); paper self-reported"
GPT-3.5 Turbo 0613,PAIR,46.8,valtest_all,"https://arxiv.org/html/2402.04249v2 (Mazeika et al., HarmBench, Feb 2024, App. Tables 6-7); paper self-reported"
GPT-3.5 Turbo 0613,TAP,47.7,valtest_all,"https://arxiv.org/html/2402.04249v2 (Mazeika et al., HarmBench, Feb 2024, App. Tables 6-7); paper self-reported"
GPT-3.5 Turbo 0613,TAP-T,62.3,valtest_all,"https://arxiv.org/html/2402.04249v2 (Mazeika et al., HarmBench, Feb 2024, App. Tables 6-7); paper self-reported"
GPT-3.5 Turbo 0613,PAP-top5,15.4,valtest_all,"https://arxiv.org/html/2402.04249v2 (Mazeika et al., HarmBench, Feb 2024, App. Tables 6-7); paper self-reported"
GPT-3.5 Turbo 0613,Human,24.5,valtest_all,"https://arxiv.org/html/2402.04249v2 (Mazeika et al., HarmBench, Feb 2024, App. Tables 6-7); paper self-reported"
GPT-3.5 Turbo 0613,DR,21.3,valtest_all,"https://arxiv.org/html/2402.04249v2 (Mazeika et al., HarmBench, Feb 2024, App. Tables 6-7); paper self-reported"
GPT-3.5 Turbo 1106,GCG-T,42.5,valtest_all,"https://arxiv.org/html/2402.04249v2 (Mazeika et al., HarmBench, Feb 2024, App. Tables 6-7); paper self-reported"
GPT-3.5 Turbo 1106,ZS,28.4,valtest_all,"https://arxiv.org/html/2402.04249v2 (Mazeika et al., HarmBench, Feb 2024, App. Tables 6-7); paper self-reported"
GPT-3.5 Turbo 1106,PAIR,35.0,valtest_all,"https://arxiv.org/html/2402.04249v2 (Mazeika et al., HarmBench, Feb 2024, App. Tables 6-7); paper self-reported"
GPT-3.5 Turbo 1106,TAP,39.2,valtest_all,"https://arxiv.org/html/2402.04249v2 (Mazeika et al., HarmBench, Feb 2024, App. Tables 6-7); paper self-reported"
GPT-3.5 Turbo 1106,TAP-T,47.5,valtest_all,"https://arxiv.org/html/2402.04249v2 (Mazeika et al., HarmBench, Feb 2024, App. Tables 6-7); paper self-reported"
GPT-3.5 Turbo 1106,PAP-top5,11.3,valtest_all,"https://arxiv.org/html/2402.04249v2 (Mazeika et al., HarmBench, Feb 2024, App. Tables 6-7); paper self-reported"
GPT-3.5 Turbo 1106,Human,2.8,valtest_all,"https://arxiv.org/html/2402.04249v2 (Mazeika et al., HarmBench, Feb 2024, App. Tables 6-7); paper self-reported"
GPT-3.5 Turbo 1106,DR,33.0,valtest_all,"https://arxiv.org/html/2402.04249v2 (Mazeika et al., HarmBench, Feb 2024, App. Tables 6-7); paper self-reported"
GPT-4 0613,GCG-T,22.0,valtest_all,"https://arxiv.org/html/2402.04249v2 (Mazeika et al., HarmBench, Feb 2024, App. Tables 6-7); paper self-reported"
GPT-4 0613,ZS,19.4,valtest_all,"https://arxiv.org/html/2402.04249v2 (Mazeika et al., HarmBench, Feb 2024, App. Tables 6-7); paper self-reported"
GPT-4 0613,PAIR,39.3,valtest_all,"https://arxiv.org/html/2402.04249v2 (Mazeika et al., HarmBench, Feb 2024, App. Tables 6-7); paper self-reported"
GPT-4 0613,TAP,43.0,valtest_all,"https://arxiv.org/html/2402.04249v2 (Mazeika et al., HarmBench, Feb 2024, App. Tables 6-7); paper self-reported"
GPT-4 0613,TAP-T,54.8,valtest_all,"https://arxiv.org/html/2402.04249v2 (Mazeika et al., HarmBench, Feb 2024, App. Tables 6-7); paper self-reported"
GPT-4 0613,PAP-top5,16.8,valtest_all,"https://arxiv.org/html/2402.04249v2 (Mazeika et al., HarmBench, Feb 2024, App. Tables 6-7); paper self-reported"
GPT-4 0613,Human,11.3,valtest_all,"https://arxiv.org/html/2402.04249v2 (Mazeika et al., HarmBench, Feb 2024, App. Tables 6-7); paper self-reported"
GPT-4 0613,DR,21.0,valtest_all,"https://arxiv.org/html/2402.04249v2 (Mazeika et al., HarmBench, Feb 2024, App. Tables 6-7); paper self-reported"
GPT-4 Turbo 1106,GCG-T,22.3,valtest_all,"https://arxiv.org/html/2402.04249v2 (Mazeika et al., HarmBench, Feb 2024, App. Tables 6-7); paper self-reported"
GPT-4 Turbo 1106,ZS,13.9,valtest_all,"https://arxiv.org/html/2402.04249v2 (Mazeika et al., HarmBench, Feb 2024, App. Tables 6-7); paper self-reported"
GPT-4 Turbo 1106,PAIR,33.0,valtest_all,"https://arxiv.org/html/2402.04249v2 (Mazeika et al., HarmBench, Feb 2024, App. Tables 6-7); paper self-reported"
GPT-4 Turbo 1106,TAP,36.4,valtest_all,"https://arxiv.org/html/2402.04249v2 (Mazeika et al., HarmBench, Feb 2024, App. Tables 6-7); paper self-reported"
GPT-4 Turbo 1106,TAP-T,58.5,valtest_all,"https://arxiv.org/html/2402.04249v2 (Mazeika et al., HarmBench, Feb 2024, App. Tables 6-7); paper self-reported"
GPT-4 Turbo 1106,PAP-top5,11.1,valtest_all,"https://arxiv.org/html/2402.04249v2 (Mazeika et al., HarmBench, Feb 2024, App. Tables 6-7); paper self-reported"
GPT-4 Turbo 1106,Human,2.6,valtest_all,"https://arxiv.org/html/2402.04249v2 (Mazeika et al., HarmBench, Feb 2024, App. Tables 6-7); paper self-reported"
GPT-4 Turbo 1106,DR,9.3,valtest_all,"https://arxiv.org/html/2402.04249v2 (Mazeika et al., HarmBench, Feb 2024, App. Tables 6-7); paper self-reported"
Claude 1,GCG-T,12.1,valtest_all,"https://arxiv.org/html/2402.04249v2 (Mazeika et al., HarmBench, Feb 2024, App. Tables 6-7); paper self-reported"
Claude 1,ZS,4.8,valtest_all,"https://arxiv.org/html/2402.04249v2 (Mazeika et al., HarmBench, Feb 2024, App. Tables 6-7); paper self-reported"
Claude 1,PAIR,10.0,valtest_all,"https://arxiv.org/html/2402.04249v2 (Mazeika et al., HarmBench, Feb 2024, App. Tables 6-7); paper self-reported"
Claude 1,TAP,7.0,valtest_all,"https://arxiv.org/html/2402.04249v2 (Mazeika et al., HarmBench, Feb 2024, App. Tables 6-7); paper self-reported"
Claude 1,TAP-T,1.5,valtest_all,"https://arxiv.org/html/2402.04249v2 (Mazeika et al., HarmBench, Feb 2024, App. Tables 6-7); paper self-reported"
Claude 1,PAP-top5,1.3,valtest_all,"https://arxiv.org/html/2402.04249v2 (Mazeika et al., HarmBench, Feb 2024, App. Tables 6-7); paper self-reported"
Claude 1,Human,2.4,valtest_all,"https://arxiv.org/html/2402.04249v2 (Mazeika et al., HarmBench, Feb 2024, App. Tables 6-7); paper self-reported"
Claude 1,DR,5.0,valtest_all,"https://arxiv.org/html/2402.04249v2 (Mazeika et al., HarmBench, Feb 2024, App. Tables 6-7); paper self-reported"
Claude 2,GCG-T,2.7,valtest_all,"https://arxiv.org/html/2402.04249v2 (Mazeika et al., HarmBench, Feb 2024, App. Tables 6-7); paper self-reported"
Claude 2,ZS,4.1,valtest_all,"https://arxiv.org/html/2402.04249v2 (Mazeika et al., HarmBench, Feb 2024, App. Tables 6-7); paper self-reported"
Claude 2,PAIR,4.8,valtest_all,"https://arxiv.org/html/2402.04249v2 (Mazeika et al., HarmBench, Feb 2024, App. Tables 6-7); paper self-reported"
Claude 2,TAP,2.0,valtest_all,"https://arxiv.org/html/2402.04249v2 (Mazeika et al., HarmBench, Feb 2024, App. Tables 6-7); paper self-reported"
Claude 2,TAP-T,0.8,valtest_all,"https://arxiv.org/html/2402.04249v2 (Mazeika et al., HarmBench, Feb 2024, App. Tables 6-7); paper self-reported"
Claude 2,PAP-top5,1.0,valtest_all,"https://arxiv.org/html/2402.04249v2 (Mazeika et al., HarmBench, Feb 2024, App. Tables 6-7); paper self-reported"
Claude 2,Human,0.3,valtest_all,"https://arxiv.org/html/2402.04249v2 (Mazeika et al., HarmBench, Feb 2024, App. Tables 6-7); paper self-reported"
Claude 2,DR,2.0,valtest_all,"https://arxiv.org/html/2402.04249v2 (Mazeika et al., HarmBench, Feb 2024, App. Tables 6-7); paper self-reported"
Claude 2.1,GCG-T,2.6,valtest_all,"https://arxiv.org/html/2402.04249v2 (Mazeika et al., HarmBench, Feb 2024, App. Tables 6-7); paper self-reported"
Claude 2.1,ZS,4.1,valtest_all,"https://arxiv.org/html/2402.04249v2 (Mazeika et al., HarmBench, Feb 2024, App. Tables 6-7); paper self-reported"
Claude 2.1,PAIR,2.8,valtest_all,"https://arxiv.org/html/2402.04249v2 (Mazeika et al., HarmBench, Feb 2024, App. Tables 6-7); paper self-reported"
Claude 2.1,TAP,2.5,valtest_all,"https://arxiv.org/html/2402.04249v2 (Mazeika et al., HarmBench, Feb 2024, App. Tables 6-7); paper self-reported"
Claude 2.1,TAP-T,0.8,valtest_all,"https://arxiv.org/html/2402.04249v2 (Mazeika et al., HarmBench, Feb 2024, App. Tables 6-7); paper self-reported"
Claude 2.1,PAP-top5,0.9,valtest_all,"https://arxiv.org/html/2402.04249v2 (Mazeika et al., HarmBench, Feb 2024, App. Tables 6-7); paper self-reported"
Claude 2.1,Human,0.3,valtest_all,"https://arxiv.org/html/2402.04249v2 (Mazeika et al., HarmBench, Feb 2024, App. Tables 6-7); paper self-reported"
Claude 2.1,DR,2.0,valtest_all,"https://arxiv.org/html/2402.04249v2 (Mazeika et al., HarmBench, Feb 2024, App. Tables 6-7); paper self-reported"
Gemini Pro,GCG-T,18.0,valtest_all,"https://arxiv.org/html/2402.04249v2 (Mazeika et al., HarmBench, Feb 2024, App. Tables 6-7); paper self-reported"
Gemini Pro,ZS,14.8,valtest_all,"https://arxiv.org/html/2402.04249v2 (Mazeika et al., HarmBench, Feb 2024, App. Tables 6-7); paper self-reported"
Gemini Pro,PAIR,35.1,valtest_all,"https://arxiv.org/html/2402.04249v2 (Mazeika et al., HarmBench, Feb 2024, App. Tables 6-7); paper self-reported"
Gemini Pro,TAP,38.8,valtest_all,"https://arxiv.org/html/2402.04249v2 (Mazeika et al., HarmBench, Feb 2024, App. Tables 6-7); paper self-reported"
Gemini Pro,TAP-T,31.2,valtest_all,"https://arxiv.org/html/2402.04249v2 (Mazeika et al., HarmBench, Feb 2024, App. Tables 6-7); paper self-reported"
Gemini Pro,PAP-top5,11.8,valtest_all,"https://arxiv.org/html/2402.04249v2 (Mazeika et al., HarmBench, Feb 2024, App. Tables 6-7); paper self-reported"
Gemini Pro,Human,12.1,valtest_all,"https://arxiv.org/html/2402.04249v2 (Mazeika et al., HarmBench, Feb 2024, App. Tables 6-7); paper self-reported"
Gemini Pro,DR,18.0,valtest_all,"https://arxiv.org/html/2402.04249v2 (Mazeika et al., HarmBench, Feb 2024, App. Tables 6-7); paper self-reported"
Average (↑),GCG,54.3,valtest_all,"https://arxiv.org/html/2402.04249v2 (Mazeika et al., HarmBench, Feb 2024, App. Tables 6-7); paper self-reported"
Average (↑),GCG-M,45.0,valtest_all,"https://arxiv.org/html/2402.04249v2 (Mazeika et al., HarmBench, Feb 2024, App. Tables 6-7); paper self-reported"
Average (↑),GCG-T,38.8,valtest_all,"https://arxiv.org/html/2402.04249v2 (Mazeika et al., HarmBench, Feb 2024, App. Tables 6-7); paper self-reported"
Average (↑),PEZ,29.0,valtest_all,"https://arxiv.org/html/2402.04249v2 (Mazeika et al., HarmBench, Feb 2024, App. Tables 6-7); paper self-reported"
Average (↑),GBDA,29.8,valtest_all,"https://arxiv.org/html/2402.04249v2 (Mazeika et al., HarmBench, Feb 2024, App. Tables 6-7); paper self-reported"
Average (↑),UAT,30.8,valtest_all,"https://arxiv.org/html/2402.04249v2 (Mazeika et al., HarmBench, Feb 2024, App. Tables 6-7); paper self-reported"
Average (↑),AP,43.7,valtest_all,"https://arxiv.org/html/2402.04249v2 (Mazeika et al., HarmBench, Feb 2024, App. Tables 6-7); paper self-reported"
Average (↑),SFS,38.3,valtest_all,"https://arxiv.org/html/2402.04249v2 (Mazeika et al., HarmBench, Feb 2024, App. Tables 6-7); paper self-reported"
Average (↑),ZS,25.4,valtest_all,"https://arxiv.org/html/2402.04249v2 (Mazeika et al., HarmBench, Feb 2024, App. Tables 6-7); paper self-reported"
Average (↑),PAIR,40.7,valtest_all,"https://arxiv.org/html/2402.04249v2 (Mazeika et al., HarmBench, Feb 2024, App. Tables 6-7); paper self-reported"
Average (↑),TAP,45.2,valtest_all,"https://arxiv.org/html/2402.04249v2 (Mazeika et al., HarmBench, Feb 2024, App. Tables 6-7); paper self-reported"
Average (↑),TAP-T,48.3,valtest_all,"https://arxiv.org/html/2402.04249v2 (Mazeika et al., HarmBench, Feb 2024, App. Tables 6-7); paper self-reported"
Average (↑),AutoDAN,52.7,valtest_all,"https://arxiv.org/html/2402.04249v2 (Mazeika et al., HarmBench, Feb 2024, App. Tables 6-7); paper self-reported"
Average (↑),PAP-top5,16.6,valtest_all,"https://arxiv.org/html/2402.04249v2 (Mazeika et al., HarmBench, Feb 2024, App. Tables 6-7); paper self-reported"
Average (↑),Human,27.3,valtest_all,"https://arxiv.org/html/2402.04249v2 (Mazeika et al., HarmBench, Feb 2024, App. Tables 6-7); paper self-reported"
Average (↑),DR,25.3,valtest_all,"https://arxiv.org/html/2402.04249v2 (Mazeika et al., HarmBench, Feb 2024, App. Tables 6-7); paper self-reported"
Llama 2 7B Chat,GCG,34.5,valtest_standard,"https://arxiv.org/html/2402.04249v2 (Mazeika et al., HarmBench, Feb 2024, App. Tables 6-7); paper self-reported"
Llama 2 7B Chat,GCG-M,20.0,valtest_standard,"https://arxiv.org/html/2402.04249v2 (Mazeika et al., HarmBench, Feb 2024, App. Tables 6-7); paper self-reported"
Llama 2 7B Chat,GCG-T,16.8,valtest_standard,"https://arxiv.org/html/2402.04249v2 (Mazeika et al., HarmBench, Feb 2024, App. Tables 6-7); paper self-reported"
Llama 2 7B Chat,PEZ,0.0,valtest_standard,"https://arxiv.org/html/2402.04249v2 (Mazeika et al., HarmBench, Feb 2024, App. Tables 6-7); paper self-reported"
Llama 2 7B Chat,GBDA,0.0,valtest_standard,"https://arxiv.org/html/2402.04249v2 (Mazeika et al., HarmBench, Feb 2024, App. Tables 6-7); paper self-reported"
Llama 2 7B Chat,UAT,3.0,valtest_standard,"https://arxiv.org/html/2402.04249v2 (Mazeika et al., HarmBench, Feb 2024, App. Tables 6-7); paper self-reported"
Llama 2 7B Chat,AP,17.0,valtest_standard,"https://arxiv.org/html/2402.04249v2 (Mazeika et al., HarmBench, Feb 2024, App. Tables 6-7); paper self-reported"
Llama 2 7B Chat,SFS,2.5,valtest_standard,"https://arxiv.org/html/2402.04249v2 (Mazeika et al., HarmBench, Feb 2024, App. Tables 6-7); paper self-reported"
Llama 2 7B Chat,ZS,0.3,valtest_standard,"https://arxiv.org/html/2402.04249v2 (Mazeika et al., HarmBench, Feb 2024, App. Tables 6-7); paper self-reported"
Llama 2 7B Chat,PAIR,7.5,valtest_standard,"https://arxiv.org/html/2402.04249v2 (Mazeika et al., HarmBench, Feb 2024, App. Tables 6-7); paper self-reported"
Llama 2 7B Chat,TAP,5.5,valtest_standard,"https://arxiv.org/html/2402.04249v2 (Mazeika et al., HarmBench, Feb 2024, App. Tables 6-7); paper self-reported"
Llama 2 7B Chat,TAP-T,4.0,valtest_standard,"https://arxiv.org/html/2402.04249v2 (Mazeika et al., HarmBench, Feb 2024, App. Tables 6-7); paper self-reported"
Llama 2 7B Chat,AutoDAN,0.5,valtest_standard,"https://arxiv.org/html/2402.04249v2 (Mazeika et al., HarmBench, Feb 2024, App. Tables 6-7); paper self-reported"
Llama 2 7B Chat,PAP-top5,0.7,valtest_standard,"https://arxiv.org/html/2402.04249v2 (Mazeika et al., HarmBench, Feb 2024, App. Tables 6-7); paper self-reported"
Llama 2 7B Chat,Human,0.1,valtest_standard,"https://arxiv.org/html/2402.04249v2 (Mazeika et al., HarmBench, Feb 2024, App. Tables 6-7); paper self-reported"
Llama 2 7B Chat,DR,0.0,valtest_standard,"https://arxiv.org/html/2402.04249v2 (Mazeika et al., HarmBench, Feb 2024, App. Tables 6-7); paper self-reported"
Llama 2 13B Chat,GCG,28.0,valtest_standard,"https://arxiv.org/html/2402.04249v2 (Mazeika et al., HarmBench, Feb 2024, App. Tables 6-7); paper self-reported"
Llama 2 13B Chat,GCG-M,8.7,valtest_standard,"https://arxiv.org/html/2402.04249v2 (Mazeika et al., HarmBench, Feb 2024, App. Tables 6-7); paper self-reported"
Llama 2 13B Chat,GCG-T,13.0,valtest_standard,"https://arxiv.org/html/2402.04249v2 (Mazeika et al., HarmBench, Feb 2024, App. Tables 6-7); paper self-reported"
Llama 2 13B Chat,PEZ,0.0,valtest_standard,"https://arxiv.org/html/2402.04249v2 (Mazeika et al., HarmBench, Feb 2024, App. Tables 6-7); paper self-reported"
Llama 2 13B Chat,GBDA,0.3,valtest_standard,"https://arxiv.org/html/2402.04249v2 (Mazeika et al., HarmBench, Feb 2024, App. Tables 6-7); paper self-reported"
Llama 2 13B Chat,UAT,0.0,valtest_standard,"https://arxiv.org/html/2402.04249v2 (Mazeika et al., HarmBench, Feb 2024, App. Tables 6-7); paper self-reported"
Llama 2 13B Chat,AP,14.5,valtest_standard,"https://arxiv.org/html/2402.04249v2 (Mazeika et al., HarmBench, Feb 2024, App. Tables 6-7); paper self-reported"
Llama 2 13B Chat,SFS,3.0,valtest_standard,"https://arxiv.org/html/2402.04249v2 (Mazeika et al., HarmBench, Feb 2024, App. Tables 6-7); paper self-reported"
Llama 2 13B Chat,ZS,0.4,valtest_standard,"https://arxiv.org/html/2402.04249v2 (Mazeika et al., HarmBench, Feb 2024, App. Tables 6-7); paper self-reported"
Llama 2 13B Chat,PAIR,15.0,valtest_standard,"https://arxiv.org/html/2402.04249v2 (Mazeika et al., HarmBench, Feb 2024, App. Tables 6-7); paper self-reported"
Llama 2 13B Chat,TAP,10.5,valtest_standard,"https://arxiv.org/html/2402.04249v2 (Mazeika et al., HarmBench, Feb 2024, App. Tables 6-7); paper self-reported"
Llama 2 13B Chat,TAP-T,4.5,valtest_standard,"https://arxiv.org/html/2402.04249v2 (Mazeika et al., HarmBench, Feb 2024, App. Tables 6-7); paper self-reported"
Llama 2 13B Chat,AutoDAN,0.0,valtest_standard,"https://arxiv.org/html/2402.04249v2 (Mazeika et al., HarmBench, Feb 2024, App. Tables 6-7); paper self-reported"
Llama 2 13B Chat,PAP-top5,1.3,valtest_standard,"https://arxiv.org/html/2402.04249v2 (Mazeika et al., HarmBench, Feb 2024, App. Tables 6-7); paper self-reported"
Llama 2 13B Chat,Human,0.6,valtest_standard,"https://arxiv.org/html/2402.04249v2 (Mazeika et al., HarmBench, Feb 2024, App. Tables 6-7); paper self-reported"
Llama 2 13B Chat,DR,0.5,valtest_standard,"https://arxiv.org/html/2402.04249v2 (Mazeika et al., HarmBench, Feb 2024, App. Tables 6-7); paper self-reported"
Llama 2 70B Chat,GCG,36.0,valtest_standard,"https://arxiv.org/html/2402.04249v2 (Mazeika et al., HarmBench, Feb 2024, App. Tables 6-7); paper self-reported"
Llama 2 70B Chat,GCG-M,5.5,valtest_standard,"https://arxiv.org/html/2402.04249v2 (Mazeika et al., HarmBench, Feb 2024, App. Tables 6-7); paper self-reported"
Llama 2 70B Chat,GCG-T,15.2,valtest_standard,"https://arxiv.org/html/2402.04249v2 (Mazeika et al., HarmBench, Feb 2024, App. Tables 6-7); paper self-reported"
Llama 2 70B Chat,PEZ,0.0,valtest_standard,"https://arxiv.org/html/2402.04249v2 (Mazeika et al., HarmBench, Feb 2024, App. Tables 6-7); paper self-reported"
Llama 2 70B Chat,GBDA,0.0,valtest_standard,"https://arxiv.org/html/2402.04249v2 (Mazeika et al., HarmBench, Feb 2024, App. Tables 6-7); paper self-reported"
Llama 2 70B Chat,UAT,0.0,valtest_standard,"https://arxiv.org/html/2402.04249v2 (Mazeika et al., HarmBench, Feb 2024, App. Tables 6-7); paper self-reported"
Llama 2 70B Chat,AP,15.5,valtest_standard,"https://arxiv.org/html/2402.04249v2 (Mazeika et al., HarmBench, Feb 2024, App. Tables 6-7); paper self-reported"
Llama 2 70B Chat,SFS,2.5,valtest_standard,"https://arxiv.org/html/2402.04249v2 (Mazeika et al., HarmBench, Feb 2024, App. Tables 6-7); paper self-reported"
Llama 2 70B Chat,ZS,0.1,valtest_standard,"https://arxiv.org/html/2402.04249v2 (Mazeika et al., HarmBench, Feb 2024, App. Tables 6-7); paper self-reported"
Llama 2 70B Chat,PAIR,7.5,valtest_standard,"https://arxiv.org/html/2402.04249v2 (Mazeika et al., HarmBench, Feb 2024, App. Tables 6-7); paper self-reported"
Llama 2 70B Chat,TAP,8.0,valtest_standard,"https://arxiv.org/html/2402.04249v2 (Mazeika et al., HarmBench, Feb 2024, App. Tables 6-7); paper self-reported"
Llama 2 70B Chat,TAP-T,7.0,valtest_standard,"https://arxiv.org/html/2402.04249v2 (Mazeika et al., HarmBench, Feb 2024, App. Tables 6-7); paper self-reported"
Llama 2 70B Chat,AutoDAN,1.0,valtest_standard,"https://arxiv.org/html/2402.04249v2 (Mazeika et al., HarmBench, Feb 2024, App. Tables 6-7); paper self-reported"
Llama 2 70B Chat,PAP-top5,0.8,valtest_standard,"https://arxiv.org/html/2402.04249v2 (Mazeika et al., HarmBench, Feb 2024, App. Tables 6-7); paper self-reported"
Llama 2 70B Chat,Human,0.0,valtest_standard,"https://arxiv.org/html/2402.04249v2 (Mazeika et al., HarmBench, Feb 2024, App. Tables 6-7); paper self-reported"
Llama 2 70B Chat,DR,0.0,valtest_standard,"https://arxiv.org/html/2402.04249v2 (Mazeika et al., HarmBench, Feb 2024, App. Tables 6-7); paper self-reported"
Vicuna 7B,GCG,90.0,valtest_standard,"https://arxiv.org/html/2402.04249v2 (Mazeika et al., HarmBench, Feb 2024, App. Tables 6-7); paper self-reported"
Vicuna 7B,GCG-M,85.2,valtest_standard,"https://arxiv.org/html/2402.04249v2 (Mazeika et al., HarmBench, Feb 2024, App. Tables 6-7); paper self-reported"
Vicuna 7B,GCG-T,83.7,valtest_standard,"https://arxiv.org/html/2402.04249v2 (Mazeika et al., HarmBench, Feb 2024, App. Tables 6-7); paper self-reported"
Vicuna 7B,PEZ,18.2,valtest_standard,"https://arxiv.org/html/2402.04249v2 (Mazeika et al., HarmBench, Feb 2024, App. Tables 6-7); paper self-reported"
Vicuna 7B,GBDA,16.3,valtest_standard,"https://arxiv.org/html/2402.04249v2 (Mazeika et al., HarmBench, Feb 2024, App. Tables 6-7); paper self-reported"
Vicuna 7B,UAT,19.5,valtest_standard,"https://arxiv.org/html/2402.04249v2 (Mazeika et al., HarmBench, Feb 2024, App. Tables 6-7); paper self-reported"
Vicuna 7B,AP,75.5,valtest_standard,"https://arxiv.org/html/2402.04249v2 (Mazeika et al., HarmBench, Feb 2024, App. Tables 6-7); paper self-reported"
Vicuna 7B,SFS,51.5,valtest_standard,"https://arxiv.org/html/2402.04249v2 (Mazeika et al., HarmBench, Feb 2024, App. Tables 6-7); paper self-reported"
Vicuna 7B,ZS,27.8,valtest_standard,"https://arxiv.org/html/2402.04249v2 (Mazeika et al., HarmBench, Feb 2024, App. Tables 6-7); paper self-reported"
Vicuna 7B,PAIR,65.5,valtest_standard,"https://arxiv.org/html/2402.04249v2 (Mazeika et al., HarmBench, Feb 2024, App. Tables 6-7); paper self-reported"
Vicuna 7B,TAP,67.3,valtest_standard,"https://arxiv.org/html/2402.04249v2 (Mazeika et al., HarmBench, Feb 2024, App. Tables 6-7); paper self-reported"
Vicuna 7B,TAP-T,78.4,valtest_standard,"https://arxiv.org/html/2402.04249v2 (Mazeika et al., HarmBench, Feb 2024, App. Tables 6-7); paper self-reported"
Vicuna 7B,AutoDAN,89.5,valtest_standard,"https://arxiv.org/html/2402.04249v2 (Mazeika et al., HarmBench, Feb 2024, App. Tables 6-7); paper self-reported"
Vicuna 7B,PAP-top5,16.4,valtest_standard,"https://arxiv.org/html/2402.04249v2 (Mazeika et al., HarmBench, Feb 2024, App. Tables 6-7); paper self-reported"
Vicuna 7B,Human,47.5,valtest_standard,"https://arxiv.org/html/2402.04249v2 (Mazeika et al., HarmBench, Feb 2024, App. Tables 6-7); paper self-reported"
Vicuna 7B,DR,21.5,valtest_standard,"https://arxiv.org/html/2402.04249v2 (Mazeika et al., HarmBench, Feb 2024, App. Tables 6-7); paper self-reported"
Vicuna 13B,GCG,87.0,valtest_standard,"https://arxiv.org/html/2402.04249v2 (Mazeika et al., HarmBench, Feb 2024, App. Tables 6-7); paper self-reported"
Vicuna 13B,GCG-M,80.2,valtest_standard,"https://arxiv.org/html/2402.04249v2 (Mazeika et al., HarmBench, Feb 2024, App. Tables 6-7); paper self-reported"
Vicuna 13B,GCG-T,71.8,valtest_standard,"https://arxiv.org/html/2402.04249v2 (Mazeika et al., HarmBench, Feb 2024, App. Tables 6-7); paper self-reported"
Vicuna 13B,PEZ,9.8,valtest_standard,"https://arxiv.org/html/2402.04249v2 (Mazeika et al., HarmBench, Feb 2024, App. Tables 6-7); paper self-reported"
Vicuna 13B,GBDA,7.4,valtest_standard,"https://arxiv.org/html/2402.04249v2 (Mazeika et al., HarmBench, Feb 2024, App. Tables 6-7); paper self-reported"
Vicuna 13B,UAT,8.5,valtest_standard,"https://arxiv.org/html/2402.04249v2 (Mazeika et al., HarmBench, Feb 2024, App. Tables 6-7); paper self-reported"
Vicuna 13B,AP,47.0,valtest_standard,"https://arxiv.org/html/2402.04249v2 (Mazeika et al., HarmBench, Feb 2024, App. Tables 6-7); paper self-reported"
Vicuna 13B,SFS,33.0,valtest_standard,"https://arxiv.org/html/2402.04249v2 (Mazeika et al., HarmBench, Feb 2024, App. Tables 6-7); paper self-reported"
Vicuna 13B,ZS,18.4,valtest_standard,"https://arxiv.org/html/2402.04249v2 (Mazeika et al., HarmBench, Feb 2024, App. Tables 6-7); paper self-reported"
Vicuna 13B,PAIR,59.0,valtest_standard,"https://arxiv.org/html/2402.04249v2 (Mazeika et al., HarmBench, Feb 2024, App. Tables 6-7); paper self-reported"
Vicuna 13B,TAP,71.4,valtest_standard,"https://arxiv.org/html/2402.04249v2 (Mazeika et al., HarmBench, Feb 2024, App. Tables 6-7); paper self-reported"
Vicuna 13B,TAP-T,79.4,valtest_standard,"https://arxiv.org/html/2402.04249v2 (Mazeika et al., HarmBench, Feb 2024, App. Tables 6-7); paper self-reported"
Vicuna 13B,AutoDAN,82.5,valtest_standard,"https://arxiv.org/html/2402.04249v2 (Mazeika et al., HarmBench, Feb 2024, App. Tables 6-7); paper self-reported"
Vicuna 13B,PAP-top5,16.1,valtest_standard,"https://arxiv.org/html/2402.04249v2 (Mazeika et al., HarmBench, Feb 2024, App. Tables 6-7); paper self-reported"
Vicuna 13B,Human,46.9,valtest_standard,"https://arxiv.org/html/2402.04249v2 (Mazeika et al., HarmBench, Feb 2024, App. Tables 6-7); paper self-reported"
Vicuna 13B,DR,13.5,valtest_standard,"https://arxiv.org/html/2402.04249v2 (Mazeika et al., HarmBench, Feb 2024, App. Tables 6-7); paper self-reported"
Baichuan 2 7B,GCG,80.5,valtest_standard,"https://arxiv.org/html/2402.04249v2 (Mazeika et al., HarmBench, Feb 2024, App. Tables 6-7); paper self-reported"
Baichuan 2 7B,GCG-M,62.8,valtest_standard,"https://arxiv.org/html/2402.04249v2 (Mazeika et al., HarmBench, Feb 2024, App. Tables 6-7); paper self-reported"
Baichuan 2 7B,GCG-T,64.0,valtest_standard,"https://arxiv.org/html/2402.04249v2 (Mazeika et al., HarmBench, Feb 2024, App. Tables 6-7); paper self-reported"
Baichuan 2 7B,PEZ,37.6,valtest_standard,"https://arxiv.org/html/2402.04249v2 (Mazeika et al., HarmBench, Feb 2024, App. Tables 6-7); paper self-reported"
Baichuan 2 7B,GBDA,33.6,valtest_standard,"https://arxiv.org/html/2402.04249v2 (Mazeika et al., HarmBench, Feb 2024, App. Tables 6-7); paper self-reported"
Baichuan 2 7B,UAT,30.5,valtest_standard,"https://arxiv.org/html/2402.04249v2 (Mazeika et al., HarmBench, Feb 2024, App. Tables 6-7); paper self-reported"
Baichuan 2 7B,AP,64.0,valtest_standard,"https://arxiv.org/html/2402.04249v2 (Mazeika et al., HarmBench, Feb 2024, App. Tables 6-7); paper self-reported"
Baichuan 2 7B,SFS,25.0,valtest_standard,"https://arxiv.org/html/2402.04249v2 (Mazeika et al., HarmBench, Feb 2024, App. Tables 6-7); paper self-reported"
Baichuan 2 7B,ZS,26.0,valtest_standard,"https://arxiv.org/html/2402.04249v2 (Mazeika et al., HarmBench, Feb 2024, App. Tables 6-7); paper self-reported"
Baichuan 2 7B,PAIR,38.0,valtest_standard,"https://arxiv.org/html/2402.04249v2 (Mazeika et al., HarmBench, Feb 2024, App. Tables 6-7); paper self-reported"
Baichuan 2 7B,TAP,64.8,valtest_standard,"https://arxiv.org/html/2402.04249v2 (Mazeika et al., HarmBench, Feb 2024, App. Tables 6-7); paper self-reported"
Baichuan 2 7B,TAP-T,74.9,valtest_standard,"https://arxiv.org/html/2402.04249v2 (Mazeika et al., HarmBench, Feb 2024, App. Tables 6-7); paper self-reported"
Baichuan 2 7B,AutoDAN,74.5,valtest_standard,"https://arxiv.org/html/2402.04249v2 (Mazeika et al., HarmBench, Feb 2024, App. Tables 6-7); paper self-reported"
Baichuan 2 7B,PAP-top5,17.5,valtest_standard,"https://arxiv.org/html/2402.04249v2 (Mazeika et al., HarmBench, Feb 2024, App. Tables 6-7); paper self-reported"
Baichuan 2 7B,Human,31.2,valtest_standard,"https://arxiv.org/html/2402.04249v2 (Mazeika et al., HarmBench, Feb 2024, App. Tables 6-7); paper self-reported"
Baichuan 2 7B,DR,14.0,valtest_standard,"https://arxiv.org/html/2402.04249v2 (Mazeika et al., HarmBench, Feb 2024, App. Tables 6-7); paper self-reported"
Baichuan 2 13B,GCG,87.0,valtest_standard,"https://arxiv.org/html/2402.04249v2 (Mazeika et al., HarmBench, Feb 2024, App. Tables 6-7); paper self-reported"
Baichuan 2 13B,GCG-M,74.0,valtest_standard,"https://arxiv.org/html/2402.04249v2 (Mazeika et al., HarmBench, Feb 2024, App. Tables 6-7); paper self-reported"
Baichuan 2 13B,GCG-T,58.6,valtest_standard,"https://arxiv.org/html/2402.04249v2 (Mazeika et al., HarmBench, Feb 2024, App. Tables 6-7); paper self-reported"
Baichuan 2 13B,PEZ,26.0,valtest_standard,"https://arxiv.org/html/2402.04249v2 (Mazeika et al., HarmBench, Feb 2024, App. Tables 6-7); paper self-reported"
Baichuan 2 13B,GBDA,24.1,valtest_standard,"https://arxiv.org/html/2402.04249v2 (Mazeika et al., HarmBench, Feb 2024, App. Tables 6-7); paper self-reported"
Baichuan 2 13B,UAT,66.0,valtest_standard,"https://arxiv.org/html/2402.04249v2 (Mazeika et al., HarmBench, Feb 2024, App. Tables 6-7); paper self-reported"
Baichuan 2 13B,AP,77.0,valtest_standard,"https://arxiv.org/html/2402.04249v2 (Mazeika et al., HarmBench, Feb 2024, App. Tables 6-7); paper self-reported"
Baichuan 2 13B,SFS,46.5,valtest_standard,"https://arxiv.org/html/2402.04249v2 (Mazeika et al., HarmBench, Feb 2024, App. Tables 6-7); paper self-reported"
Baichuan 2 13B,ZS,20.3,valtest_standard,"https://arxiv.org/html/2402.04249v2 (Mazeika et al., HarmBench, Feb 2024, App. Tables 6-7); paper self-reported"
Baichuan 2 13B,PAIR,66.0,valtest_standard,"https://arxiv.org/html/2402.04249v2 (Mazeika et al., HarmBench, Feb 2024, App. Tables 6-7); paper self-reported"
Baichuan 2 13B,TAP,71.4,valtest_standard,"https://arxiv.org/html/2402.04249v2 (Mazeika et al., HarmBench, Feb 2024, App. Tables 6-7); paper self-reported"
Baichuan 2 13B,TAP-T,82.4,valtest_standard,"https://arxiv.org/html/2402.04249v2 (Mazeika et al., HarmBench, Feb 2024, App. Tables 6-7); paper self-reported"
Baichuan 2 13B,AutoDAN,89.4,valtest_standard,"https://arxiv.org/html/2402.04249v2 (Mazeika et al., HarmBench, Feb 2024, App. Tables 6-7); paper self-reported"
Baichuan 2 13B,PAP-top5,19.2,valtest_standard,"https://arxiv.org/html/2402.04249v2 (Mazeika et al., HarmBench, Feb 2024, App. Tables 6-7); paper self-reported"
Baichuan 2 13B,Human,36.7,valtest_standard,"https://arxiv.org/html/2402.04249v2 (Mazeika et al., HarmBench, Feb 2024, App. Tables 6-7); paper self-reported"
Baichuan 2 13B,DR,12.5,valtest_standard,"https://arxiv.org/html/2402.04249v2 (Mazeika et al., HarmBench, Feb 2024, App. Tables 6-7); paper self-reported"
Qwen 7B Chat,GCG,79.5,valtest_standard,"https://arxiv.org/html/2402.04249v2 (Mazeika et al., HarmBench, Feb 2024, App. Tables 6-7); paper self-reported"
Qwen 7B Chat,GCG-M,73.3,valtest_standard,"https://arxiv.org/html/2402.04249v2 (Mazeika et al., HarmBench, Feb 2024, App. Tables 6-7); paper self-reported"
Qwen 7B Chat,GCG-T,48.4,valtest_standard,"https://arxiv.org/html/2402.04249v2 (Mazeika et al., HarmBench, Feb 2024, App. Tables 6-7); paper self-reported"
Qwen 7B Chat,PEZ,9.5,valtest_standard,"https://arxiv.org/html/2402.04249v2 (Mazeika et al., HarmBench, Feb 2024, App. Tables 6-7); paper self-reported"
Qwen 7B Chat,GBDA,8.5,valtest_standard,"https://arxiv.org/html/2402.04249v2 (Mazeika et al., HarmBench, Feb 2024, App. Tables 6-7); paper self-reported"
Qwen 7B Chat,UAT,5.5,valtest_standard,"https://arxiv.org/html/2402.04249v2 (Mazeika et al., HarmBench, Feb 2024, App. Tables 6-7); paper self-reported"
Qwen 7B Chat,AP,67.0,valtest_standard,"https://arxiv.org/html/2402.04249v2 (Mazeika et al., HarmBench, Feb 2024, App. Tables 6-7); paper self-reported"
Qwen 7B Chat,SFS,35.0,valtest_standard,"https://arxiv.org/html/2402.04249v2 (Mazeika et al., HarmBench, Feb 2024, App. Tables 6-7); paper self-reported"
Qwen 7B Chat,ZS,8.7,valtest_standard,"https://arxiv.org/html/2402.04249v2 (Mazeika et al., HarmBench, Feb 2024, App. Tables 6-7); paper self-reported"
Qwen 7B Chat,PAIR,58.0,valtest_standard,"https://arxiv.org/html/2402.04249v2 (Mazeika et al., HarmBench, Feb 2024, App. Tables 6-7); paper self-reported"
Qwen 7B Chat,TAP,69.5,valtest_standard,"https://arxiv.org/html/2402.04249v2 (Mazeika et al., HarmBench, Feb 2024, App. Tables 6-7); paper self-reported"
Qwen 7B Chat,TAP-T,75.9,valtest_standard,"https://arxiv.org/html/2402.04249v2 (Mazeika et al., HarmBench, Feb 2024, App. Tables 6-7); paper self-reported"
Qwen 7B Chat,AutoDAN,62.5,valtest_standard,"https://arxiv.org/html/2402.04249v2 (Mazeika et al., HarmBench, Feb 2024, App. Tables 6-7); paper self-reported"
Qwen 7B Chat,PAP-top5,10.3,valtest_standard,"https://arxiv.org/html/2402.04249v2 (Mazeika et al., HarmBench, Feb 2024, App. Tables 6-7); paper self-reported"
Qwen 7B Chat,Human,28.4,valtest_standard,"https://arxiv.org/html/2402.04249v2 (Mazeika et al., HarmBench, Feb 2024, App. Tables 6-7); paper self-reported"
Qwen 7B Chat,DR,7.0,valtest_standard,"https://arxiv.org/html/2402.04249v2 (Mazeika et al., HarmBench, Feb 2024, App. Tables 6-7); paper self-reported"
Qwen 14B Chat,GCG,83.5,valtest_standard,"https://arxiv.org/html/2402.04249v2 (Mazeika et al., HarmBench, Feb 2024, App. Tables 6-7); paper self-reported"
Qwen 14B Chat,GCG-M,75.5,valtest_standard,"https://arxiv.org/html/2402.04249v2 (Mazeika et al., HarmBench, Feb 2024, App. Tables 6-7); paper self-reported"
Qwen 14B Chat,GCG-T,46.0,valtest_standard,"https://arxiv.org/html/2402.04249v2 (Mazeika et al., HarmBench, Feb 2024, App. Tables 6-7); paper self-reported"
Qwen 14B Chat,PEZ,5.8,valtest_standard,"https://arxiv.org/html/2402.04249v2 (Mazeika et al., HarmBench, Feb 2024, App. Tables 6-7); paper self-reported"
Qwen 14B Chat,GBDA,7.5,valtest_standard,"https://arxiv.org/html/2402.04249v2 (Mazeika et al., HarmBench, Feb 2024, App. Tables 6-7); paper self-reported"
Qwen 14B Chat,UAT,4.5,valtest_standard,"https://arxiv.org/html/2402.04249v2 (Mazeika et al., HarmBench, Feb 2024, App. Tables 6-7); paper self-reported"
Qwen 14B Chat,AP,56.0,valtest_standard,"https://arxiv.org/html/2402.04249v2 (Mazeika et al., HarmBench, Feb 2024, App. Tables 6-7); paper self-reported"
Qwen 14B Chat,SFS,30.0,valtest_standard,"https://arxiv.org/html/2402.04249v2 (Mazeika et al., HarmBench, Feb 2024, App. Tables 6-7); paper self-reported"
Qwen 14B Chat,ZS,7.9,valtest_standard,"https://arxiv.org/html/2402.04249v2 (Mazeika et al., HarmBench, Feb 2024, App. Tables 6-7); paper self-reported"
Qwen 14B Chat,PAIR,51.5,valtest_standard,"https://arxiv.org/html/2402.04249v2 (Mazeika et al., HarmBench, Feb 2024, App. Tables 6-7); paper self-reported"
Qwen 14B Chat,TAP,57.0,valtest_standard,"https://arxiv.org/html/2402.04249v2 (Mazeika et al., HarmBench, Feb 2024, App. Tables 6-7); paper self-reported"
Qwen 14B Chat,TAP-T,67.3,valtest_standard,"https://arxiv.org/html/2402.04249v2 (Mazeika et al., HarmBench, Feb 2024, App. Tables 6-7); paper self-reported"
Qwen 14B Chat,AutoDAN,64.5,valtest_standard,"https://arxiv.org/html/2402.04249v2 (Mazeika et al., HarmBench, Feb 2024, App. Tables 6-7); paper self-reported"
Qwen 14B Chat,PAP-top5,9.2,valtest_standard,"https://arxiv.org/html/2402.04249v2 (Mazeika et al., HarmBench, Feb 2024, App. Tables 6-7); paper self-reported"
Qwen 14B Chat,Human,31.5,valtest_standard,"https://arxiv.org/html/2402.04249v2 (Mazeika et al., HarmBench, Feb 2024, App. Tables 6-7); paper self-reported"
Qwen 14B Chat,DR,9.5,valtest_standard,"https://arxiv.org/html/2402.04249v2 (Mazeika et al., HarmBench, Feb 2024, App. Tables 6-7); paper self-reported"
Qwen 72B Chat,GCG-T,36.6,valtest_standard,"https://arxiv.org/html/2402.04249v2 (Mazeika et al., HarmBench, Feb 2024, App. Tables 6-7); paper self-reported"
Qwen 72B Chat,SFS,30.0,valtest_standard,"https://arxiv.org/html/2402.04249v2 (Mazeika et al., HarmBench, Feb 2024, App. Tables 6-7); paper self-reported"
Qwen 72B Chat,ZS,7.7,valtest_standard,"https://arxiv.org/html/2402.04249v2 (Mazeika et al., HarmBench, Feb 2024, App. Tables 6-7); paper self-reported"
Qwen 72B Chat,PAIR,54.5,valtest_standard,"https://arxiv.org/html/2402.04249v2 (Mazeika et al., HarmBench, Feb 2024, App. Tables 6-7); paper self-reported"
Qwen 72B Chat,TAP,59.0,valtest_standard,"https://arxiv.org/html/2402.04249v2 (Mazeika et al., HarmBench, Feb 2024, App. Tables 6-7); paper self-reported"
Qwen 72B Chat,TAP-T,68.3,valtest_standard,"https://arxiv.org/html/2402.04249v2 (Mazeika et al., HarmBench, Feb 2024, App. Tables 6-7); paper self-reported"
Qwen 72B Chat,AutoDAN,31.5,valtest_standard,"https://arxiv.org/html/2402.04249v2 (Mazeika et al., HarmBench, Feb 2024, App. Tables 6-7); paper self-reported"
Qwen 72B Chat,PAP-top5,14.6,valtest_standard,"https://arxiv.org/html/2402.04249v2 (Mazeika et al., HarmBench, Feb 2024, App. Tables 6-7); paper self-reported"
Qwen 72B Chat,Human,42.2,valtest_standard,"https://arxiv.org/html/2402.04249v2 (Mazeika et al., HarmBench, Feb 2024, App. Tables 6-7); paper self-reported"
Qwen 72B Chat,DR,8.5,valtest_standard,"https://arxiv.org/html/2402.04249v2 (Mazeika et al., HarmBench, Feb 2024, App. Tables 6-7); paper self-reported"
Koala 7B,GCG,82.5,valtest_standard,"https://arxiv.org/html/2402.04249v2 (Mazeika et al., HarmBench, Feb 2024, App. Tables 6-7); paper self-reported"
Koala 7B,GCG-M,78.7,valtest_standard,"https://arxiv.org/html/2402.04249v2 (Mazeika et al., HarmBench, Feb 2024, App. Tables 6-7); paper self-reported"
Koala 7B,GCG-T,76.4,valtest_standard,"https://arxiv.org/html/2402.04249v2 (Mazeika et al., HarmBench, Feb 2024, App. Tables 6-7); paper self-reported"
Koala 7B,PEZ,61.2,valtest_standard,"https://arxiv.org/html/2402.04249v2 (Mazeika et al., HarmBench, Feb 2024, App. Tables 6-7); paper self-reported"
Koala 7B,GBDA,73.4,valtest_standard,"https://arxiv.org/html/2402.04249v2 (Mazeika et al., HarmBench, Feb 2024, App. Tables 6-7); paper self-reported"
Koala 7B,UAT,72.5,valtest_standard,"https://arxiv.org/html/2402.04249v2 (Mazeika et al., HarmBench, Feb 2024, App. Tables 6-7); paper self-reported"
Koala 7B,AP,75.5,valtest_standard,"https://arxiv.org/html/2402.04249v2 (Mazeika et al., HarmBench, Feb 2024, App. Tables 6-7); paper self-reported"
Koala 7B,SFS,60.5,valtest_standard,"https://arxiv.org/html/2402.04249v2 (Mazeika et al., HarmBench, Feb 2024, App. Tables 6-7); paper self-reported"
Koala 7B,ZS,56.0,valtest_standard,"https://arxiv.org/html/2402.04249v2 (Mazeika et al., HarmBench, Feb 2024, App. Tables 6-7); paper self-reported"
Koala 7B,PAIR,63.0,valtest_standard,"https://arxiv.org/html/2402.04249v2 (Mazeika et al., HarmBench, Feb 2024, App. Tables 6-7); paper self-reported"
Koala 7B,TAP,81.5,valtest_standard,"https://arxiv.org/html/2402.04249v2 (Mazeika et al., HarmBench, Feb 2024, App. Tables 6-7); paper self-reported"
Koala 7B,TAP-T,74.4,valtest_standard,"https://arxiv.org/html/2402.04249v2 (Mazeika et al., HarmBench, Feb 2024, App. Tables 6-7); paper self-reported"
Koala 7B,AutoDAN,84.5,valtest_standard,"https://arxiv.org/html/2402.04249v2 (Mazeika et al., HarmBench, Feb 2024, App. Tables 6-7); paper self-reported"
Koala 7B,PAP-top5,18.4,valtest_standard,"https://arxiv.org/html/2402.04249v2 (Mazeika et al., HarmBench, Feb 2024, App. Tables 6-7); paper self-reported"
Koala 7B,Human,31.6,valtest_standard,"https://arxiv.org/html/2402.04249v2 (Mazeika et al., HarmBench, Feb 2024, App. Tables 6-7); paper self-reported"
Koala 7B,DR,49.5,valtest_standard,"https://arxiv.org/html/2402.04249v2 (Mazeika et al., HarmBench, Feb 2024, App. Tables 6-7); paper self-reported"
Koala 13B,GCG,83.0,valtest_standard,"https://arxiv.org/html/2402.04249v2 (Mazeika et al., HarmBench, Feb 2024, App. Tables 6-7); paper self-reported"
Koala 13B,GCG-M,77.3,valtest_standard,"https://arxiv.org/html/2402.04249v2 (Mazeika et al., HarmBench, Feb 2024, App. Tables 6-7); paper self-reported"
Koala 13B,GCG-T,79.6,valtest_standard,"https://arxiv.org/html/2402.04249v2 (Mazeika et al., HarmBench, Feb 2024, App. Tables 6-7); paper self-reported"
Koala 13B,PEZ,61.9,valtest_standard,"https://arxiv.org/html/2402.04249v2 (Mazeika et al., HarmBench, Feb 2024, App. Tables 6-7); paper self-reported"
Koala 13B,GBDA,71.7,valtest_standard,"https://arxiv.org/html/2402.04249v2 (Mazeika et al., HarmBench, Feb 2024, App. Tables 6-7); paper self-reported"
Koala 13B,UAT,75.5,valtest_standard,"https://arxiv.org/html/2402.04249v2 (Mazeika et al., HarmBench, Feb 2024, App. Tables 6-7); paper self-reported"
Koala 13B,AP,81.5,valtest_standard,"https://arxiv.org/html/2402.04249v2 (Mazeika et al., HarmBench, Feb 2024, App. Tables 6-7); paper self-reported"
Koala 13B,SFS,44.0,valtest_standard,"https://arxiv.org/html/2402.04249v2 (Mazeika et al., HarmBench, Feb 2024, App. Tables 6-7); paper self-reported"
Koala 13B,ZS,45.3,valtest_standard,"https://arxiv.org/html/2402.04249v2 (Mazeika et al., HarmBench, Feb 2024, App. Tables 6-7); paper self-reported"
Koala 13B,PAIR,70.5,valtest_standard,"https://arxiv.org/html/2402.04249v2 (Mazeika et al., HarmBench, Feb 2024, App. Tables 6-7); paper self-reported"
Koala 13B,TAP,79.0,valtest_standard,"https://arxiv.org/html/2402.04249v2 (Mazeika et al., HarmBench, Feb 2024, App. Tables 6-7); paper self-reported"
Koala 13B,TAP-T,78.4,valtest_standard,"https://arxiv.org/html/2402.04249v2 (Mazeika et al., HarmBench, Feb 2024, App. Tables 6-7); paper self-reported"
Koala 13B,AutoDAN,86.5,valtest_standard,"https://arxiv.org/html/2402.04249v2 (Mazeika et al., HarmBench, Feb 2024, App. Tables 6-7); paper self-reported"
Koala 13B,PAP-top5,15.9,valtest_standard,"https://arxiv.org/html/2402.04249v2 (Mazeika et al., HarmBench, Feb 2024, App. Tables 6-7); paper self-reported"
Koala 13B,Human,39.8,valtest_standard,"https://arxiv.org/html/2402.04249v2 (Mazeika et al., HarmBench, Feb 2024, App. Tables 6-7); paper self-reported"
Koala 13B,DR,29.5,valtest_standard,"https://arxiv.org/html/2402.04249v2 (Mazeika et al., HarmBench, Feb 2024, App. Tables 6-7); paper self-reported"
Orca 2 7B,GCG,56.0,valtest_standard,"https://arxiv.org/html/2402.04249v2 (Mazeika et al., HarmBench, Feb 2024, App. Tables 6-7); paper self-reported"
Orca 2 7B,GCG-M,46.3,valtest_standard,"https://arxiv.org/html/2402.04249v2 (Mazeika et al., HarmBench, Feb 2024, App. Tables 6-7); paper self-reported"
Orca 2 7B,GCG-T,82.4,valtest_standard,"https://arxiv.org/html/2402.04249v2 (Mazeika et al., HarmBench, Feb 2024, App. Tables 6-7); paper self-reported"
Orca 2 7B,PEZ,45.1,valtest_standard,"https://arxiv.org/html/2402.04249v2 (Mazeika et al., HarmBench, Feb 2024, App. Tables 6-7); paper self-reported"
Orca 2 7B,GBDA,40.9,valtest_standard,"https://arxiv.org/html/2402.04249v2 (Mazeika et al., HarmBench, Feb 2024, App. Tables 6-7); paper self-reported"
Orca 2 7B,UAT,45.0,valtest_standard,"https://arxiv.org/html/2402.04249v2 (Mazeika et al., HarmBench, Feb 2024, App. Tables 6-7); paper self-reported"
Orca 2 7B,AP,40.5,valtest_standard,"https://arxiv.org/html/2402.04249v2 (Mazeika et al., HarmBench, Feb 2024, App. Tables 6-7); paper self-reported"
Orca 2 7B,SFS,61.5,valtest_standard,"https://arxiv.org/html/2402.04249v2 (Mazeika et al., HarmBench, Feb 2024, App. Tables 6-7); paper self-reported"
Orca 2 7B,ZS,50.6,valtest_standard,"https://arxiv.org/html/2402.04249v2 (Mazeika et al., HarmBench, Feb 2024, App. Tables 6-7); paper self-reported"
Orca 2 7B,PAIR,69.5,valtest_standard,"https://arxiv.org/html/2402.04249v2 (Mazeika et al., HarmBench, Feb 2024, App. Tables 6-7); paper self-reported"
Orca 2 7B,TAP,74.5,valtest_standard,"https://arxiv.org/html/2402.04249v2 (Mazeika et al., HarmBench, Feb 2024, App. Tables 6-7); paper self-reported"
Orca 2 7B,TAP-T,76.9,valtest_standard,"https://arxiv.org/html/2402.04249v2 (Mazeika et al., HarmBench, Feb 2024, App. Tables 6-7); paper self-reported"
Orca 2 7B,AutoDAN,97.5,valtest_standard,"https://arxiv.org/html/2402.04249v2 (Mazeika et al., HarmBench, Feb 2024, App. Tables 6-7); paper self-reported"
Orca 2 7B,PAP-top5,16.3,valtest_standard,"https://arxiv.org/html/2402.04249v2 (Mazeika et al., HarmBench, Feb 2024, App. Tables 6-7); paper self-reported"
Orca 2 7B,Human,51.9,valtest_standard,"https://arxiv.org/html/2402.04249v2 (Mazeika et al., HarmBench, Feb 2024, App. Tables 6-7); paper self-reported"
Orca 2 7B,DR,41.0,valtest_standard,"https://arxiv.org/html/2402.04249v2 (Mazeika et al., HarmBench, Feb 2024, App. Tables 6-7); paper self-reported"
Orca 2 13B,GCG,58.0,valtest_standard,"https://arxiv.org/html/2402.04249v2 (Mazeika et al., HarmBench, Feb 2024, App. Tables 6-7); paper self-reported"
Orca 2 13B,GCG-M,28.8,valtest_standard,"https://arxiv.org/html/2402.04249v2 (Mazeika et al., HarmBench, Feb 2024, App. Tables 6-7); paper self-reported"
Orca 2 13B,GCG-T,63.1,valtest_standard,"https://arxiv.org/html/2402.04249v2 (Mazeika et al., HarmBench, Feb 2024, App. Tables 6-7); paper self-reported"
Orca 2 13B,PEZ,34.9,valtest_standard,"https://arxiv.org/html/2402.04249v2 (Mazeika et al., HarmBench, Feb 2024, App. Tables 6-7); paper self-reported"
Orca 2 13B,GBDA,32.2,valtest_standard,"https://arxiv.org/html/2402.04249v2 (Mazeika et al., HarmBench, Feb 2024, App. Tables 6-7); paper self-reported"
Orca 2 13B,UAT,35.0,valtest_standard,"https://arxiv.org/html/2402.04249v2 (Mazeika et al., HarmBench, Feb 2024, App. Tables 6-7); paper self-reported"
Orca 2 13B,AP,29.5,valtest_standard,"https://arxiv.org/html/2402.04249v2 (Mazeika et al., HarmBench, Feb 2024, App. Tables 6-7); paper self-reported"
Orca 2 13B,SFS,61.0,valtest_standard,"https://arxiv.org/html/2402.04249v2 (Mazeika et al., HarmBench, Feb 2024, App. Tables 6-7); paper self-reported"
Orca 2 13B,ZS,48.5,valtest_standard,"https://arxiv.org/html/2402.04249v2 (Mazeika et al., HarmBench, Feb 2024, App. Tables 6-7); paper self-reported"
Orca 2 13B,PAIR,69.0,valtest_standard,"https://arxiv.org/html/2402.04249v2 (Mazeika et al., HarmBench, Feb 2024, App. Tables 6-7); paper self-reported"
Orca 2 13B,TAP,75.0,valtest_standard,"https://arxiv.org/html/2402.04249v2 (Mazeika et al., HarmBench, Feb 2024, App. Tables 6-7); paper self-reported"
Orca 2 13B,TAP-T,79.4,valtest_standard,"https://arxiv.org/html/2402.04249v2 (Mazeika et al., HarmBench, Feb 2024, App. Tables 6-7); paper self-reported"
Orca 2 13B,AutoDAN,94.0,valtest_standard,"https://arxiv.org/html/2402.04249v2 (Mazeika et al., HarmBench, Feb 2024, App. Tables 6-7); paper self-reported"
Orca 2 13B,PAP-top5,15.7,valtest_standard,"https://arxiv.org/html/2402.04249v2 (Mazeika et al., HarmBench, Feb 2024, App. Tables 6-7); paper self-reported"
Orca 2 13B,Human,54.1,valtest_standard,"https://arxiv.org/html/2402.04249v2 (Mazeika et al., HarmBench, Feb 2024, App. Tables 6-7); paper self-reported"
Orca 2 13B,DR,44.0,valtest_standard,"https://arxiv.org/html/2402.04249v2 (Mazeika et al., HarmBench, Feb 2024, App. Tables 6-7); paper self-reported"
SOLAR 10.7B-Instruct,GCG,75.0,valtest_standard,"https://arxiv.org/html/2402.04249v2 (Mazeika et al., HarmBench, Feb 2024, App. Tables 6-7); paper self-reported"
SOLAR 10.7B-Instruct,GCG-M,78.7,valtest_standard,"https://arxiv.org/html/2402.04249v2 (Mazeika et al., HarmBench, Feb 2024, App. Tables 6-7); paper self-reported"
SOLAR 10.7B-Instruct,GCG-T,74.9,valtest_standard,"https://arxiv.org/html/2402.04249v2 (Mazeika et al., HarmBench, Feb 2024, App. Tables 6-7); paper self-reported"
SOLAR 10.7B-Instruct,PEZ,64.9,valtest_standard,"https://arxiv.org/html/2402.04249v2 (Mazeika et al., HarmBench, Feb 2024, App. Tables 6-7); paper self-reported"
SOLAR 10.7B-Instruct,GBDA,63.0,valtest_standard,"https://arxiv.org/html/2402.04249v2 (Mazeika et al., HarmBench, Feb 2024, App. Tables 6-7); paper self-reported"
SOLAR 10.7B-Instruct,UAT,63.5,valtest_standard,"https://arxiv.org/html/2402.04249v2 (Mazeika et al., HarmBench, Feb 2024, App. Tables 6-7); paper self-reported"
SOLAR 10.7B-Instruct,AP,71.5,valtest_standard,"https://arxiv.org/html/2402.04249v2 (Mazeika et al., HarmBench, Feb 2024, App. Tables 6-7); paper self-reported"
SOLAR 10.7B-Instruct,SFS,74.0,valtest_standard,"https://arxiv.org/html/2402.04249v2 (Mazeika et al., HarmBench, Feb 2024, App. Tables 6-7); paper self-reported"
SOLAR 10.7B-Instruct,ZS,66.8,valtest_standard,"https://arxiv.org/html/2402.04249v2 (Mazeika et al., HarmBench, Feb 2024, App. Tables 6-7); paper self-reported"
SOLAR 10.7B-Instruct,PAIR,68.5,valtest_standard,"https://arxiv.org/html/2402.04249v2 (Mazeika et al., HarmBench, Feb 2024, App. Tables 6-7); paper self-reported"
SOLAR 10.7B-Instruct,TAP,82.0,valtest_standard,"https://arxiv.org/html/2402.04249v2 (Mazeika et al., HarmBench, Feb 2024, App. Tables 6-7); paper self-reported"
SOLAR 10.7B-Instruct,TAP-T,80.4,valtest_standard,"https://arxiv.org/html/2402.04249v2 (Mazeika et al., HarmBench, Feb 2024, App. Tables 6-7); paper self-reported"
SOLAR 10.7B-Instruct,AutoDAN,93.0,valtest_standard,"https://arxiv.org/html/2402.04249v2 (Mazeika et al., HarmBench, Feb 2024, App. Tables 6-7); paper self-reported"
SOLAR 10.7B-Instruct,PAP-top5,27.9,valtest_standard,"https://arxiv.org/html/2402.04249v2 (Mazeika et al., HarmBench, Feb 2024, App. Tables 6-7); paper self-reported"
SOLAR 10.7B-Instruct,Human,75.3,valtest_standard,"https://arxiv.org/html/2402.04249v2 (Mazeika et al., HarmBench, Feb 2024, App. Tables 6-7); paper self-reported"
SOLAR 10.7B-Instruct,DR,74.0,valtest_standard,"https://arxiv.org/html/2402.04249v2 (Mazeika et al., HarmBench, Feb 2024, App. Tables 6-7); paper self-reported"
Mistral 7B,GCG,88.0,valtest_standard,"https://arxiv.org/html/2402.04249v2 (Mazeika et al., HarmBench, Feb 2024, App. Tables 6-7); paper self-reported"
Mistral 7B,GCG-M,83.9,valtest_standard,"https://arxiv.org/html/2402.04249v2 (Mazeika et al., HarmBench, Feb 2024, App. Tables 6-7); paper self-reported"
Mistral 7B,GCG-T,84.3,valtest_standard,"https://arxiv.org/html/2402.04249v2 (Mazeika et al., HarmBench, Feb 2024, App. Tables 6-7); paper self-reported"
Mistral 7B,PEZ,57.0,valtest_standard,"https://arxiv.org/html/2402.04249v2 (Mazeika et al., HarmBench, Feb 2024, App. Tables 6-7); paper self-reported"
Mistral 7B,GBDA,61.7,valtest_standard,"https://arxiv.org/html/2402.04249v2 (Mazeika et al., HarmBench, Feb 2024, App. Tables 6-7); paper self-reported"
Mistral 7B,UAT,59.0,valtest_standard,"https://arxiv.org/html/2402.04249v2 (Mazeika et al., HarmBench, Feb 2024, App. Tables 6-7); paper self-reported"
Mistral 7B,AP,79.0,valtest_standard,"https://arxiv.org/html/2402.04249v2 (Mazeika et al., HarmBench, Feb 2024, App. Tables 6-7); paper self-reported"
Mistral 7B,SFS,62.5,valtest_standard,"https://arxiv.org/html/2402.04249v2 (Mazeika et al., HarmBench, Feb 2024, App. Tables 6-7); paper self-reported"
Mistral 7B,ZS,46.0,valtest_standard,"https://arxiv.org/html/2402.04249v2 (Mazeika et al., HarmBench, Feb 2024, App. Tables 6-7); paper self-reported"
Mistral 7B,PAIR,61.0,valtest_standard,"https://arxiv.org/html/2402.04249v2 (Mazeika et al., HarmBench, Feb 2024, App. Tables 6-7); paper self-reported"
Mistral 7B,TAP,78.0,valtest_standard,"https://arxiv.org/html/2402.04249v2 (Mazeika et al., HarmBench, Feb 2024, App. Tables 6-7); paper self-reported"
Mistral 7B,TAP-T,83.4,valtest_standard,"https://arxiv.org/html/2402.04249v2 (Mazeika et al., HarmBench, Feb 2024, App. Tables 6-7); paper self-reported"
Mistral 7B,AutoDAN,93.0,valtest_standard,"https://arxiv.org/html/2402.04249v2 (Mazeika et al., HarmBench, Feb 2024, App. Tables 6-7); paper self-reported"
Mistral 7B,PAP-top5,25.0,valtest_standard,"https://arxiv.org/html/2402.04249v2 (Mazeika et al., HarmBench, Feb 2024, App. Tables 6-7); paper self-reported"
Mistral 7B,Human,71.1,valtest_standard,"https://arxiv.org/html/2402.04249v2 (Mazeika et al., HarmBench, Feb 2024, App. Tables 6-7); paper self-reported"
Mistral 7B,DR,46.0,valtest_standard,"https://arxiv.org/html/2402.04249v2 (Mazeika et al., HarmBench, Feb 2024, App. Tables 6-7); paper self-reported"
Mixtral 8x7B,GCG-T,79.5,valtest_standard,"https://arxiv.org/html/2402.04249v2 (Mazeika et al., HarmBench, Feb 2024, App. Tables 6-7); paper self-reported"
Mixtral 8x7B,SFS,53.0,valtest_standard,"https://arxiv.org/html/2402.04249v2 (Mazeika et al., HarmBench, Feb 2024, App. Tables 6-7); paper self-reported"
Mixtral 8x7B,ZS,35.0,valtest_standard,"https://arxiv.org/html/2402.04249v2 (Mazeika et al., HarmBench, Feb 2024, App. Tables 6-7); paper self-reported"
Mixtral 8x7B,PAIR,68.8,valtest_standard,"https://arxiv.org/html/2402.04249v2 (Mazeika et al., HarmBench, Feb 2024, App. Tables 6-7); paper self-reported"
Mixtral 8x7B,TAP,84.9,valtest_standard,"https://arxiv.org/html/2402.04249v2 (Mazeika et al., HarmBench, Feb 2024, App. Tables 6-7); paper self-reported"
Mixtral 8x7B,TAP-T,81.9,valtest_standard,"https://arxiv.org/html/2402.04249v2 (Mazeika et al., HarmBench, Feb 2024, App. Tables 6-7); paper self-reported"
Mixtral 8x7B,AutoDAN,88.5,valtest_standard,"https://arxiv.org/html/2402.04249v2 (Mazeika et al., HarmBench, Feb 2024, App. Tables 6-7); paper self-reported"
Mixtral 8x7B,PAP-top5,20.5,valtest_standard,"https://arxiv.org/html/2402.04249v2 (Mazeika et al., HarmBench, Feb 2024, App. Tables 6-7); paper self-reported"
Mixtral 8x7B,Human,60.9,valtest_standard,"https://arxiv.org/html/2402.04249v2 (Mazeika et al., HarmBench, Feb 2024, App. Tables 6-7); paper self-reported"
Mixtral 8x7B,DR,40.0,valtest_standard,"https://arxiv.org/html/2402.04249v2 (Mazeika et al., HarmBench, Feb 2024, App. Tables 6-7); paper self-reported"
OpenChat 3.5 1210,GCG,85.5,valtest_standard,"https://arxiv.org/html/2402.04249v2 (Mazeika et al., HarmBench, Feb 2024, App. Tables 6-7); paper self-reported"
OpenChat 3.5 1210,GCG-M,70.8,valtest_standard,"https://arxiv.org/html/2402.04249v2 (Mazeika et al., HarmBench, Feb 2024, App. Tables 6-7); paper self-reported"
OpenChat 3.5 1210,GCG-T,79.1,valtest_standard,"https://arxiv.org/html/2402.04249v2 (Mazeika et al., HarmBench, Feb 2024, App. Tables 6-7); paper self-reported"
OpenChat 3.5 1210,PEZ,42.7,valtest_standard,"https://arxiv.org/html/2402.04249v2 (Mazeika et al., HarmBench, Feb 2024, App. Tables 6-7); paper self-reported"
OpenChat 3.5 1210,GBDA,54.0,valtest_standard,"https://arxiv.org/html/2402.04249v2 (Mazeika et al., HarmBench, Feb 2024, App. Tables 6-7); paper self-reported"
OpenChat 3.5 1210,UAT,45.0,valtest_standard,"https://arxiv.org/html/2402.04249v2 (Mazeika et al., HarmBench, Feb 2024, App. Tables 6-7); paper self-reported"
OpenChat 3.5 1210,AP,71.5,valtest_standard,"https://arxiv.org/html/2402.04249v2 (Mazeika et al., HarmBench, Feb 2024, App. Tables 6-7); paper self-reported"
OpenChat 3.5 1210,SFS,64.0,valtest_standard,"https://arxiv.org/html/2402.04249v2 (Mazeika et al., HarmBench, Feb 2024, App. Tables 6-7); paper self-reported"
OpenChat 3.5 1210,ZS,46.6,valtest_standard,"https://arxiv.org/html/2402.04249v2 (Mazeika et al., HarmBench, Feb 2024, App. Tables 6-7); paper self-reported"
OpenChat 3.5 1210,PAIR,63.0,valtest_standard,"https://arxiv.org/html/2402.04249v2 (Mazeika et al., HarmBench, Feb 2024, App. Tables 6-7); paper self-reported"
OpenChat 3.5 1210,TAP,81.5,valtest_standard,"https://arxiv.org/html/2402.04249v2 (Mazeika et al., HarmBench, Feb 2024, App. Tables 6-7); paper self-reported"
OpenChat 3.5 1210,TAP-T,83.4,valtest_standard,"https://arxiv.org/html/2402.04249v2 (Mazeika et al., HarmBench, Feb 2024, App. Tables 6-7); paper self-reported"
OpenChat 3.5 1210,AutoDAN,97.0,valtest_standard,"https://arxiv.org/html/2402.04249v2 (Mazeika et al., HarmBench, Feb 2024, App. Tables 6-7); paper self-reported"
OpenChat 3.5 1210,PAP-top5,25.4,valtest_standard,"https://arxiv.org/html/2402.04249v2 (Mazeika et al., HarmBench, Feb 2024, App. Tables 6-7); paper self-reported"
OpenChat 3.5 1210,Human,64.0,valtest_standard,"https://arxiv.org/html/2402.04249v2 (Mazeika et al., HarmBench, Feb 2024, App. Tables 6-7); paper self-reported"
OpenChat 3.5 1210,DR,50.5,valtest_standard,"https://arxiv.org/html/2402.04249v2 (Mazeika et al., HarmBench, Feb 2024, App. Tables 6-7); paper self-reported"
Starling 7B,GCG,89.0,valtest_standard,"https://arxiv.org/html/2402.04249v2 (Mazeika et al., HarmBench, Feb 2024, App. Tables 6-7); paper self-reported"
Starling 7B,GCG-M,81.3,valtest_standard,"https://arxiv.org/html/2402.04249v2 (Mazeika et al., HarmBench, Feb 2024, App. Tables 6-7); paper self-reported"
Starling 7B,GCG-T,75.0,valtest_standard,"https://arxiv.org/html/2402.04249v2 (Mazeika et al., HarmBench, Feb 2024, App. Tables 6-7); paper self-reported"
Starling 7B,PEZ,56.7,valtest_standard,"https://arxiv.org/html/2402.04249v2 (Mazeika et al., HarmBench, Feb 2024, App. Tables 6-7); paper self-reported"
Starling 7B,GBDA,71.7,valtest_standard,"https://arxiv.org/html/2402.04249v2 (Mazeika et al., HarmBench, Feb 2024, App. Tables 6-7); paper self-reported"
Starling 7B,UAT,62.5,valtest_standard,"https://arxiv.org/html/2402.04249v2 (Mazeika et al., HarmBench, Feb 2024, App. Tables 6-7); paper self-reported"
Starling 7B,AP,80.5,valtest_standard,"https://arxiv.org/html/2402.04249v2 (Mazeika et al., HarmBench, Feb 2024, App. Tables 6-7); paper self-reported"
Starling 7B,SFS,67.0,valtest_standard,"https://arxiv.org/html/2402.04249v2 (Mazeika et al., HarmBench, Feb 2024, App. Tables 6-7); paper self-reported"
Starling 7B,ZS,59.2,valtest_standard,"https://arxiv.org/html/2402.04249v2 (Mazeika et al., HarmBench, Feb 2024, App. Tables 6-7); paper self-reported"
Starling 7B,PAIR,70.4,valtest_standard,"https://arxiv.org/html/2402.04249v2 (Mazeika et al., HarmBench, Feb 2024, App. Tables 6-7); paper self-reported"
Starling 7B,TAP,87.5,valtest_standard,"https://arxiv.org/html/2402.04249v2 (Mazeika et al., HarmBench, Feb 2024, App. Tables 6-7); paper self-reported"
Starling 7B,TAP-T,82.9,valtest_standard,"https://arxiv.org/html/2402.04249v2 (Mazeika et al., HarmBench, Feb 2024, App. Tables 6-7); paper self-reported"
Starling 7B,AutoDAN,96.0,valtest_standard,"https://arxiv.org/html/2402.04249v2 (Mazeika et al., HarmBench, Feb 2024, App. Tables 6-7); paper self-reported"
Starling 7B,PAP-top5,27.5,valtest_standard,"https://arxiv.org/html/2402.04249v2 (Mazeika et al., HarmBench, Feb 2024, App. Tables 6-7); paper self-reported"
Starling 7B,Human,76.3,valtest_standard,"https://arxiv.org/html/2402.04249v2 (Mazeika et al., HarmBench, Feb 2024, App. Tables 6-7); paper self-reported"
Starling 7B,DR,65.0,valtest_standard,"https://arxiv.org/html/2402.04249v2 (Mazeika et al., HarmBench, Feb 2024, App. Tables 6-7); paper self-reported"
Zephyr 7B,GCG,90.5,valtest_standard,"https://arxiv.org/html/2402.04249v2 (Mazeika et al., HarmBench, Feb 2024, App. Tables 6-7); paper self-reported"
Zephyr 7B,GCG-M,82.7,valtest_standard,"https://arxiv.org/html/2402.04249v2 (Mazeika et al., HarmBench, Feb 2024, App. Tables 6-7); paper self-reported"
Zephyr 7B,GCG-T,78.6,valtest_standard,"https://arxiv.org/html/2402.04249v2 (Mazeika et al., HarmBench, Feb 2024, App. Tables 6-7); paper self-reported"
Zephyr 7B,PEZ,79.6,valtest_standard,"https://arxiv.org/html/2402.04249v2 (Mazeika et al., HarmBench, Feb 2024, App. Tables 6-7); paper self-reported"
Zephyr 7B,GBDA,80.0,valtest_standard,"https://arxiv.org/html/2402.04249v2 (Mazeika et al., HarmBench, Feb 2024, App. Tables 6-7); paper self-reported"
Zephyr 7B,UAT,82.5,valtest_standard,"https://arxiv.org/html/2402.04249v2 (Mazeika et al., HarmBench, Feb 2024, App. Tables 6-7); paper self-reported"
Zephyr 7B,AP,79.5,valtest_standard,"https://arxiv.org/html/2402.04249v2 (Mazeika et al., HarmBench, Feb 2024, App. Tables 6-7); paper self-reported"
Zephyr 7B,SFS,77.0,valtest_standard,"https://arxiv.org/html/2402.04249v2 (Mazeika et al., HarmBench, Feb 2024, App. Tables 6-7); paper self-reported"
Zephyr 7B,ZS,79.3,valtest_standard,"https://arxiv.org/html/2402.04249v2 (Mazeika et al., HarmBench, Feb 2024, App. Tables 6-7); paper self-reported"
Zephyr 7B,PAIR,70.0,valtest_standard,"https://arxiv.org/html/2402.04249v2 (Mazeika et al., HarmBench, Feb 2024, App. Tables 6-7); paper self-reported"
Zephyr 7B,TAP,83.0,valtest_standard,"https://arxiv.org/html/2402.04249v2 (Mazeika et al., HarmBench, Feb 2024, App. Tables 6-7); paper self-reported"
Zephyr 7B,TAP-T,88.4,valtest_standard,"https://arxiv.org/html/2402.04249v2 (Mazeika et al., HarmBench, Feb 2024, App. Tables 6-7); paper self-reported"
Zephyr 7B,AutoDAN,97.5,valtest_standard,"https://arxiv.org/html/2402.04249v2 (Mazeika et al., HarmBench, Feb 2024, App. Tables 6-7); paper self-reported"
Zephyr 7B,PAP-top5,31.1,valtest_standard,"https://arxiv.org/html/2402.04249v2 (Mazeika et al., HarmBench, Feb 2024, App. Tables 6-7); paper self-reported"
Zephyr 7B,Human,83.4,valtest_standard,"https://arxiv.org/html/2402.04249v2 (Mazeika et al., HarmBench, Feb 2024, App. Tables 6-7); paper self-reported"
Zephyr 7B,DR,83.0,valtest_standard,"https://arxiv.org/html/2402.04249v2 (Mazeika et al., HarmBench, Feb 2024, App. Tables 6-7); paper self-reported"
R2D2 (Ours),GCG,0.0,valtest_standard,"https://arxiv.org/html/2402.04249v2 (Mazeika et al., HarmBench, Feb 2024, App. Tables 6-7); paper self-reported"
R2D2 (Ours),GCG-M,0.5,valtest_standard,"https://arxiv.org/html/2402.04249v2 (Mazeika et al., HarmBench, Feb 2024, App. Tables 6-7); paper self-reported"
R2D2 (Ours),GCG-T,0.0,valtest_standard,"https://arxiv.org/html/2402.04249v2 (Mazeika et al., HarmBench, Feb 2024, App. Tables 6-7); paper self-reported"
R2D2 (Ours),PEZ,0.1,valtest_standard,"https://arxiv.org/html/2402.04249v2 (Mazeika et al., HarmBench, Feb 2024, App. Tables 6-7); paper self-reported"
R2D2 (Ours),GBDA,0.0,valtest_standard,"https://arxiv.org/html/2402.04249v2 (Mazeika et al., HarmBench, Feb 2024, App. Tables 6-7); paper self-reported"
R2D2 (Ours),UAT,0.0,valtest_standard,"https://arxiv.org/html/2402.04249v2 (Mazeika et al., HarmBench, Feb 2024, App. Tables 6-7); paper self-reported"
R2D2 (Ours),AP,0.0,valtest_standard,"https://arxiv.org/html/2402.04249v2 (Mazeika et al., HarmBench, Feb 2024, App. Tables 6-7); paper self-reported"
R2D2 (Ours),SFS,47.0,valtest_standard,"https://arxiv.org/html/2402.04249v2 (Mazeika et al., HarmBench, Feb 2024, App. Tables 6-7); paper self-reported"
R2D2 (Ours),ZS,1.6,valtest_standard,"https://arxiv.org/html/2402.04249v2 (Mazeika et al., HarmBench, Feb 2024, App. Tables 6-7); paper self-reported"
R2D2 (Ours),PAIR,57.5,valtest_standard,"https://arxiv.org/html/2402.04249v2 (Mazeika et al., HarmBench, Feb 2024, App. Tables 6-7); paper self-reported"
R2D2 (Ours),TAP,76.5,valtest_standard,"https://arxiv.org/html/2402.04249v2 (Mazeika et al., HarmBench, Feb 2024, App. Tables 6-7); paper self-reported"
R2D2 (Ours),TAP-T,66.8,valtest_standard,"https://arxiv.org/html/2402.04249v2 (Mazeika et al., HarmBench, Feb 2024, App. Tables 6-7); paper self-reported"
R2D2 (Ours),AutoDAN,10.5,valtest_standard,"https://arxiv.org/html/2402.04249v2 (Mazeika et al., HarmBench, Feb 2024, App. Tables 6-7); paper self-reported"
R2D2 (Ours),PAP-top5,20.7,valtest_standard,"https://arxiv.org/html/2402.04249v2 (Mazeika et al., HarmBench, Feb 2024, App. Tables 6-7); paper self-reported"
R2D2 (Ours),Human,5.2,valtest_standard,"https://arxiv.org/html/2402.04249v2 (Mazeika et al., HarmBench, Feb 2024, App. Tables 6-7); paper self-reported"
R2D2 (Ours),DR,1.0,valtest_standard,"https://arxiv.org/html/2402.04249v2 (Mazeika et al., HarmBench, Feb 2024, App. Tables 6-7); paper self-reported"
GPT-3.5 Turbo 0613,GCG-T,45.6,valtest_standard,"https://arxiv.org/html/2402.04249v2 (Mazeika et al., HarmBench, Feb 2024, App. Tables 6-7); paper self-reported"
GPT-3.5 Turbo 0613,ZS,20.3,valtest_standard,"https://arxiv.org/html/2402.04249v2 (Mazeika et al., HarmBench, Feb 2024, App. Tables 6-7); paper self-reported"
GPT-3.5 Turbo 0613,PAIR,51.5,valtest_standard,"https://arxiv.org/html/2402.04249v2 (Mazeika et al., HarmBench, Feb 2024, App. Tables 6-7); paper self-reported"
GPT-3.5 Turbo 0613,TAP,52.3,valtest_standard,"https://arxiv.org/html/2402.04249v2 (Mazeika et al., HarmBench, Feb 2024, App. Tables 6-7); paper self-reported"
GPT-3.5 Turbo 0613,TAP-T,79.9,valtest_standard,"https://arxiv.org/html/2402.04249v2 (Mazeika et al., HarmBench, Feb 2024, App. Tables 6-7); paper self-reported"
GPT-3.5 Turbo 0613,PAP-top5,10.8,valtest_standard,"https://arxiv.org/html/2402.04249v2 (Mazeika et al., HarmBench, Feb 2024, App. Tables 6-7); paper self-reported"
GPT-3.5 Turbo 0613,Human,25.9,valtest_standard,"https://arxiv.org/html/2402.04249v2 (Mazeika et al., HarmBench, Feb 2024, App. Tables 6-7); paper self-reported"
GPT-3.5 Turbo 0613,DR,16.5,valtest_standard,"https://arxiv.org/html/2402.04249v2 (Mazeika et al., HarmBench, Feb 2024, App. Tables 6-7); paper self-reported"
GPT-3.5 Turbo 1106,GCG-T,55.8,valtest_standard,"https://arxiv.org/html/2402.04249v2 (Mazeika et al., HarmBench, Feb 2024, App. Tables 6-7); paper self-reported"
GPT-3.5 Turbo 1106,ZS,32.7,valtest_standard,"https://arxiv.org/html/2402.04249v2 (Mazeika et al., HarmBench, Feb 2024, App. Tables 6-7); paper self-reported"
GPT-3.5 Turbo 1106,PAIR,41.0,valtest_standard,"https://arxiv.org/html/2402.04249v2 (Mazeika et al., HarmBench, Feb 2024, App. Tables 6-7); paper self-reported"
GPT-3.5 Turbo 1106,TAP,46.7,valtest_standard,"https://arxiv.org/html/2402.04249v2 (Mazeika et al., HarmBench, Feb 2024, App. Tables 6-7); paper self-reported"
GPT-3.5 Turbo 1106,TAP-T,60.3,valtest_standard,"https://arxiv.org/html/2402.04249v2 (Mazeika et al., HarmBench, Feb 2024, App. Tables 6-7); paper self-reported"
GPT-3.5 Turbo 1106,PAP-top5,12.3,valtest_standard,"https://arxiv.org/html/2402.04249v2 (Mazeika et al., HarmBench, Feb 2024, App. Tables 6-7); paper self-reported"
GPT-3.5 Turbo 1106,Human,2.7,valtest_standard,"https://arxiv.org/html/2402.04249v2 (Mazeika et al., HarmBench, Feb 2024, App. Tables 6-7); paper self-reported"
GPT-3.5 Turbo 1106,DR,35.0,valtest_standard,"https://arxiv.org/html/2402.04249v2 (Mazeika et al., HarmBench, Feb 2024, App. Tables 6-7); paper self-reported"
GPT-4 0613,GCG-T,14.0,valtest_standard,"https://arxiv.org/html/2402.04249v2 (Mazeika et al., HarmBench, Feb 2024, App. Tables 6-7); paper self-reported"
GPT-4 0613,ZS,11.1,valtest_standard,"https://arxiv.org/html/2402.04249v2 (Mazeika et al., HarmBench, Feb 2024, App. Tables 6-7); paper self-reported"
GPT-4 0613,PAIR,38.5,valtest_standard,"https://arxiv.org/html/2402.04249v2 (Mazeika et al., HarmBench, Feb 2024, App. Tables 6-7); paper self-reported"
GPT-4 0613,TAP,43.7,valtest_standard,"https://arxiv.org/html/2402.04249v2 (Mazeika et al., HarmBench, Feb 2024, App. Tables 6-7); paper self-reported"
GPT-4 0613,TAP-T,66.8,valtest_standard,"https://arxiv.org/html/2402.04249v2 (Mazeika et al., HarmBench, Feb 2024, App. Tables 6-7); paper self-reported"
GPT-4 0613,PAP-top5,10.8,valtest_standard,"https://arxiv.org/html/2402.04249v2 (Mazeika et al., HarmBench, Feb 2024, App. Tables 6-7); paper self-reported"
GPT-4 0613,Human,3.9,valtest_standard,"https://arxiv.org/html/2402.04249v2 (Mazeika et al., HarmBench, Feb 2024, App. Tables 6-7); paper self-reported"
GPT-4 0613,DR,10.0,valtest_standard,"https://arxiv.org/html/2402.04249v2 (Mazeika et al., HarmBench, Feb 2024, App. Tables 6-7); paper self-reported"
GPT-4 Turbo 1106,GCG-T,21.0,valtest_standard,"https://arxiv.org/html/2402.04249v2 (Mazeika et al., HarmBench, Feb 2024, App. Tables 6-7); paper self-reported"
GPT-4 Turbo 1106,ZS,10.2,valtest_standard,"https://arxiv.org/html/2402.04249v2 (Mazeika et al., HarmBench, Feb 2024, App. Tables 6-7); paper self-reported"
GPT-4 Turbo 1106,PAIR,39.0,valtest_standard,"https://arxiv.org/html/2402.04249v2 (Mazeika et al., HarmBench, Feb 2024, App. Tables 6-7); paper self-reported"
GPT-4 Turbo 1106,TAP,41.7,valtest_standard,"https://arxiv.org/html/2402.04249v2 (Mazeika et al., HarmBench, Feb 2024, App. Tables 6-7); paper self-reported"
GPT-4 Turbo 1106,TAP-T,81.9,valtest_standard,"https://arxiv.org/html/2402.04249v2 (Mazeika et al., HarmBench, Feb 2024, App. Tables 6-7); paper self-reported"
GPT-4 Turbo 1106,PAP-top5,11.1,valtest_standard,"https://arxiv.org/html/2402.04249v2 (Mazeika et al., HarmBench, Feb 2024, App. Tables 6-7); paper self-reported"
GPT-4 Turbo 1106,Human,1.5,valtest_standard,"https://arxiv.org/html/2402.04249v2 (Mazeika et al., HarmBench, Feb 2024, App. Tables 6-7); paper self-reported"
GPT-4 Turbo 1106,DR,7.0,valtest_standard,"https://arxiv.org/html/2402.04249v2 (Mazeika et al., HarmBench, Feb 2024, App. Tables 6-7); paper self-reported"
Claude 1,GCG-T,11.0,valtest_standard,"https://arxiv.org/html/2402.04249v2 (Mazeika et al., HarmBench, Feb 2024, App. Tables 6-7); paper self-reported"
Claude 1,ZS,0.9,valtest_standard,"https://arxiv.org/html/2402.04249v2 (Mazeika et al., HarmBench, Feb 2024, App. Tables 6-7); paper self-reported"
Claude 1,PAIR,13.0,valtest_standard,"https://arxiv.org/html/2402.04249v2 (Mazeika et al., HarmBench, Feb 2024, App. Tables 6-7); paper self-reported"
Claude 1,TAP,7.0,valtest_standard,"https://arxiv.org/html/2402.04249v2 (Mazeika et al., HarmBench, Feb 2024, App. Tables 6-7); paper self-reported"
Claude 1,TAP-T,0.0,valtest_standard,"https://arxiv.org/html/2402.04249v2 (Mazeika et al., HarmBench, Feb 2024, App. Tables 6-7); paper self-reported"
Claude 1,PAP-top5,0.5,valtest_standard,"https://arxiv.org/html/2402.04249v2 (Mazeika et al., HarmBench, Feb 2024, App. Tables 6-7); paper self-reported"
Claude 1,Human,1.4,valtest_standard,"https://arxiv.org/html/2402.04249v2 (Mazeika et al., HarmBench, Feb 2024, App. Tables 6-7); paper self-reported"
Claude 1,DR,1.5,valtest_standard,"https://arxiv.org/html/2402.04249v2 (Mazeika et al., HarmBench, Feb 2024, App. Tables 6-7); paper self-reported"
Claude 2,GCG-T,1.2,valtest_standard,"https://arxiv.org/html/2402.04249v2 (Mazeika et al., HarmBench, Feb 2024, App. Tables 6-7); paper self-reported"
Claude 2,ZS,0.5,valtest_standard,"https://arxiv.org/html/2402.04249v2 (Mazeika et al., HarmBench, Feb 2024, App. Tables 6-7); paper self-reported"
Claude 2,PAIR,2.0,valtest_standard,"https://arxiv.org/html/2402.04249v2 (Mazeika et al., HarmBench, Feb 2024, App. Tables 6-7); paper self-reported"
Claude 2,TAP,2.0,valtest_standard,"https://arxiv.org/html/2402.04249v2 (Mazeika et al., HarmBench, Feb 2024, App. Tables 6-7); paper self-reported"
Claude 2,TAP-T,0.0,valtest_standard,"https://arxiv.org/html/2402.04249v2 (Mazeika et al., HarmBench, Feb 2024, App. Tables 6-7); paper self-reported"
Claude 2,PAP-top5,0.1,valtest_standard,"https://arxiv.org/html/2402.04249v2 (Mazeika et al., HarmBench, Feb 2024, App. Tables 6-7); paper self-reported"
Claude 2,Human,0.0,valtest_standard,"https://arxiv.org/html/2402.04249v2 (Mazeika et al., HarmBench, Feb 2024, App. Tables 6-7); paper self-reported"
Claude 2,DR,0.0,valtest_standard,"https://arxiv.org/html/2402.04249v2 (Mazeika et al., HarmBench, Feb 2024, App. Tables 6-7); paper self-reported"
Claude 2.1,GCG-T,1.1,valtest_standard,"https://arxiv.org/html/2402.04249v2 (Mazeika et al., HarmBench, Feb 2024, App. Tables 6-7); paper self-reported"
Claude 2.1,ZS,0.5,valtest_standard,"https://arxiv.org/html/2402.04249v2 (Mazeika et al., HarmBench, Feb 2024, App. Tables 6-7); paper self-reported"
Claude 2.1,PAIR,2.5,valtest_standard,"https://arxiv.org/html/2402.04249v2 (Mazeika et al., HarmBench, Feb 2024, App. Tables 6-7); paper self-reported"
Claude 2.1,TAP,2.0,valtest_standard,"https://arxiv.org/html/2402.04249v2 (Mazeika et al., HarmBench, Feb 2024, App. Tables 6-7); paper self-reported"
Claude 2.1,TAP-T,0.0,valtest_standard,"https://arxiv.org/html/2402.04249v2 (Mazeika et al., HarmBench, Feb 2024, App. Tables 6-7); paper self-reported"
Claude 2.1,PAP-top5,0.1,valtest_standard,"https://arxiv.org/html/2402.04249v2 (Mazeika et al., HarmBench, Feb 2024, App. Tables 6-7); paper self-reported"
Claude 2.1,Human,0.1,valtest_standard,"https://arxiv.org/html/2402.04249v2 (Mazeika et al., HarmBench, Feb 2024, App. Tables 6-7); paper self-reported"
Claude 2.1,DR,0.0,valtest_standard,"https://arxiv.org/html/2402.04249v2 (Mazeika et al., HarmBench, Feb 2024, App. Tables 6-7); paper self-reported"
Gemini Pro,GCG-T,15.6,valtest_standard,"https://arxiv.org/html/2402.04249v2 (Mazeika et al., HarmBench, Feb 2024, App. Tables 6-7); paper self-reported"
Gemini Pro,ZS,8.1,valtest_standard,"https://arxiv.org/html/2402.04249v2 (Mazeika et al., HarmBench, Feb 2024, App. Tables 6-7); paper self-reported"
Gemini Pro,PAIR,35.6,valtest_standard,"https://arxiv.org/html/2402.04249v2 (Mazeika et al., HarmBench, Feb 2024, App. Tables 6-7); paper self-reported"
Gemini Pro,TAP,39.0,valtest_standard,"https://arxiv.org/html/2402.04249v2 (Mazeika et al., HarmBench, Feb 2024, App. Tables 6-7); paper self-reported"
Gemini Pro,TAP-T,32.7,valtest_standard,"https://arxiv.org/html/2402.04249v2 (Mazeika et al., HarmBench, Feb 2024, App. Tables 6-7); paper self-reported"
Gemini Pro,PAP-top5,7.4,valtest_standard,"https://arxiv.org/html/2402.04249v2 (Mazeika et al., HarmBench, Feb 2024, App. Tables 6-7); paper self-reported"
Gemini Pro,Human,11.1,valtest_standard,"https://arxiv.org/html/2402.04249v2 (Mazeika et al., HarmBench, Feb 2024, App. Tables 6-7); paper self-reported"
Gemini Pro,DR,11.5,valtest_standard,"https://arxiv.org/html/2402.04249v2 (Mazeika et al., HarmBench, Feb 2024, App. Tables 6-7); paper self-reported"
Average (↑),GCG,69.1,valtest_standard,"https://arxiv.org/html/2402.04249v2 (Mazeika et al., HarmBench, Feb 2024, App. Tables 6-7); paper self-reported"
Average (↑),GCG-M,58.6,valtest_standard,"https://arxiv.org/html/2402.04249v2 (Mazeika et al., HarmBench, Feb 2024, App. Tables 6-7); paper self-reported"
Average (↑),GCG-T,48.0,valtest_standard,"https://arxiv.org/html/2402.04249v2 (Mazeika et al., HarmBench, Feb 2024, App. Tables 6-7); paper self-reported"
Average (↑),PEZ,32.2,valtest_standard,"https://arxiv.org/html/2402.04249v2 (Mazeika et al., HarmBench, Feb 2024, App. Tables 6-7); paper self-reported"
Average (↑),GBDA,34.0,valtest_standard,"https://arxiv.org/html/2402.04249v2 (Mazeika et al., HarmBench, Feb 2024, App. Tables 6-7); paper self-reported"
Average (↑),UAT,35.7,valtest_standard,"https://arxiv.org/html/2402.04249v2 (Mazeika et al., HarmBench, Feb 2024, App. Tables 6-7); paper self-reported"
Average (↑),AP,54.9,valtest_standard,"https://arxiv.org/html/2402.04249v2 (Mazeika et al., HarmBench, Feb 2024, App. Tables 6-7); paper self-reported"
Average (↑),SFS,44.3,valtest_standard,"https://arxiv.org/html/2402.04249v2 (Mazeika et al., HarmBench, Feb 2024, App. Tables 6-7); paper self-reported"
Average (↑),ZS,25.4,valtest_standard,"https://arxiv.org/html/2402.04249v2 (Mazeika et al., HarmBench, Feb 2024, App. Tables 6-7); paper self-reported"
Average (↑),PAIR,47.5,valtest_standard,"https://arxiv.org/html/2402.04249v2 (Mazeika et al., HarmBench, Feb 2024, App. Tables 6-7); paper self-reported"
Average (↑),TAP,55.3,valtest_standard,"https://arxiv.org/html/2402.04249v2 (Mazeika et al., HarmBench, Feb 2024, App. Tables 6-7); paper self-reported"
Average (↑),TAP-T,60.0,valtest_standard,"https://arxiv.org/html/2402.04249v2 (Mazeika et al., HarmBench, Feb 2024, App. Tables 6-7); paper self-reported"
Average (↑),AutoDAN,68.3,valtest_standard,"https://arxiv.org/html/2402.04249v2 (Mazeika et al., HarmBench, Feb 2024, App. Tables 6-7); paper self-reported"
Average (↑),PAP-top5,13.9,valtest_standard,"https://arxiv.org/html/2402.04249v2 (Mazeika et al., HarmBench, Feb 2024, App. Tables 6-7); paper self-reported"
Average (↑),Human,31.9,valtest_standard,"https://arxiv.org/html/2402.04249v2 (Mazeika et al., HarmBench, Feb 2024, App. Tables 6-7); paper self-reported"
Average (↑),DR,23.9,valtest_standard,"https://arxiv.org/html/2402.04249v2 (Mazeika et al., HarmBench, Feb 2024, App. Tables 6-7); paper self-reported"
