sm_80 8 0 64 167936 166912 16 0 32 0
sm_80 8 0 64 167936 166912 16 0 32 1
sm_80 8 0 64 167936 166912 16 0 96 0
sm_80 8 0 64 167936 166912 16 0 96 1
sm_80 8 0 64 167936 166912 16 0 128 0
sm_80 8 0 64 167936 166912 16 0 128 1
sm_80 8 0 64 167936 166912 16 0 256 0
sm_80 8 0 64 167936 166912 16 0 256 1
sm_80 8 0 64 167936 166912 16 0 384 0
sm_80 8 0 64 167936 166912 16 0 384 1
sm_80 8 0 64 167936 166912 16 0 512 0
sm_80 8 0 64 167936 166912 16 0 512 1
sm_80 8 0 64 167936 166912 16 0 1024 0
sm_80 8 0 64 167936 166912 16 0 1024 1
sm_80 8 0 64 167936 166912 16 128 32 0
sm_80 8 0 64 167936 166912 16 128 32 1
sm_80 8 0 64 167936 166912 16 128 96 0
sm_80 8 0 64 167936 166912 16 128 96 1
sm_80 8 0 64 167936 166912 16 128 128 0
sm_80 8 0 64 167936 166912 16 128 128 1
sm_80 8 0 64 167936 166912 16 128 256 0
sm_80 8 0 64 167936 166912 16 128 256 1
sm_80 8 0 64 167936 166912 16 128 384 0
sm_80 8 0 64 167936 166912 16 128 384 1
sm_80 8 0 64 167936 166912 16 128 512 0
sm_80 8 0 64 167936 166912 16 128 512 1
sm_80 8 0 64 167936 166912 16 128 1024 0
sm_80 8 0 64 167936 166912 16 128 1024 1
sm_80 8 0 64 167936 166912 16 8192 32 0
sm_80 8 0 64 167936 166912 16 8192 32 1
sm_80 8 0 64 167936 166912 16 8192 96 0
sm_80 8 0 64 167936 166912 16 8192 96 1
sm_80 8 0 64 167936 166912 16 8192 128 0
sm_80 8 0 64 167936 166912 16 8192 128 1
sm_80 8 0 64 167936 166912 16 8192 256 0
sm_80 8 0 64 167936 166912 16 8192 256 1
sm_80 8 0 64 167936 166912 16 8192 384 0
sm_80 8 0 64 167936 166912 16 8192 384 1
sm_80 8 0 64 167936 166912 16 8192 512 0
sm_80 8 0 64 167936 166912 16 8192 512 1
sm_80 8 0 64 167936 166912 16 8192 1024 0
sm_80 8 0 64 167936 166912 16 8192 1024 1
sm_80 8 0 64 167936 166912 16 32768 32 0
sm_80 8 0 64 167936 166912 16 32768 32 1
sm_80 8 0 64 167936 166912 16 32768 96 0
sm_80 8 0 64 167936 166912 16 32768 96 1
sm_80 8 0 64 167936 166912 16 32768 128 0
sm_80 8 0 64 167936 166912 16 32768 128 1
sm_80 8 0 64 167936 166912 16 32768 256 0
sm_80 8 0 64 167936 166912 16 32768 256 1
sm_80 8 0 64 167936 166912 16 32768 384 0
sm_80 8 0 64 167936 166912 16 32768 384 1
sm_80 8 0 64 167936 166912 16 32768 512 0
sm_80 8 0 64 167936 166912 16 32768 512 1
sm_80 8 0 64 167936 166912 16 32768 1024 0
sm_80 8 0 64 167936 166912 16 32768 1024 1
sm_80 8 0 64 167936 166912 16 49152 32 0
sm_80 8 0 64 167936 166912 16 49152 32 1
sm_80 8 0 64 167936 166912 16 49152 96 0
sm_80 8 0 64 167936 166912 16 49152 96 1
sm_80 8 0 64 167936 166912 16 49152 128 0
sm_80 8 0 64 167936 166912 16 49152 128 1
sm_80 8 0 64 167936 166912 16 49152 256 0
sm_80 8 0 64 167936 166912 16 49152 256 1
sm_80 8 0 64 167936 166912 16 49152 384 0
sm_80 8 0 64 167936 166912 16 49152 384 1
sm_80 8 0 64 167936 166912 16 49152 512 0
sm_80 8 0 64 167936 166912 16 49152 512 1
sm_80 8 0 64 167936 166912 16 49152 1024 0
sm_80 8 0 64 167936 166912 16 49152 1024 1
sm_80 8 0 64 167936 166912 16 98304 32 0
sm_80 8 0 64 167936 166912 16 98304 32 1
sm_80 8 0 64 167936 166912 16 98304 96 0
sm_80 8 0 64 167936 166912 16 98304 96 1
sm_80 8 0 64 167936 166912 16 98304 128 0
sm_80 8 0 64 167936 166912 16 98304 128 1
sm_80 8 0 64 167936 166912 16 98304 256 0
sm_80 8 0 64 167936 166912 16 98304 256 1
sm_80 8 0 64 167936 166912 16 98304 384 0
sm_80 8 0 64 167936 166912 16 98304 384 1
sm_80 8 0 64 167936 166912 16 98304 512 0
sm_80 8 0 64 167936 166912 16 98304 512 1
sm_80 8 0 64 167936 166912 16 98304 1024 0
sm_80 8 0 64 167936 166912 16 98304 1024 1
sm_80 8 0 64 167936 166912 16 200000 32 0
sm_80 8 0 64 167936 166912 16 200000 32 1
sm_80 8 0 64 167936 166912 16 200000 96 0
sm_80 8 0 64 167936 166912 16 200000 96 1
sm_80 8 0 64 167936 166912 16 200000 128 0
sm_80 8 0 64 167936 166912 16 200000 128 1
sm_80 8 0 64 167936 166912 16 200000 256 0
sm_80 8 0 64 167936 166912 16 200000 256 1
sm_80 8 0 64 167936 166912 16 200000 384 0
sm_80 8 0 64 167936 166912 16 200000 384 1
sm_80 8 0 64 167936 166912 16 200000 512 0
sm_80 8 0 64 167936 166912 16 200000 512 1
sm_80 8 0 64 167936 166912 16 200000 1024 0
sm_80 8 0 64 167936 166912 16 200000 1024 1
sm_80 8 0 64 167936 166912 32 0 32 0
sm_80 8 0 64 167936 166912 32 0 32 1
sm_80 8 0 64 167936 166912 32 0 96 0
sm_80 8 0 64 167936 166912 32 0 96 1
sm_80 8 0 64 167936 166912 32 0 128 0
sm_80 8 0 64 167936 166912 32 0 128 1
sm_80 8 0 64 167936 166912 32 0 256 0
sm_80 8 0 64 167936 166912 32 0 256 1
sm_80 8 0 64 167936 166912 32 0 384 0
sm_80 8 0 64 167936 166912 32 0 384 1
sm_80 8 0 64 167936 166912 32 0 512 0
sm_80 8 0 64 167936 166912 32 0 512 1
sm_80 8 0 64 167936 166912 32 0 1024 0
sm_80 8 0 64 167936 166912 32 0 1024 1
sm_80 8 0 64 167936 166912 32 128 32 0
sm_80 8 0 64 167936 166912 32 128 32 1
sm_80 8 0 64 167936 166912 32 128 96 0
sm_80 8 0 64 167936 166912 32 128 96 1
sm_80 8 0 64 167936 166912 32 128 128 0
sm_80 8 0 64 167936 166912 32 128 128 1
sm_80 8 0 64 167936 166912 32 128 256 0
sm_80 8 0 64 167936 166912 32 128 256 1
sm_80 8 0 64 167936 166912 32 128 384 0
sm_80 8 0 64 167936 166912 32 128 384 1
sm_80 8 0 64 167936 166912 32 128 512 0
sm_80 8 0 64 167936 166912 32 128 512 1
sm_80 8 0 64 167936 166912 32 128 1024 0
sm_80 8 0 64 167936 166912 32 128 1024 1
sm_80 8 0 64 167936 166912 32 8192 32 0
sm_80 8 0 64 167936 166912 32 8192 32 1
sm_80 8 0 64 167936 166912 32 8192 96 0
sm_80 8 0 64 167936 166912 32 8192 96 1
sm_80 8 0 64 167936 166912 32 8192 128 0
sm_80 8 0 64 167936 166912 32 8192 128 1
sm_80 8 0 64 167936 166912 32 8192 256 0
sm_80 8 0 64 167936 166912 32 8192 256 1
sm_80 8 0 64 167936 166912 32 8192 384 0
sm_80 8 0 64 167936 166912 32 8192 384 1
sm_80 8 0 64 167936 166912 32 8192 512 0
sm_80 8 0 64 167936 166912 32 8192 512 1
sm_80 8 0 64 167936 166912 32 8192 1024 0
sm_80 8 0 64 167936 166912 32 8192 1024 1
sm_80 8 0 64 167936 166912 32 32768 32 0
sm_80 8 0 64 167936 166912 32 32768 32 1
sm_80 8 0 64 167936 166912 32 32768 96 0
sm_80 8 0 64 167936 166912 32 32768 96 1
sm_80 8 0 64 167936 166912 32 32768 128 0
sm_80 8 0 64 167936 166912 32 32768 128 1
sm_80 8 0 64 167936 166912 32 32768 256 0
sm_80 8 0 64 167936 166912 32 32768 256 1
sm_80 8 0 64 167936 166912 32 32768 384 0
sm_80 8 0 64 167936 166912 32 32768 384 1
sm_80 8 0 64 167936 166912 32 32768 512 0
sm_80 8 0 64 167936 166912 32 32768 512 1
sm_80 8 0 64 167936 166912 32 32768 1024 0
sm_80 8 0 64 167936 166912 32 32768 1024 1
sm_80 8 0 64 167936 166912 32 49152 32 0
sm_80 8 0 64 167936 166912 32 49152 32 1
sm_80 8 0 64 167936 166912 32 49152 96 0
sm_80 8 0 64 167936 166912 32 49152 96 1
sm_80 8 0 64 167936 166912 32 49152 128 0
sm_80 8 0 64 167936 166912 32 49152 128 1
sm_80 8 0 64 167936 166912 32 49152 256 0
sm_80 8 0 64 167936 166912 32 49152 256 1
sm_80 8 0 64 167936 166912 32 49152 384 0
sm_80 8 0 64 167936 166912 32 49152 384 1
sm_80 8 0 64 167936 166912 32 49152 512 0
sm_80 8 0 64 167936 166912 32 49152 512 1
sm_80 8 0 64 167936 166912 32 49152 1024 0
sm_80 8 0 64 167936 166912 32 49152 1024 1
sm_80 8 0 64 167936 166912 32 98304 32 0
sm_80 8 0 64 167936 166912 32 98304 32 1
sm_80 8 0 64 167936 166912 32 98304 96 0
sm_80 8 0 64 167936 166912 32 98304 96 1
sm_80 8 0 64 167936 166912 32 98304 128 0
sm_80 8 0 64 167936 166912 32 98304 128 1
sm_80 8 0 64 167936 166912 32 98304 256 0
sm_80 8 0 64 167936 166912 32 98304 256 1
sm_80 8 0 64 167936 166912 32 98304 384 0
sm_80 8 0 64 167936 166912 32 98304 384 1
sm_80 8 0 64 167936 166912 32 98304 512 0
sm_80 8 0 64 167936 166912 32 98304 512 1
sm_80 8 0 64 167936 166912 32 98304 1024 0
sm_80 8 0 64 167936 166912 32 98304 1024 1
sm_80 8 0 64 167936 166912 32 200000 32 0
sm_80 8 0 64 167936 166912 32 200000 32 1
sm_80 8 0 64 167936 166912 32 200000 96 0
sm_80 8 0 64 167936 166912 32 200000 96 1
sm_80 8 0 64 167936 166912 32 200000 128 0
sm_80 8 0 64 167936 166912 32 200000 128 1
sm_80 8 0 64 167936 166912 32 200000 256 0
sm_80 8 0 64 167936 166912 32 200000 256 1
sm_80 8 0 64 167936 166912 32 200000 384 0
sm_80 8 0 64 167936 166912 32 200000 384 1
sm_80 8 0 64 167936 166912 32 200000 512 0
sm_80 8 0 64 167936 166912 32 200000 512 1
sm_80 8 0 64 167936 166912 32 200000 1024 0
sm_80 8 0 64 167936 166912 32 200000 1024 1
sm_80 8 0 64 167936 166912 40 0 32 0
sm_80 8 0 64 167936 166912 40 0 32 1
sm_80 8 0 64 167936 166912 40 0 96 0
sm_80 8 0 64 167936 166912 40 0 96 1
sm_80 8 0 64 167936 166912 40 0 128 0
sm_80 8 0 64 167936 166912 40 0 128 1
sm_80 8 0 64 167936 166912 40 0 256 0
sm_80 8 0 64 167936 166912 40 0 256 1
sm_80 8 0 64 167936 166912 40 0 384 0
sm_80 8 0 64 167936 166912 40 0 384 1
sm_80 8 0 64 167936 166912 40 0 512 0
sm_80 8 0 64 167936 166912 40 0 512 1
sm_80 8 0 64 167936 166912 40 0 1024 0
sm_80 8 0 64 167936 166912 40 0 1024 1
sm_80 8 0 64 167936 166912 40 128 32 0
sm_80 8 0 64 167936 166912 40 128 32 1
sm_80 8 0 64 167936 166912 40 128 96 0
sm_80 8 0 64 167936 166912 40 128 96 1
sm_80 8 0 64 167936 166912 40 128 128 0
sm_80 8 0 64 167936 166912 40 128 128 1
sm_80 8 0 64 167936 166912 40 128 256 0
sm_80 8 0 64 167936 166912 40 128 256 1
sm_80 8 0 64 167936 166912 40 128 384 0
sm_80 8 0 64 167936 166912 40 128 384 1
sm_80 8 0 64 167936 166912 40 128 512 0
sm_80 8 0 64 167936 166912 40 128 512 1
sm_80 8 0 64 167936 166912 40 128 1024 0
sm_80 8 0 64 167936 166912 40 128 1024 1
sm_80 8 0 64 167936 166912 40 8192 32 0
sm_80 8 0 64 167936 166912 40 8192 32 1
sm_80 8 0 64 167936 166912 40 8192 96 0
sm_80 8 0 64 167936 166912 40 8192 96 1
sm_80 8 0 64 167936 166912 40 8192 128 0
sm_80 8 0 64 167936 166912 40 8192 128 1
sm_80 8 0 64 167936 166912 40 8192 256 0
sm_80 8 0 64 167936 166912 40 8192 256 1
sm_80 8 0 64 167936 166912 40 8192 384 0
sm_80 8 0 64 167936 166912 40 8192 384 1
sm_80 8 0 64 167936 166912 40 8192 512 0
sm_80 8 0 64 167936 166912 40 8192 512 1
sm_80 8 0 64 167936 166912 40 8192 1024 0
sm_80 8 0 64 167936 166912 40 8192 1024 1
sm_80 8 0 64 167936 166912 40 32768 32 0
sm_80 8 0 64 167936 166912 40 32768 32 1
sm_80 8 0 64 167936 166912 40 32768 96 0
sm_80 8 0 64 167936 166912 40 32768 96 1
sm_80 8 0 64 167936 166912 40 32768 128 0
sm_80 8 0 64 167936 166912 40 32768 128 1
sm_80 8 0 64 167936 166912 40 32768 256 0
sm_80 8 0 64 167936 166912 40 32768 256 1
sm_80 8 0 64 167936 166912 40 32768 384 0
sm_80 8 0 64 167936 166912 40 32768 384 1
sm_80 8 0 64 167936 166912 40 32768 512 0
sm_80 8 0 64 167936 166912 40 32768 512 1
sm_80 8 0 64 167936 166912 40 32768 1024 0
sm_80 8 0 64 167936 166912 40 32768 1024 1
sm_80 8 0 64 167936 166912 40 49152 32 0
sm_80 8 0 64 167936 166912 40 49152 32 1
sm_80 8 0 64 167936 166912 40 49152 96 0
sm_80 8 0 64 167936 166912 40 49152 96 1
sm_80 8 0 64 167936 166912 40 49152 128 0
sm_80 8 0 64 167936 166912 40 49152 128 1
sm_80 8 0 64 167936 166912 40 49152 256 0
sm_80 8 0 64 167936 166912 40 49152 256 1
sm_80 8 0 64 167936 166912 40 49152 384 0
sm_80 8 0 64 167936 166912 40 49152 384 1
sm_80 8 0 64 167936 166912 40 49152 512 0
sm_80 8 0 64 167936 166912 40 49152 512 1
sm_80 8 0 64 167936 166912 40 49152 1024 0
sm_80 8 0 64 167936 166912 40 49152 1024 1
sm_80 8 0 64 167936 166912 40 98304 32 0
sm_80 8 0 64 167936 166912 40 98304 32 1
sm_80 8 0 64 167936 166912 40 98304 96 0
sm_80 8 0 64 167936 166912 40 98304 96 1
sm_80 8 0 64 167936 166912 40 98304 128 0
sm_80 8 0 64 167936 166912 40 98304 128 1
sm_80 8 0 64 167936 166912 40 98304 256 0
sm_80 8 0 64 167936 166912 40 98304 256 1
sm_80 8 0 64 167936 166912 40 98304 384 0
sm_80 8 0 64 167936 166912 40 98304 384 1
sm_80 8 0 64 167936 166912 40 98304 512 0
sm_80 8 0 64 167936 166912 40 98304 512 1
sm_80 8 0 64 167936 166912 40 98304 1024 0
sm_80 8 0 64 167936 166912 40 98304 1024 1
sm_80 8 0 64 167936 166912 40 200000 32 0
sm_80 8 0 64 167936 166912 40 200000 32 1
sm_80 8 0 64 167936 166912 40 200000 96 0
sm_80 8 0 64 167936 166912 40 200000 96 1
sm_80 8 0 64 167936 166912 40 200000 128 0
sm_80 8 0 64 167936 166912 40 200000 128 1
sm_80 8 0 64 167936 166912 40 200000 256 0
sm_80 8 0 64 167936 166912 40 200000 256 1
sm_80 8 0 64 167936 166912 40 200000 384 0
sm_80 8 0 64 167936 166912 40 200000 384 1
sm_80 8 0 64 167936 166912 40 200000 512 0
sm_80 8 0 64 167936 166912 40 200000 512 1
sm_80 8 0 64 167936 166912 40 200000 1024 0
sm_80 8 0 64 167936 166912 40 200000 1024 1
sm_80 8 0 64 167936 166912 64 0 32 0
sm_80 8 0 64 167936 166912 64 0 32 1
sm_80 8 0 64 167936 166912 64 0 96 0
sm_80 8 0 64 167936 166912 64 0 96 1
sm_80 8 0 64 167936 166912 64 0 128 0
sm_80 8 0 64 167936 166912 64 0 128 1
sm_80 8 0 64 167936 166912 64 0 256 0
sm_80 8 0 64 167936 166912 64 0 256 1
sm_80 8 0 64 167936 166912 64 0 384 0
sm_80 8 0 64 167936 166912 64 0 384 1
sm_80 8 0 64 167936 166912 64 0 512 0
sm_80 8 0 64 167936 166912 64 0 512 1
sm_80 8 0 64 167936 166912 64 0 1024 0
sm_80 8 0 64 167936 166912 64 0 1024 1
sm_80 8 0 64 167936 166912 64 128 32 0
sm_80 8 0 64 167936 166912 64 128 32 1
sm_80 8 0 64 167936 166912 64 128 96 0
sm_80 8 0 64 167936 166912 64 128 96 1
sm_80 8 0 64 167936 166912 64 128 128 0
sm_80 8 0 64 167936 166912 64 128 128 1
sm_80 8 0 64 167936 166912 64 128 256 0
sm_80 8 0 64 167936 166912 64 128 256 1
sm_80 8 0 64 167936 166912 64 128 384 0
sm_80 8 0 64 167936 166912 64 128 384 1
sm_80 8 0 64 167936 166912 64 128 512 0
sm_80 8 0 64 167936 166912 64 128 512 1
sm_80 8 0 64 167936 166912 64 128 1024 0
sm_80 8 0 64 167936 166912 64 128 1024 1
sm_80 8 0 64 167936 166912 64 8192 32 0
sm_80 8 0 64 167936 166912 64 8192 32 1
sm_80 8 0 64 167936 166912 64 8192 96 0
sm_80 8 0 64 167936 166912 64 8192 96 1
sm_80 8 0 64 167936 166912 64 8192 128 0
sm_80 8 0 64 167936 166912 64 8192 128 1
sm_80 8 0 64 167936 166912 64 8192 256 0
sm_80 8 0 64 167936 166912 64 8192 256 1
sm_80 8 0 64 167936 166912 64 8192 384 0
sm_80 8 0 64 167936 166912 64 8192 384 1
sm_80 8 0 64 167936 166912 64 8192 512 0
sm_80 8 0 64 167936 166912 64 8192 512 1
sm_80 8 0 64 167936 166912 64 8192 1024 0
sm_80 8 0 64 167936 166912 64 8192 1024 1
sm_80 8 0 64 167936 166912 64 32768 32 0
sm_80 8 0 64 167936 166912 64 32768 32 1
sm_80 8 0 64 167936 166912 64 32768 96 0
sm_80 8 0 64 167936 166912 64 32768 96 1
sm_80 8 0 64 167936 166912 64 32768 128 0
sm_80 8 0 64 167936 166912 64 32768 128 1
sm_80 8 0 64 167936 166912 64 32768 256 0
sm_80 8 0 64 167936 166912 64 32768 256 1
sm_80 8 0 64 167936 166912 64 32768 384 0
sm_80 8 0 64 167936 166912 64 32768 384 1
sm_80 8 0 64 167936 166912 64 32768 512 0
sm_80 8 0 64 167936 166912 64 32768 512 1
sm_80 8 0 64 167936 166912 64 32768 1024 0
sm_80 8 0 64 167936 166912 64 32768 1024 1
sm_80 8 0 64 167936 166912 64 49152 32 0
sm_80 8 0 64 167936 166912 64 49152 32 1
sm_80 8 0 64 167936 166912 64 49152 96 0
sm_80 8 0 64 167936 166912 64 49152 96 1
sm_80 8 0 64 167936 166912 64 49152 128 0
sm_80 8 0 64 167936 166912 64 49152 128 1
sm_80 8 0 64 167936 166912 64 49152 256 0
sm_80 8 0 64 167936 166912 64 49152 256 1
sm_80 8 0 64 167936 166912 64 49152 384 0
sm_80 8 0 64 167936 166912 64 49152 384 1
sm_80 8 0 64 167936 166912 64 49152 512 0
sm_80 8 0 64 167936 166912 64 49152 512 1
sm_80 8 0 64 167936 166912 64 49152 1024 0
sm_80 8 0 64 167936 166912 64 49152 1024 1
sm_80 8 0 64 167936 166912 64 98304 32 0
sm_80 8 0 64 167936 166912 64 98304 32 1
sm_80 8 0 64 167936 166912 64 98304 96 0
sm_80 8 0 64 167936 166912 64 98304 96 1
sm_80 8 0 64 167936 166912 64 98304 128 0
sm_80 8 0 64 167936 166912 64 98304 128 1
sm_80 8 0 64 167936 166912 64 98304 256 0
sm_80 8 0 64 167936 166912 64 98304 256 1
sm_80 8 0 64 167936 166912 64 98304 384 0
sm_80 8 0 64 167936 166912 64 98304 384 1
sm_80 8 0 64 167936 166912 64 98304 512 0
sm_80 8 0 64 167936 166912 64 98304 512 1
sm_80 8 0 64 167936 166912 64 98304 1024 0
sm_80 8 0 64 167936 166912 64 98304 1024 1
sm_80 8 0 64 167936 166912 64 200000 32 0
sm_80 8 0 64 167936 166912 64 200000 32 1
sm_80 8 0 64 167936 166912 64 200000 96 0
sm_80 8 0 64 167936 166912 64 200000 96 1
sm_80 8 0 64 167936 166912 64 200000 128 0
sm_80 8 0 64 167936 166912 64 200000 128 1
sm_80 8 0 64 167936 166912 64 200000 256 0
sm_80 8 0 64 167936 166912 64 200000 256 1
sm_80 8 0 64 167936 166912 64 200000 384 0
sm_80 8 0 64 167936 166912 64 200000 384 1
sm_80 8 0 64 167936 166912 64 200000 512 0
sm_80 8 0 64 167936 166912 64 200000 512 1
sm_80 8 0 64 167936 166912 64 200000 1024 0
sm_80 8 0 64 167936 166912 64 200000 1024 1
sm_80 8 0 64 167936 166912 72 0 32 0
sm_80 8 0 64 167936 166912 72 0 32 1
sm_80 8 0 64 167936 166912 72 0 96 0
sm_80 8 0 64 167936 166912 72 0 96 1
sm_80 8 0 64 167936 166912 72 0 128 0
sm_80 8 0 64 167936 166912 72 0 128 1
sm_80 8 0 64 167936 166912 72 0 256 0
sm_80 8 0 64 167936 166912 72 0 256 1
sm_80 8 0 64 167936 166912 72 0 384 0
sm_80 8 0 64 167936 166912 72 0 384 1
sm_80 8 0 64 167936 166912 72 0 512 0
sm_80 8 0 64 167936 166912 72 0 512 1
sm_80 8 0 64 167936 166912 72 0 1024 0
sm_80 8 0 64 167936 166912 72 0 1024 1
sm_80 8 0 64 167936 166912 72 128 32 0
sm_80 8 0 64 167936 166912 72 128 32 1
sm_80 8 0 64 167936 166912 72 128 96 0
sm_80 8 0 64 167936 166912 72 128 96 1
sm_80 8 0 64 167936 166912 72 128 128 0
sm_80 8 0 64 167936 166912 72 128 128 1
sm_80 8 0 64 167936 166912 72 128 256 0
sm_80 8 0 64 167936 166912 72 128 256 1
sm_80 8 0 64 167936 166912 72 128 384 0
sm_80 8 0 64 167936 166912 72 128 384 1
sm_80 8 0 64 167936 166912 72 128 512 0
sm_80 8 0 64 167936 166912 72 128 512 1
sm_80 8 0 64 167936 166912 72 128 1024 0
sm_80 8 0 64 167936 166912 72 128 1024 1
sm_80 8 0 64 167936 166912 72 8192 32 0
sm_80 8 0 64 167936 166912 72 8192 32 1
sm_80 8 0 64 167936 166912 72 8192 96 0
sm_80 8 0 64 167936 166912 72 8192 96 1
sm_80 8 0 64 167936 166912 72 8192 128 0
sm_80 8 0 64 167936 166912 72 8192 128 1
sm_80 8 0 64 167936 166912 72 8192 256 0
sm_80 8 0 64 167936 166912 72 8192 256 1
sm_80 8 0 64 167936 166912 72 8192 384 0
sm_80 8 0 64 167936 166912 72 8192 384 1
sm_80 8 0 64 167936 166912 72 8192 512 0
sm_80 8 0 64 167936 166912 72 8192 512 1
sm_80 8 0 64 167936 166912 72 8192 1024 0
sm_80 8 0 64 167936 166912 72 8192 1024 1
sm_80 8 0 64 167936 166912 72 32768 32 0
sm_80 8 0 64 167936 166912 72 32768 32 1
sm_80 8 0 64 167936 166912 72 32768 96 0
sm_80 8 0 64 167936 166912 72 32768 96 1
sm_80 8 0 64 167936 166912 72 32768 128 0
sm_80 8 0 64 167936 166912 72 32768 128 1
sm_80 8 0 64 167936 166912 72 32768 256 0
sm_80 8 0 64 167936 166912 72 32768 256 1
sm_80 8 0 64 167936 166912 72 32768 384 0
sm_80 8 0 64 167936 166912 72 32768 384 1
sm_80 8 0 64 167936 166912 72 32768 512 0
sm_80 8 0 64 167936 166912 72 32768 512 1
sm_80 8 0 64 167936 166912 72 32768 1024 0
sm_80 8 0 64 167936 166912 72 32768 1024 1
sm_80 8 0 64 167936 166912 72 49152 32 0
sm_80 8 0 64 167936 166912 72 49152 32 1
sm_80 8 0 64 167936 166912 72 49152 96 0
sm_80 8 0 64 167936 166912 72 49152 96 1
sm_80 8 0 64 167936 166912 72 49152 128 0
sm_80 8 0 64 167936 166912 72 49152 128 1
sm_80 8 0 64 167936 166912 72 49152 256 0
sm_80 8 0 64 167936 166912 72 49152 256 1
sm_80 8 0 64 167936 166912 72 49152 384 0
sm_80 8 0 64 167936 166912 72 49152 384 1
sm_80 8 0 64 167936 166912 72 49152 512 0
sm_80 8 0 64 167936 166912 72 49152 512 1
sm_80 8 0 64 167936 166912 72 49152 1024 0
sm_80 8 0 64 167936 166912 72 49152 1024 1
sm_80 8 0 64 167936 166912 72 98304 32 0
sm_80 8 0 64 167936 166912 72 98304 32 1
sm_80 8 0 64 167936 166912 72 98304 96 0
sm_80 8 0 64 167936 166912 72 98304 96 1
sm_80 8 0 64 167936 166912 72 98304 128 0
sm_80 8 0 64 167936 166912 72 98304 128 1
sm_80 8 0 64 167936 166912 72 98304 256 0
sm_80 8 0 64 167936 166912 72 98304 256 1
sm_80 8 0 64 167936 166912 72 98304 384 0
sm_80 8 0 64 167936 166912 72 98304 384 1
sm_80 8 0 64 167936 166912 72 98304 512 0
sm_80 8 0 64 167936 166912 72 98304 512 1
sm_80 8 0 64 167936 166912 72 98304 1024 0
sm_80 8 0 64 167936 166912 72 98304 1024 1
sm_80 8 0 64 167936 166912 72 200000 32 0
sm_80 8 0 64 167936 166912 72 200000 32 1
sm_80 8 0 64 167936 166912 72 200000 96 0
sm_80 8 0 64 167936 166912 72 200000 96 1
sm_80 8 0 64 167936 166912 72 200000 128 0
sm_80 8 0 64 167936 166912 72 200000 128 1
sm_80 8 0 64 167936 166912 72 200000 256 0
sm_80 8 0 64 167936 166912 72 200000 256 1
sm_80 8 0 64 167936 166912 72 200000 384 0
sm_80 8 0 64 167936 166912 72 200000 384 1
sm_80 8 0 64 167936 166912 72 200000 512 0
sm_80 8 0 64 167936 166912 72 200000 512 1
sm_80 8 0 64 167936 166912 72 200000 1024 0
sm_80 8 0 64 167936 166912 72 200000 1024 1
sm_80 8 0 64 167936 166912 96 0 32 0
sm_80 8 0 64 167936 166912 96 0 32 1
sm_80 8 0 64 167936 166912 96 0 96 0
sm_80 8 0 64 167936 166912 96 0 96 1
sm_80 8 0 64 167936 166912 96 0 128 0
sm_80 8 0 64 167936 166912 96 0 128 1
sm_80 8 0 64 167936 166912 96 0 256 0
sm_80 8 0 64 167936 166912 96 0 256 1
sm_80 8 0 64 167936 166912 96 0 384 0
sm_80 8 0 64 167936 166912 96 0 384 1
sm_80 8 0 64 167936 166912 96 0 512 0
sm_80 8 0 64 167936 166912 96 0 512 1
sm_80 8 0 64 167936 166912 96 0 1024 0
sm_80 8 0 64 167936 166912 96 0 1024 1
sm_80 8 0 64 167936 166912 96 128 32 0
sm_80 8 0 64 167936 166912 96 128 32 1
sm_80 8 0 64 167936 166912 96 128 96 0
sm_80 8 0 64 167936 166912 96 128 96 1
sm_80 8 0 64 167936 166912 96 128 128 0
sm_80 8 0 64 167936 166912 96 128 128 1
sm_80 8 0 64 167936 166912 96 128 256 0
sm_80 8 0 64 167936 166912 96 128 256 1
sm_80 8 0 64 167936 166912 96 128 384 0
sm_80 8 0 64 167936 166912 96 128 384 1
sm_80 8 0 64 167936 166912 96 128 512 0
sm_80 8 0 64 167936 166912 96 128 512 1
sm_80 8 0 64 167936 166912 96 128 1024 0
sm_80 8 0 64 167936 166912 96 128 1024 1
sm_80 8 0 64 167936 166912 96 8192 32 0
sm_80 8 0 64 167936 166912 96 8192 32 1
sm_80 8 0 64 167936 166912 96 8192 96 0
sm_80 8 0 64 167936 166912 96 8192 96 1
sm_80 8 0 64 167936 166912 96 8192 128 0
sm_80 8 0 64 167936 166912 96 8192 128 1
sm_80 8 0 64 167936 166912 96 8192 256 0
sm_80 8 0 64 167936 166912 96 8192 256 1
sm_80 8 0 64 167936 166912 96 8192 384 0
sm_80 8 0 64 167936 166912 96 8192 384 1
sm_80 8 0 64 167936 166912 96 8192 512 0
sm_80 8 0 64 167936 166912 96 8192 512 1
sm_80 8 0 64 167936 166912 96 8192 1024 0
sm_80 8 0 64 167936 166912 96 8192 1024 1
sm_80 8 0 64 167936 166912 96 32768 32 0
sm_80 8 0 64 167936 166912 96 32768 32 1
sm_80 8 0 64 167936 166912 96 32768 96 0
sm_80 8 0 64 167936 166912 96 32768 96 1
sm_80 8 0 64 167936 166912 96 32768 128 0
sm_80 8 0 64 167936 166912 96 32768 128 1
sm_80 8 0 64 167936 166912 96 32768 256 0
sm_80 8 0 64 167936 166912 96 32768 256 1
sm_80 8 0 64 167936 166912 96 32768 384 0
sm_80 8 0 64 167936 166912 96 32768 384 1
sm_80 8 0 64 167936 166912 96 32768 512 0
sm_80 8 0 64 167936 166912 96 32768 512 1
sm_80 8 0 64 167936 166912 96 32768 1024 0
sm_80 8 0 64 167936 166912 96 32768 1024 1
sm_80 8 0 64 167936 166912 96 49152 32 0
sm_80 8 0 64 167936 166912 96 49152 32 1
sm_80 8 0 64 167936 166912 96 49152 96 0
sm_80 8 0 64 167936 166912 96 49152 96 1
sm_80 8 0 64 167936 166912 96 49152 128 0
sm_80 8 0 64 167936 166912 96 49152 128 1
sm_80 8 0 64 167936 166912 96 49152 256 0
sm_80 8 0 64 167936 166912 96 49152 256 1
sm_80 8 0 64 167936 166912 96 49152 384 0
sm_80 8 0 64 167936 166912 96 49152 384 1
sm_80 8 0 64 167936 166912 96 49152 512 0
sm_80 8 0 64 167936 166912 96 49152 512 1
sm_80 8 0 64 167936 166912 96 49152 1024 0
sm_80 8 0 64 167936 166912 96 49152 1024 1
sm_80 8 0 64 167936 166912 96 98304 32 0
sm_80 8 0 64 167936 166912 96 98304 32 1
sm_80 8 0 64 167936 166912 96 98304 96 0
sm_80 8 0 64 167936 166912 96 98304 96 1
sm_80 8 0 64 167936 166912 96 98304 128 0
sm_80 8 0 64 167936 166912 96 98304 128 1
sm_80 8 0 64 167936 166912 96 98304 256 0
sm_80 8 0 64 167936 166912 96 98304 256 1
sm_80 8 0 64 167936 166912 96 98304 384 0
sm_80 8 0 64 167936 166912 96 98304 384 1
sm_80 8 0 64 167936 166912 96 98304 512 0
sm_80 8 0 64 167936 166912 96 98304 512 1
sm_80 8 0 64 167936 166912 96 98304 1024 0
sm_80 8 0 64 167936 166912 96 98304 1024 1
sm_80 8 0 64 167936 166912 96 200000 32 0
sm_80 8 0 64 167936 166912 96 200000 32 1
sm_80 8 0 64 167936 166912 96 200000 96 0
sm_80 8 0 64 167936 166912 96 200000 96 1
sm_80 8 0 64 167936 166912 96 200000 128 0
sm_80 8 0 64 167936 166912 96 200000 128 1
sm_80 8 0 64 167936 166912 96 200000 256 0
sm_80 8 0 64 167936 166912 96 200000 256 1
sm_80 8 0 64 167936 166912 96 200000 384 0
sm_80 8 0 64 167936 166912 96 200000 384 1
sm_80 8 0 64 167936 166912 96 200000 512 0
sm_80 8 0 64 167936 166912 96 200000 512 1
sm_80 8 0 64 167936 166912 96 200000 1024 0
sm_80 8 0 64 167936 166912 96 200000 1024 1
sm_80 8 0 64 167936 166912 128 0 32 0
sm_80 8 0 64 167936 166912 128 0 32 1
sm_80 8 0 64 167936 166912 128 0 96 0
sm_80 8 0 64 167936 166912 128 0 96 1
sm_80 8 0 64 167936 166912 128 0 128 0
sm_80 8 0 64 167936 166912 128 0 128 1
sm_80 8 0 64 167936 166912 128 0 256 0
sm_80 8 0 64 167936 166912 128 0 256 1
sm_80 8 0 64 167936 166912 128 0 384 0
sm_80 8 0 64 167936 166912 128 0 384 1
sm_80 8 0 64 167936 166912 128 0 512 0
sm_80 8 0 64 167936 166912 128 0 512 1
sm_80 8 0 64 167936 166912 128 0 1024 0
sm_80 8 0 64 167936 166912 128 0 1024 1
sm_80 8 0 64 167936 166912 128 128 32 0
sm_80 8 0 64 167936 166912 128 128 32 1
sm_80 8 0 64 167936 166912 128 128 96 0
sm_80 8 0 64 167936 166912 128 128 96 1
sm_80 8 0 64 167936 166912 128 128 128 0
sm_80 8 0 64 167936 166912 128 128 128 1
sm_80 8 0 64 167936 166912 128 128 256 0
sm_80 8 0 64 167936 166912 128 128 256 1
sm_80 8 0 64 167936 166912 128 128 384 0
sm_80 8 0 64 167936 166912 128 128 384 1
sm_80 8 0 64 167936 166912 128 128 512 0
sm_80 8 0 64 167936 166912 128 128 512 1
sm_80 8 0 64 167936 166912 128 128 1024 0
sm_80 8 0 64 167936 166912 128 128 1024 1
sm_80 8 0 64 167936 166912 128 8192 32 0
sm_80 8 0 64 167936 166912 128 8192 32 1
sm_80 8 0 64 167936 166912 128 8192 96 0
sm_80 8 0 64 167936 166912 128 8192 96 1
sm_80 8 0 64 167936 166912 128 8192 128 0
sm_80 8 0 64 167936 166912 128 8192 128 1
sm_80 8 0 64 167936 166912 128 8192 256 0
sm_80 8 0 64 167936 166912 128 8192 256 1
sm_80 8 0 64 167936 166912 128 8192 384 0
sm_80 8 0 64 167936 166912 128 8192 384 1
sm_80 8 0 64 167936 166912 128 8192 512 0
sm_80 8 0 64 167936 166912 128 8192 512 1
sm_80 8 0 64 167936 166912 128 8192 1024 0
sm_80 8 0 64 167936 166912 128 8192 1024 1
sm_80 8 0 64 167936 166912 128 32768 32 0
sm_80 8 0 64 167936 166912 128 32768 32 1
sm_80 8 0 64 167936 166912 128 32768 96 0
sm_80 8 0 64 167936 166912 128 32768 96 1
sm_80 8 0 64 167936 166912 128 32768 128 0
sm_80 8 0 64 167936 166912 128 32768 128 1
sm_80 8 0 64 167936 166912 128 32768 256 0
sm_80 8 0 64 167936 166912 128 32768 256 1
sm_80 8 0 64 167936 166912 128 32768 384 0
sm_80 8 0 64 167936 166912 128 32768 384 1
sm_80 8 0 64 167936 166912 128 32768 512 0
sm_80 8 0 64 167936 166912 128 32768 512 1
sm_80 8 0 64 167936 166912 128 32768 1024 0
sm_80 8 0 64 167936 166912 128 32768 1024 1
sm_80 8 0 64 167936 166912 128 49152 32 0
sm_80 8 0 64 167936 166912 128 49152 32 1
sm_80 8 0 64 167936 166912 128 49152 96 0
sm_80 8 0 64 167936 166912 128 49152 96 1
sm_80 8 0 64 167936 166912 128 49152 128 0
sm_80 8 0 64 167936 166912 128 49152 128 1
sm_80 8 0 64 167936 166912 128 49152 256 0
sm_80 8 0 64 167936 166912 128 49152 256 1
sm_80 8 0 64 167936 166912 128 49152 384 0
sm_80 8 0 64 167936 166912 128 49152 384 1
sm_80 8 0 64 167936 166912 128 49152 512 0
sm_80 8 0 64 167936 166912 128 49152 512 1
sm_80 8 0 64 167936 166912 128 49152 1024 0
sm_80 8 0 64 167936 166912 128 49152 1024 1
sm_80 8 0 64 167936 166912 128 98304 32 0
sm_80 8 0 64 167936 166912 128 98304 32 1
sm_80 8 0 64 167936 166912 128 98304 96 0
sm_80 8 0 64 167936 166912 128 98304 96 1
sm_80 8 0 64 167936 166912 128 98304 128 0
sm_80 8 0 64 167936 166912 128 98304 128 1
sm_80 8 0 64 167936 166912 128 98304 256 0
sm_80 8 0 64 167936 166912 128 98304 256 1
sm_80 8 0 64 167936 166912 128 98304 384 0
sm_80 8 0 64 167936 166912 128 98304 384 1
sm_80 8 0 64 167936 166912 128 98304 512 0
sm_80 8 0 64 167936 166912 128 98304 512 1
sm_80 8 0 64 167936 166912 128 98304 1024 0
sm_80 8 0 64 167936 166912 128 98304 1024 1
sm_80 8 0 64 167936 166912 128 200000 32 0
sm_80 8 0 64 167936 166912 128 200000 32 1
sm_80 8 0 64 167936 166912 128 200000 96 0
sm_80 8 0 64 167936 166912 128 200000 96 1
sm_80 8 0 64 167936 166912 128 200000 128 0
sm_80 8 0 64 167936 166912 128 200000 128 1
sm_80 8 0 64 167936 166912 128 200000 256 0
sm_80 8 0 64 167936 166912 128 200000 256 1
sm_80 8 0 64 167936 166912 128 200000 384 0
sm_80 8 0 64 167936 166912 128 200000 384 1
sm_80 8 0 64 167936 166912 128 200000 512 0
sm_80 8 0 64 167936 166912 128 200000 512 1
sm_80 8 0 64 167936 166912 128 200000 1024 0
sm_80 8 0 64 167936 166912 128 200000 1024 1
sm_80 8 0 64 167936 166912 168 0 32 0
sm_80 8 0 64 167936 166912 168 0 32 1
sm_80 8 0 64 167936 166912 168 0 96 0
sm_80 8 0 64 167936 166912 168 0 96 1
sm_80 8 0 64 167936 166912 168 0 128 0
sm_80 8 0 64 167936 166912 168 0 128 1
sm_80 8 0 64 167936 166912 168 0 256 0
sm_80 8 0 64 167936 166912 168 0 256 1
sm_80 8 0 64 167936 166912 168 0 384 0
sm_80 8 0 64 167936 166912 168 0 384 1
sm_80 8 0 64 167936 166912 168 0 512 0
sm_80 8 0 64 167936 166912 168 0 512 1
sm_80 8 0 64 167936 166912 168 0 1024 0
sm_80 8 0 64 167936 166912 168 0 1024 1
sm_80 8 0 64 167936 166912 168 128 32 0
sm_80 8 0 64 167936 166912 168 128 32 1
sm_80 8 0 64 167936 166912 168 128 96 0
sm_80 8 0 64 167936 166912 168 128 96 1
sm_80 8 0 64 167936 166912 168 128 128 0
sm_80 8 0 64 167936 166912 168 128 128 1
sm_80 8 0 64 167936 166912 168 128 256 0
sm_80 8 0 64 167936 166912 168 128 256 1
sm_80 8 0 64 167936 166912 168 128 384 0
sm_80 8 0 64 167936 166912 168 128 384 1
sm_80 8 0 64 167936 166912 168 128 512 0
sm_80 8 0 64 167936 166912 168 128 512 1
sm_80 8 0 64 167936 166912 168 128 1024 0
sm_80 8 0 64 167936 166912 168 128 1024 1
sm_80 8 0 64 167936 166912 168 8192 32 0
sm_80 8 0 64 167936 166912 168 8192 32 1
sm_80 8 0 64 167936 166912 168 8192 96 0
sm_80 8 0 64 167936 166912 168 8192 96 1
sm_80 8 0 64 167936 166912 168 8192 128 0
sm_80 8 0 64 167936 166912 168 8192 128 1
sm_80 8 0 64 167936 166912 168 8192 256 0
sm_80 8 0 64 167936 166912 168 8192 256 1
sm_80 8 0 64 167936 166912 168 8192 384 0
sm_80 8 0 64 167936 166912 168 8192 384 1
sm_80 8 0 64 167936 166912 168 8192 512 0
sm_80 8 0 64 167936 166912 168 8192 512 1
sm_80 8 0 64 167936 166912 168 8192 1024 0
sm_80 8 0 64 167936 166912 168 8192 1024 1
sm_80 8 0 64 167936 166912 168 32768 32 0
sm_80 8 0 64 167936 166912 168 32768 32 1
sm_80 8 0 64 167936 166912 168 32768 96 0
sm_80 8 0 64 167936 166912 168 32768 96 1
sm_80 8 0 64 167936 166912 168 32768 128 0
sm_80 8 0 64 167936 166912 168 32768 128 1
sm_80 8 0 64 167936 166912 168 32768 256 0
sm_80 8 0 64 167936 166912 168 32768 256 1
sm_80 8 0 64 167936 166912 168 32768 384 0
sm_80 8 0 64 167936 166912 168 32768 384 1
sm_80 8 0 64 167936 166912 168 32768 512 0
sm_80 8 0 64 167936 166912 168 32768 512 1
sm_80 8 0 64 167936 166912 168 32768 1024 0
sm_80 8 0 64 167936 166912 168 32768 1024 1
sm_80 8 0 64 167936 166912 168 49152 32 0
sm_80 8 0 64 167936 166912 168 49152 32 1
sm_80 8 0 64 167936 166912 168 49152 96 0
sm_80 8 0 64 167936 166912 168 49152 96 1
sm_80 8 0 64 167936 166912 168 49152 128 0
sm_80 8 0 64 167936 166912 168 49152 128 1
sm_80 8 0 64 167936 166912 168 49152 256 0
sm_80 8 0 64 167936 166912 168 49152 256 1
sm_80 8 0 64 167936 166912 168 49152 384 0
sm_80 8 0 64 167936 166912 168 49152 384 1
sm_80 8 0 64 167936 166912 168 49152 512 0
sm_80 8 0 64 167936 166912 168 49152 512 1
sm_80 8 0 64 167936 166912 168 49152 1024 0
sm_80 8 0 64 167936 166912 168 49152 1024 1
sm_80 8 0 64 167936 166912 168 98304 32 0
sm_80 8 0 64 167936 166912 168 98304 32 1
sm_80 8 0 64 167936 166912 168 98304 96 0
sm_80 8 0 64 167936 166912 168 98304 96 1
sm_80 8 0 64 167936 166912 168 98304 128 0
sm_80 8 0 64 167936 166912 168 98304 128 1
sm_80 8 0 64 167936 166912 168 98304 256 0
sm_80 8 0 64 167936 166912 168 98304 256 1
sm_80 8 0 64 167936 166912 168 98304 384 0
sm_80 8 0 64 167936 166912 168 98304 384 1
sm_80 8 0 64 167936 166912 168 98304 512 0
sm_80 8 0 64 167936 166912 168 98304 512 1
sm_80 8 0 64 167936 166912 168 98304 1024 0
sm_80 8 0 64 167936 166912 168 98304 1024 1
sm_80 8 0 64 167936 166912 168 200000 32 0
sm_80 8 0 64 167936 166912 168 200000 32 1
sm_80 8 0 64 167936 166912 168 200000 96 0
sm_80 8 0 64 167936 166912 168 200000 96 1
sm_80 8 0 64 167936 166912 168 200000 128 0
sm_80 8 0 64 167936 166912 168 200000 128 1
sm_80 8 0 64 167936 166912 168 200000 256 0
sm_80 8 0 64 167936 166912 168 200000 256 1
sm_80 8 0 64 167936 166912 168 200000 384 0
sm_80 8 0 64 167936 166912 168 200000 384 1
sm_80 8 0 64 167936 166912 168 200000 512 0
sm_80 8 0 64 167936 166912 168 200000 512 1
sm_80 8 0 64 167936 166912 168 200000 1024 0
sm_80 8 0 64 167936 166912 168 200000 1024 1
sm_80 8 0 64 167936 166912 255 0 32 0
sm_80 8 0 64 167936 166912 255 0 32 1
sm_80 8 0 64 167936 166912 255 0 96 0
sm_80 8 0 64 167936 166912 255 0 96 1
sm_80 8 0 64 167936 166912 255 0 128 0
sm_80 8 0 64 167936 166912 255 0 128 1
sm_80 8 0 64 167936 166912 255 0 256 0
sm_80 8 0 64 167936 166912 255 0 256 1
sm_80 8 0 64 167936 166912 255 0 384 0
sm_80 8 0 64 167936 166912 255 0 384 1
sm_80 8 0 64 167936 166912 255 0 512 0
sm_80 8 0 64 167936 166912 255 0 512 1
sm_80 8 0 64 167936 166912 255 0 1024 0
sm_80 8 0 64 167936 166912 255 0 1024 1
sm_80 8 0 64 167936 166912 255 128 32 0
sm_80 8 0 64 167936 166912 255 128 32 1
sm_80 8 0 64 167936 166912 255 128 96 0
sm_80 8 0 64 167936 166912 255 128 96 1
sm_80 8 0 64 167936 166912 255 128 128 0
sm_80 8 0 64 167936 166912 255 128 128 1
sm_80 8 0 64 167936 166912 255 128 256 0
sm_80 8 0 64 167936 166912 255 128 256 1
sm_80 8 0 64 167936 166912 255 128 384 0
sm_80 8 0 64 167936 166912 255 128 384 1
sm_80 8 0 64 167936 166912 255 128 512 0
sm_80 8 0 64 167936 166912 255 128 512 1
sm_80 8 0 64 167936 166912 255 128 1024 0
sm_80 8 0 64 167936 166912 255 128 1024 1
sm_80 8 0 64 167936 166912 255 8192 32 0
sm_80 8 0 64 167936 166912 255 8192 32 1
sm_80 8 0 64 167936 166912 255 8192 96 0
sm_80 8 0 64 167936 166912 255 8192 96 1
sm_80 8 0 64 167936 166912 255 8192 128 0
sm_80 8 0 64 167936 166912 255 8192 128 1
sm_80 8 0 64 167936 166912 255 8192 256 0
sm_80 8 0 64 167936 166912 255 8192 256 1
sm_80 8 0 64 167936 166912 255 8192 384 0
sm_80 8 0 64 167936 166912 255 8192 384 1
sm_80 8 0 64 167936 166912 255 8192 512 0
sm_80 8 0 64 167936 166912 255 8192 512 1
sm_80 8 0 64 167936 166912 255 8192 1024 0
sm_80 8 0 64 167936 166912 255 8192 1024 1
sm_80 8 0 64 167936 166912 255 32768 32 0
sm_80 8 0 64 167936 166912 255 32768 32 1
sm_80 8 0 64 167936 166912 255 32768 96 0
sm_80 8 0 64 167936 166912 255 32768 96 1
sm_80 8 0 64 167936 166912 255 32768 128 0
sm_80 8 0 64 167936 166912 255 32768 128 1
sm_80 8 0 64 167936 166912 255 32768 256 0
sm_80 8 0 64 167936 166912 255 32768 256 1
sm_80 8 0 64 167936 166912 255 32768 384 0
sm_80 8 0 64 167936 166912 255 32768 384 1
sm_80 8 0 64 167936 166912 255 32768 512 0
sm_80 8 0 64 167936 166912 255 32768 512 1
sm_80 8 0 64 167936 166912 255 32768 1024 0
sm_80 8 0 64 167936 166912 255 32768 1024 1
sm_80 8 0 64 167936 166912 255 49152 32 0
sm_80 8 0 64 167936 166912 255 49152 32 1
sm_80 8 0 64 167936 166912 255 49152 96 0
sm_80 8 0 64 167936 166912 255 49152 96 1
sm_80 8 0 64 167936 166912 255 49152 128 0
sm_80 8 0 64 167936 166912 255 49152 128 1
sm_80 8 0 64 167936 166912 255 49152 256 0
sm_80 8 0 64 167936 166912 255 49152 256 1
sm_80 8 0 64 167936 166912 255 49152 384 0
sm_80 8 0 64 167936 166912 255 49152 384 1
sm_80 8 0 64 167936 166912 255 49152 512 0
sm_80 8 0 64 167936 166912 255 49152 512 1
sm_80 8 0 64 167936 166912 255 49152 1024 0
sm_80 8 0 64 167936 166912 255 49152 1024 1
sm_80 8 0 64 167936 166912 255 98304 32 0
sm_80 8 0 64 167936 166912 255 98304 32 1
sm_80 8 0 64 167936 166912 255 98304 96 0
sm_80 8 0 64 167936 166912 255 98304 96 1
sm_80 8 0 64 167936 166912 255 98304 128 0
sm_80 8 0 64 167936 166912 255 98304 128 1
sm_80 8 0 64 167936 166912 255 98304 256 0
sm_80 8 0 64 167936 166912 255 98304 256 1
sm_80 8 0 64 167936 166912 255 98304 384 0
sm_80 8 0 64 167936 166912 255 98304 384 1
sm_80 8 0 64 167936 166912 255 98304 512 0
sm_80 8 0 64 167936 166912 255 98304 512 1
sm_80 8 0 64 167936 166912 255 98304 1024 0
sm_80 8 0 64 167936 166912 255 98304 1024 1
sm_80 8 0 64 167936 166912 255 200000 32 0
sm_80 8 0 64 167936 166912 255 200000 32 1
sm_80 8 0 64 167936 166912 255 200000 96 0
sm_80 8 0 64 167936 166912 255 200000 96 1
sm_80 8 0 64 167936 166912 255 200000 128 0
sm_80 8 0 64 167936 166912 255 200000 128 1
sm_80 8 0 64 167936 166912 255 200000 256 0
sm_80 8 0 64 167936 166912 255 200000 256 1
sm_80 8 0 64 167936 166912 255 200000 384 0
sm_80 8 0 64 167936 166912 255 200000 384 1
sm_80 8 0 64 167936 166912 255 200000 512 0
sm_80 8 0 64 167936 166912 255 200000 512 1
sm_80 8 0 64 167936 166912 255 200000 1024 0
sm_80 8 0 64 167936 166912 255 200000 1024 1
sm_86 8 6 48 102400 101376 16 0 32 0
sm_86 8 6 48 102400 101376 16 0 32 1
sm_86 8 6 48 102400 101376 16 0 96 0
sm_86 8 6 48 102400 101376 16 0 96 1
sm_86 8 6 48 102400 101376 16 0 128 0
sm_86 8 6 48 102400 101376 16 0 128 1
sm_86 8 6 48 102400 101376 16 0 256 0
sm_86 8 6 48 102400 101376 16 0 256 1
sm_86 8 6 48 102400 101376 16 0 384 0
sm_86 8 6 48 102400 101376 16 0 384 1
sm_86 8 6 48 102400 101376 16 0 512 0
sm_86 8 6 48 102400 101376 16 0 512 1
sm_86 8 6 48 102400 101376 16 0 1024 0
sm_86 8 6 48 102400 101376 16 0 1024 1
sm_86 8 6 48 102400 101376 16 128 32 0
sm_86 8 6 48 102400 101376 16 128 32 1
sm_86 8 6 48 102400 101376 16 128 96 0
sm_86 8 6 48 102400 101376 16 128 96 1
sm_86 8 6 48 102400 101376 16 128 128 0
sm_86 8 6 48 102400 101376 16 128 128 1
sm_86 8 6 48 102400 101376 16 128 256 0
sm_86 8 6 48 102400 101376 16 128 256 1
sm_86 8 6 48 102400 101376 16 128 384 0
sm_86 8 6 48 102400 101376 16 128 384 1
sm_86 8 6 48 102400 101376 16 128 512 0
sm_86 8 6 48 102400 101376 16 128 512 1
sm_86 8 6 48 102400 101376 16 128 1024 0
sm_86 8 6 48 102400 101376 16 128 1024 1
sm_86 8 6 48 102400 101376 16 8192 32 0
sm_86 8 6 48 102400 101376 16 8192 32 1
sm_86 8 6 48 102400 101376 16 8192 96 0
sm_86 8 6 48 102400 101376 16 8192 96 1
sm_86 8 6 48 102400 101376 16 8192 128 0
sm_86 8 6 48 102400 101376 16 8192 128 1
sm_86 8 6 48 102400 101376 16 8192 256 0
sm_86 8 6 48 102400 101376 16 8192 256 1
sm_86 8 6 48 102400 101376 16 8192 384 0
sm_86 8 6 48 102400 101376 16 8192 384 1
sm_86 8 6 48 102400 101376 16 8192 512 0
sm_86 8 6 48 102400 101376 16 8192 512 1
sm_86 8 6 48 102400 101376 16 8192 1024 0
sm_86 8 6 48 102400 101376 16 8192 1024 1
sm_86 8 6 48 102400 101376 16 32768 32 0
sm_86 8 6 48 102400 101376 16 32768 32 1
sm_86 8 6 48 102400 101376 16 32768 96 0
sm_86 8 6 48 102400 101376 16 32768 96 1
sm_86 8 6 48 102400 101376 16 32768 128 0
sm_86 8 6 48 102400 101376 16 32768 128 1
sm_86 8 6 48 102400 101376 16 32768 256 0
sm_86 8 6 48 102400 101376 16 32768 256 1
sm_86 8 6 48 102400 101376 16 32768 384 0
sm_86 8 6 48 102400 101376 16 32768 384 1
sm_86 8 6 48 102400 101376 16 32768 512 0
sm_86 8 6 48 102400 101376 16 32768 512 1
sm_86 8 6 48 102400 101376 16 32768 1024 0
sm_86 8 6 48 102400 101376 16 32768 1024 1
sm_86 8 6 48 102400 101376 16 49152 32 0
sm_86 8 6 48 102400 101376 16 49152 32 1
sm_86 8 6 48 102400 101376 16 49152 96 0
sm_86 8 6 48 102400 101376 16 49152 96 1
sm_86 8 6 48 102400 101376 16 49152 128 0
sm_86 8 6 48 102400 101376 16 49152 128 1
sm_86 8 6 48 102400 101376 16 49152 256 0
sm_86 8 6 48 102400 101376 16 49152 256 1
sm_86 8 6 48 102400 101376 16 49152 384 0
sm_86 8 6 48 102400 101376 16 49152 384 1
sm_86 8 6 48 102400 101376 16 49152 512 0
sm_86 8 6 48 102400 101376 16 49152 512 1
sm_86 8 6 48 102400 101376 16 49152 1024 0
sm_86 8 6 48 102400 101376 16 49152 1024 1
sm_86 8 6 48 102400 101376 16 98304 32 0
sm_86 8 6 48 102400 101376 16 98304 32 1
sm_86 8 6 48 102400 101376 16 98304 96 0
sm_86 8 6 48 102400 101376 16 98304 96 1
sm_86 8 6 48 102400 101376 16 98304 128 0
sm_86 8 6 48 102400 101376 16 98304 128 1
sm_86 8 6 48 102400 101376 16 98304 256 0
sm_86 8 6 48 102400 101376 16 98304 256 1
sm_86 8 6 48 102400 101376 16 98304 384 0
sm_86 8 6 48 102400 101376 16 98304 384 1
sm_86 8 6 48 102400 101376 16 98304 512 0
sm_86 8 6 48 102400 101376 16 98304 512 1
sm_86 8 6 48 102400 101376 16 98304 1024 0
sm_86 8 6 48 102400 101376 16 98304 1024 1
sm_86 8 6 48 102400 101376 16 200000 32 0
sm_86 8 6 48 102400 101376 16 200000 32 1
sm_86 8 6 48 102400 101376 16 200000 96 0
sm_86 8 6 48 102400 101376 16 200000 96 1
sm_86 8 6 48 102400 101376 16 200000 128 0
sm_86 8 6 48 102400 101376 16 200000 128 1
sm_86 8 6 48 102400 101376 16 200000 256 0
sm_86 8 6 48 102400 101376 16 200000 256 1
sm_86 8 6 48 102400 101376 16 200000 384 0
sm_86 8 6 48 102400 101376 16 200000 384 1
sm_86 8 6 48 102400 101376 16 200000 512 0
sm_86 8 6 48 102400 101376 16 200000 512 1
sm_86 8 6 48 102400 101376 16 200000 1024 0
sm_86 8 6 48 102400 101376 16 200000 1024 1
sm_86 8 6 48 102400 101376 32 0 32 0
sm_86 8 6 48 102400 101376 32 0 32 1
sm_86 8 6 48 102400 101376 32 0 96 0
sm_86 8 6 48 102400 101376 32 0 96 1
sm_86 8 6 48 102400 101376 32 0 128 0
sm_86 8 6 48 102400 101376 32 0 128 1
sm_86 8 6 48 102400 101376 32 0 256 0
sm_86 8 6 48 102400 101376 32 0 256 1
sm_86 8 6 48 102400 101376 32 0 384 0
sm_86 8 6 48 102400 101376 32 0 384 1
sm_86 8 6 48 102400 101376 32 0 512 0
sm_86 8 6 48 102400 101376 32 0 512 1
sm_86 8 6 48 102400 101376 32 0 1024 0
sm_86 8 6 48 102400 101376 32 0 1024 1
sm_86 8 6 48 102400 101376 32 128 32 0
sm_86 8 6 48 102400 101376 32 128 32 1
sm_86 8 6 48 102400 101376 32 128 96 0
sm_86 8 6 48 102400 101376 32 128 96 1
sm_86 8 6 48 102400 101376 32 128 128 0
sm_86 8 6 48 102400 101376 32 128 128 1
sm_86 8 6 48 102400 101376 32 128 256 0
sm_86 8 6 48 102400 101376 32 128 256 1
sm_86 8 6 48 102400 101376 32 128 384 0
sm_86 8 6 48 102400 101376 32 128 384 1
sm_86 8 6 48 102400 101376 32 128 512 0
sm_86 8 6 48 102400 101376 32 128 512 1
sm_86 8 6 48 102400 101376 32 128 1024 0
sm_86 8 6 48 102400 101376 32 128 1024 1
sm_86 8 6 48 102400 101376 32 8192 32 0
sm_86 8 6 48 102400 101376 32 8192 32 1
sm_86 8 6 48 102400 101376 32 8192 96 0
sm_86 8 6 48 102400 101376 32 8192 96 1
sm_86 8 6 48 102400 101376 32 8192 128 0
sm_86 8 6 48 102400 101376 32 8192 128 1
sm_86 8 6 48 102400 101376 32 8192 256 0
sm_86 8 6 48 102400 101376 32 8192 256 1
sm_86 8 6 48 102400 101376 32 8192 384 0
sm_86 8 6 48 102400 101376 32 8192 384 1
sm_86 8 6 48 102400 101376 32 8192 512 0
sm_86 8 6 48 102400 101376 32 8192 512 1
sm_86 8 6 48 102400 101376 32 8192 1024 0
sm_86 8 6 48 102400 101376 32 8192 1024 1
sm_86 8 6 48 102400 101376 32 32768 32 0
sm_86 8 6 48 102400 101376 32 32768 32 1
sm_86 8 6 48 102400 101376 32 32768 96 0
sm_86 8 6 48 102400 101376 32 32768 96 1
sm_86 8 6 48 102400 101376 32 32768 128 0
sm_86 8 6 48 102400 101376 32 32768 128 1
sm_86 8 6 48 102400 101376 32 32768 256 0
sm_86 8 6 48 102400 101376 32 32768 256 1
sm_86 8 6 48 102400 101376 32 32768 384 0
sm_86 8 6 48 102400 101376 32 32768 384 1
sm_86 8 6 48 102400 101376 32 32768 512 0
sm_86 8 6 48 102400 101376 32 32768 512 1
sm_86 8 6 48 102400 101376 32 32768 1024 0
sm_86 8 6 48 102400 101376 32 32768 1024 1
sm_86 8 6 48 102400 101376 32 49152 32 0
sm_86 8 6 48 102400 101376 32 49152 32 1
sm_86 8 6 48 102400 101376 32 49152 96 0
sm_86 8 6 48 102400 101376 32 49152 96 1
sm_86 8 6 48 102400 101376 32 49152 128 0
sm_86 8 6 48 102400 101376 32 49152 128 1
sm_86 8 6 48 102400 101376 32 49152 256 0
sm_86 8 6 48 102400 101376 32 49152 256 1
sm_86 8 6 48 102400 101376 32 49152 384 0
sm_86 8 6 48 102400 101376 32 49152 384 1
sm_86 8 6 48 102400 101376 32 49152 512 0
sm_86 8 6 48 102400 101376 32 49152 512 1
sm_86 8 6 48 102400 101376 32 49152 1024 0
sm_86 8 6 48 102400 101376 32 49152 1024 1
sm_86 8 6 48 102400 101376 32 98304 32 0
sm_86 8 6 48 102400 101376 32 98304 32 1
sm_86 8 6 48 102400 101376 32 98304 96 0
sm_86 8 6 48 102400 101376 32 98304 96 1
sm_86 8 6 48 102400 101376 32 98304 128 0
sm_86 8 6 48 102400 101376 32 98304 128 1
sm_86 8 6 48 102400 101376 32 98304 256 0
sm_86 8 6 48 102400 101376 32 98304 256 1
sm_86 8 6 48 102400 101376 32 98304 384 0
sm_86 8 6 48 102400 101376 32 98304 384 1
sm_86 8 6 48 102400 101376 32 98304 512 0
sm_86 8 6 48 102400 101376 32 98304 512 1
sm_86 8 6 48 102400 101376 32 98304 1024 0
sm_86 8 6 48 102400 101376 32 98304 1024 1
sm_86 8 6 48 102400 101376 32 200000 32 0
sm_86 8 6 48 102400 101376 32 200000 32 1
sm_86 8 6 48 102400 101376 32 200000 96 0
sm_86 8 6 48 102400 101376 32 200000 96 1
sm_86 8 6 48 102400 101376 32 200000 128 0
sm_86 8 6 48 102400 101376 32 200000 128 1
sm_86 8 6 48 102400 101376 32 200000 256 0
sm_86 8 6 48 102400 101376 32 200000 256 1
sm_86 8 6 48 102400 101376 32 200000 384 0
sm_86 8 6 48 102400 101376 32 200000 384 1
sm_86 8 6 48 102400 101376 32 200000 512 0
sm_86 8 6 48 102400 101376 32 200000 512 1
sm_86 8 6 48 102400 101376 32 200000 1024 0
sm_86 8 6 48 102400 101376 32 200000 1024 1
sm_86 8 6 48 102400 101376 40 0 32 0
sm_86 8 6 48 102400 101376 40 0 32 1
sm_86 8 6 48 102400 101376 40 0 96 0
sm_86 8 6 48 102400 101376 40 0 96 1
sm_86 8 6 48 102400 101376 40 0 128 0
sm_86 8 6 48 102400 101376 40 0 128 1
sm_86 8 6 48 102400 101376 40 0 256 0
sm_86 8 6 48 102400 101376 40 0 256 1
sm_86 8 6 48 102400 101376 40 0 384 0
sm_86 8 6 48 102400 101376 40 0 384 1
sm_86 8 6 48 102400 101376 40 0 512 0
sm_86 8 6 48 102400 101376 40 0 512 1
sm_86 8 6 48 102400 101376 40 0 1024 0
sm_86 8 6 48 102400 101376 40 0 1024 1
sm_86 8 6 48 102400 101376 40 128 32 0
sm_86 8 6 48 102400 101376 40 128 32 1
sm_86 8 6 48 102400 101376 40 128 96 0
sm_86 8 6 48 102400 101376 40 128 96 1
sm_86 8 6 48 102400 101376 40 128 128 0
sm_86 8 6 48 102400 101376 40 128 128 1
sm_86 8 6 48 102400 101376 40 128 256 0
sm_86 8 6 48 102400 101376 40 128 256 1
sm_86 8 6 48 102400 101376 40 128 384 0
sm_86 8 6 48 102400 101376 40 128 384 1
sm_86 8 6 48 102400 101376 40 128 512 0
sm_86 8 6 48 102400 101376 40 128 512 1
sm_86 8 6 48 102400 101376 40 128 1024 0
sm_86 8 6 48 102400 101376 40 128 1024 1
sm_86 8 6 48 102400 101376 40 8192 32 0
sm_86 8 6 48 102400 101376 40 8192 32 1
sm_86 8 6 48 102400 101376 40 8192 96 0
sm_86 8 6 48 102400 101376 40 8192 96 1
sm_86 8 6 48 102400 101376 40 8192 128 0
sm_86 8 6 48 102400 101376 40 8192 128 1
sm_86 8 6 48 102400 101376 40 8192 256 0
sm_86 8 6 48 102400 101376 40 8192 256 1
sm_86 8 6 48 102400 101376 40 8192 384 0
sm_86 8 6 48 102400 101376 40 8192 384 1
sm_86 8 6 48 102400 101376 40 8192 512 0
sm_86 8 6 48 102400 101376 40 8192 512 1
sm_86 8 6 48 102400 101376 40 8192 1024 0
sm_86 8 6 48 102400 101376 40 8192 1024 1
sm_86 8 6 48 102400 101376 40 32768 32 0
sm_86 8 6 48 102400 101376 40 32768 32 1
sm_86 8 6 48 102400 101376 40 32768 96 0
sm_86 8 6 48 102400 101376 40 32768 96 1
sm_86 8 6 48 102400 101376 40 32768 128 0
sm_86 8 6 48 102400 101376 40 32768 128 1
sm_86 8 6 48 102400 101376 40 32768 256 0
sm_86 8 6 48 102400 101376 40 32768 256 1
sm_86 8 6 48 102400 101376 40 32768 384 0
sm_86 8 6 48 102400 101376 40 32768 384 1
sm_86 8 6 48 102400 101376 40 32768 512 0
sm_86 8 6 48 102400 101376 40 32768 512 1
sm_86 8 6 48 102400 101376 40 32768 1024 0
sm_86 8 6 48 102400 101376 40 32768 1024 1
sm_86 8 6 48 102400 101376 40 49152 32 0
sm_86 8 6 48 102400 101376 40 49152 32 1
sm_86 8 6 48 102400 101376 40 49152 96 0
sm_86 8 6 48 102400 101376 40 49152 96 1
sm_86 8 6 48 102400 101376 40 49152 128 0
sm_86 8 6 48 102400 101376 40 49152 128 1
sm_86 8 6 48 102400 101376 40 49152 256 0
sm_86 8 6 48 102400 101376 40 49152 256 1
sm_86 8 6 48 102400 101376 40 49152 384 0
sm_86 8 6 48 102400 101376 40 49152 384 1
sm_86 8 6 48 102400 101376 40 49152 512 0
sm_86 8 6 48 102400 101376 40 49152 512 1
sm_86 8 6 48 102400 101376 40 49152 1024 0
sm_86 8 6 48 102400 101376 40 49152 1024 1
sm_86 8 6 48 102400 101376 40 98304 32 0
sm_86 8 6 48 102400 101376 40 98304 32 1
sm_86 8 6 48 102400 101376 40 98304 96 0
sm_86 8 6 48 102400 101376 40 98304 96 1
sm_86 8 6 48 102400 101376 40 98304 128 0
sm_86 8 6 48 102400 101376 40 98304 128 1
sm_86 8 6 48 102400 101376 40 98304 256 0
sm_86 8 6 48 102400 101376 40 98304 256 1
sm_86 8 6 48 102400 101376 40 98304 384 0
sm_86 8 6 48 102400 101376 40 98304 384 1
sm_86 8 6 48 102400 101376 40 98304 512 0
sm_86 8 6 48 102400 101376 40 98304 512 1
sm_86 8 6 48 102400 101376 40 98304 1024 0
sm_86 8 6 48 102400 101376 40 98304 1024 1
sm_86 8 6 48 102400 101376 40 200000 32 0
sm_86 8 6 48 102400 101376 40 200000 32 1
sm_86 8 6 48 102400 101376 40 200000 96 0
sm_86 8 6 48 102400 101376 40 200000 96 1
sm_86 8 6 48 102400 101376 40 200000 128 0
sm_86 8 6 48 102400 101376 40 200000 128 1
sm_86 8 6 48 102400 101376 40 200000 256 0
sm_86 8 6 48 102400 101376 40 200000 256 1
sm_86 8 6 48 102400 101376 40 200000 384 0
sm_86 8 6 48 102400 101376 40 200000 384 1
sm_86 8 6 48 102400 101376 40 200000 512 0
sm_86 8 6 48 102400 101376 40 200000 512 1
sm_86 8 6 48 102400 101376 40 200000 1024 0
sm_86 8 6 48 102400 101376 40 200000 1024 1
sm_86 8 6 48 102400 101376 64 0 32 0
sm_86 8 6 48 102400 101376 64 0 32 1
sm_86 8 6 48 102400 101376 64 0 96 0
sm_86 8 6 48 102400 101376 64 0 96 1
sm_86 8 6 48 102400 101376 64 0 128 0
sm_86 8 6 48 102400 101376 64 0 128 1
sm_86 8 6 48 102400 101376 64 0 256 0
sm_86 8 6 48 102400 101376 64 0 256 1
sm_86 8 6 48 102400 101376 64 0 384 0
sm_86 8 6 48 102400 101376 64 0 384 1
sm_86 8 6 48 102400 101376 64 0 512 0
sm_86 8 6 48 102400 101376 64 0 512 1
sm_86 8 6 48 102400 101376 64 0 1024 0
sm_86 8 6 48 102400 101376 64 0 1024 1
sm_86 8 6 48 102400 101376 64 128 32 0
sm_86 8 6 48 102400 101376 64 128 32 1
sm_86 8 6 48 102400 101376 64 128 96 0
sm_86 8 6 48 102400 101376 64 128 96 1
sm_86 8 6 48 102400 101376 64 128 128 0
sm_86 8 6 48 102400 101376 64 128 128 1
sm_86 8 6 48 102400 101376 64 128 256 0
sm_86 8 6 48 102400 101376 64 128 256 1
sm_86 8 6 48 102400 101376 64 128 384 0
sm_86 8 6 48 102400 101376 64 128 384 1
sm_86 8 6 48 102400 101376 64 128 512 0
sm_86 8 6 48 102400 101376 64 128 512 1
sm_86 8 6 48 102400 101376 64 128 1024 0
sm_86 8 6 48 102400 101376 64 128 1024 1
sm_86 8 6 48 102400 101376 64 8192 32 0
sm_86 8 6 48 102400 101376 64 8192 32 1
sm_86 8 6 48 102400 101376 64 8192 96 0
sm_86 8 6 48 102400 101376 64 8192 96 1
sm_86 8 6 48 102400 101376 64 8192 128 0
sm_86 8 6 48 102400 101376 64 8192 128 1
sm_86 8 6 48 102400 101376 64 8192 256 0
sm_86 8 6 48 102400 101376 64 8192 256 1
sm_86 8 6 48 102400 101376 64 8192 384 0
sm_86 8 6 48 102400 101376 64 8192 384 1
sm_86 8 6 48 102400 101376 64 8192 512 0
sm_86 8 6 48 102400 101376 64 8192 512 1
sm_86 8 6 48 102400 101376 64 8192 1024 0
sm_86 8 6 48 102400 101376 64 8192 1024 1
sm_86 8 6 48 102400 101376 64 32768 32 0
sm_86 8 6 48 102400 101376 64 32768 32 1
sm_86 8 6 48 102400 101376 64 32768 96 0
sm_86 8 6 48 102400 101376 64 32768 96 1
sm_86 8 6 48 102400 101376 64 32768 128 0
sm_86 8 6 48 102400 101376 64 32768 128 1
sm_86 8 6 48 102400 101376 64 32768 256 0
sm_86 8 6 48 102400 101376 64 32768 256 1
sm_86 8 6 48 102400 101376 64 32768 384 0
sm_86 8 6 48 102400 101376 64 32768 384 1
sm_86 8 6 48 102400 101376 64 32768 512 0
sm_86 8 6 48 102400 101376 64 32768 512 1
sm_86 8 6 48 102400 101376 64 32768 1024 0
sm_86 8 6 48 102400 101376 64 32768 1024 1
sm_86 8 6 48 102400 101376 64 49152 32 0
sm_86 8 6 48 102400 101376 64 49152 32 1
sm_86 8 6 48 102400 101376 64 49152 96 0
sm_86 8 6 48 102400 101376 64 49152 96 1
sm_86 8 6 48 102400 101376 64 49152 128 0
sm_86 8 6 48 102400 101376 64 49152 128 1
sm_86 8 6 48 102400 101376 64 49152 256 0
sm_86 8 6 48 102400 101376 64 49152 256 1
sm_86 8 6 48 102400 101376 64 49152 384 0
sm_86 8 6 48 102400 101376 64 49152 384 1
sm_86 8 6 48 102400 101376 64 49152 512 0
sm_86 8 6 48 102400 101376 64 49152 512 1
sm_86 8 6 48 102400 101376 64 49152 1024 0
sm_86 8 6 48 102400 101376 64 49152 1024 1
sm_86 8 6 48 102400 101376 64 98304 32 0
sm_86 8 6 48 102400 101376 64 98304 32 1
sm_86 8 6 48 102400 101376 64 98304 96 0
sm_86 8 6 48 102400 101376 64 98304 96 1
sm_86 8 6 48 102400 101376 64 98304 128 0
sm_86 8 6 48 102400 101376 64 98304 128 1
sm_86 8 6 48 102400 101376 64 98304 256 0
sm_86 8 6 48 102400 101376 64 98304 256 1
sm_86 8 6 48 102400 101376 64 98304 384 0
sm_86 8 6 48 102400 101376 64 98304 384 1
sm_86 8 6 48 102400 101376 64 98304 512 0
sm_86 8 6 48 102400 101376 64 98304 512 1
sm_86 8 6 48 102400 101376 64 98304 1024 0
sm_86 8 6 48 102400 101376 64 98304 1024 1
sm_86 8 6 48 102400 101376 64 200000 32 0
sm_86 8 6 48 102400 101376 64 200000 32 1
sm_86 8 6 48 102400 101376 64 200000 96 0
sm_86 8 6 48 102400 101376 64 200000 96 1
sm_86 8 6 48 102400 101376 64 200000 128 0
sm_86 8 6 48 102400 101376 64 200000 128 1
sm_86 8 6 48 102400 101376 64 200000 256 0
sm_86 8 6 48 102400 101376 64 200000 256 1
sm_86 8 6 48 102400 101376 64 200000 384 0
sm_86 8 6 48 102400 101376 64 200000 384 1
sm_86 8 6 48 102400 101376 64 200000 512 0
sm_86 8 6 48 102400 101376 64 200000 512 1
sm_86 8 6 48 102400 101376 64 200000 1024 0
sm_86 8 6 48 102400 101376 64 200000 1024 1
sm_86 8 6 48 102400 101376 72 0 32 0
sm_86 8 6 48 102400 101376 72 0 32 1
sm_86 8 6 48 102400 101376 72 0 96 0
sm_86 8 6 48 102400 101376 72 0 96 1
sm_86 8 6 48 102400 101376 72 0 128 0
sm_86 8 6 48 102400 101376 72 0 128 1
sm_86 8 6 48 102400 101376 72 0 256 0
sm_86 8 6 48 102400 101376 72 0 256 1
sm_86 8 6 48 102400 101376 72 0 384 0
sm_86 8 6 48 102400 101376 72 0 384 1
sm_86 8 6 48 102400 101376 72 0 512 0
sm_86 8 6 48 102400 101376 72 0 512 1
sm_86 8 6 48 102400 101376 72 0 1024 0
sm_86 8 6 48 102400 101376 72 0 1024 1
sm_86 8 6 48 102400 101376 72 128 32 0
sm_86 8 6 48 102400 101376 72 128 32 1
sm_86 8 6 48 102400 101376 72 128 96 0
sm_86 8 6 48 102400 101376 72 128 96 1
sm_86 8 6 48 102400 101376 72 128 128 0
sm_86 8 6 48 102400 101376 72 128 128 1
sm_86 8 6 48 102400 101376 72 128 256 0
sm_86 8 6 48 102400 101376 72 128 256 1
sm_86 8 6 48 102400 101376 72 128 384 0
sm_86 8 6 48 102400 101376 72 128 384 1
sm_86 8 6 48 102400 101376 72 128 512 0
sm_86 8 6 48 102400 101376 72 128 512 1
sm_86 8 6 48 102400 101376 72 128 1024 0
sm_86 8 6 48 102400 101376 72 128 1024 1
sm_86 8 6 48 102400 101376 72 8192 32 0
sm_86 8 6 48 102400 101376 72 8192 32 1
sm_86 8 6 48 102400 101376 72 8192 96 0
sm_86 8 6 48 102400 101376 72 8192 96 1
sm_86 8 6 48 102400 101376 72 8192 128 0
sm_86 8 6 48 102400 101376 72 8192 128 1
sm_86 8 6 48 102400 101376 72 8192 256 0
sm_86 8 6 48 102400 101376 72 8192 256 1
sm_86 8 6 48 102400 101376 72 8192 384 0
sm_86 8 6 48 102400 101376 72 8192 384 1
sm_86 8 6 48 102400 101376 72 8192 512 0
sm_86 8 6 48 102400 101376 72 8192 512 1
sm_86 8 6 48 102400 101376 72 8192 1024 0
sm_86 8 6 48 102400 101376 72 8192 1024 1
sm_86 8 6 48 102400 101376 72 32768 32 0
sm_86 8 6 48 102400 101376 72 32768 32 1
sm_86 8 6 48 102400 101376 72 32768 96 0
sm_86 8 6 48 102400 101376 72 32768 96 1
sm_86 8 6 48 102400 101376 72 32768 128 0
sm_86 8 6 48 102400 101376 72 32768 128 1
sm_86 8 6 48 102400 101376 72 32768 256 0
sm_86 8 6 48 102400 101376 72 32768 256 1
sm_86 8 6 48 102400 101376 72 32768 384 0
sm_86 8 6 48 102400 101376 72 32768 384 1
sm_86 8 6 48 102400 101376 72 32768 512 0
sm_86 8 6 48 102400 101376 72 32768 512 1
sm_86 8 6 48 102400 101376 72 32768 1024 0
sm_86 8 6 48 102400 101376 72 32768 1024 1
sm_86 8 6 48 102400 101376 72 49152 32 0
sm_86 8 6 48 102400 101376 72 49152 32 1
sm_86 8 6 48 102400 101376 72 49152 96 0
sm_86 8 6 48 102400 101376 72 49152 96 1
sm_86 8 6 48 102400 101376 72 49152 128 0
sm_86 8 6 48 102400 101376 72 49152 128 1
sm_86 8 6 48 102400 101376 72 49152 256 0
sm_86 8 6 48 102400 101376 72 49152 256 1
sm_86 8 6 48 102400 101376 72 49152 384 0
sm_86 8 6 48 102400 101376 72 49152 384 1
sm_86 8 6 48 102400 101376 72 49152 512 0
sm_86 8 6 48 102400 101376 72 49152 512 1
sm_86 8 6 48 102400 101376 72 49152 1024 0
sm_86 8 6 48 102400 101376 72 49152 1024 1
sm_86 8 6 48 102400 101376 72 98304 32 0
sm_86 8 6 48 102400 101376 72 98304 32 1
sm_86 8 6 48 102400 101376 72 98304 96 0
sm_86 8 6 48 102400 101376 72 98304 96 1
sm_86 8 6 48 102400 101376 72 98304 128 0
sm_86 8 6 48 102400 101376 72 98304 128 1
sm_86 8 6 48 102400 101376 72 98304 256 0
sm_86 8 6 48 102400 101376 72 98304 256 1
sm_86 8 6 48 102400 101376 72 98304 384 0
sm_86 8 6 48 102400 101376 72 98304 384 1
sm_86 8 6 48 102400 101376 72 98304 512 0
sm_86 8 6 48 102400 101376 72 98304 512 1
sm_86 8 6 48 102400 101376 72 98304 1024 0
sm_86 8 6 48 102400 101376 72 98304 1024 1
sm_86 8 6 48 102400 101376 72 200000 32 0
sm_86 8 6 48 102400 101376 72 200000 32 1
sm_86 8 6 48 102400 101376 72 200000 96 0
sm_86 8 6 48 102400 101376 72 200000 96 1
sm_86 8 6 48 102400 101376 72 200000 128 0
sm_86 8 6 48 102400 101376 72 200000 128 1
sm_86 8 6 48 102400 101376 72 200000 256 0
sm_86 8 6 48 102400 101376 72 200000 256 1
sm_86 8 6 48 102400 101376 72 200000 384 0
sm_86 8 6 48 102400 101376 72 200000 384 1
sm_86 8 6 48 102400 101376 72 200000 512 0
sm_86 8 6 48 102400 101376 72 200000 512 1
sm_86 8 6 48 102400 101376 72 200000 1024 0
sm_86 8 6 48 102400 101376 72 200000 1024 1
sm_86 8 6 48 102400 101376 96 0 32 0
sm_86 8 6 48 102400 101376 96 0 32 1
sm_86 8 6 48 102400 101376 96 0 96 0
sm_86 8 6 48 102400 101376 96 0 96 1
sm_86 8 6 48 102400 101376 96 0 128 0
sm_86 8 6 48 102400 101376 96 0 128 1
sm_86 8 6 48 102400 101376 96 0 256 0
sm_86 8 6 48 102400 101376 96 0 256 1
sm_86 8 6 48 102400 101376 96 0 384 0
sm_86 8 6 48 102400 101376 96 0 384 1
sm_86 8 6 48 102400 101376 96 0 512 0
sm_86 8 6 48 102400 101376 96 0 512 1
sm_86 8 6 48 102400 101376 96 0 1024 0
sm_86 8 6 48 102400 101376 96 0 1024 1
sm_86 8 6 48 102400 101376 96 128 32 0
sm_86 8 6 48 102400 101376 96 128 32 1
sm_86 8 6 48 102400 101376 96 128 96 0
sm_86 8 6 48 102400 101376 96 128 96 1
sm_86 8 6 48 102400 101376 96 128 128 0
sm_86 8 6 48 102400 101376 96 128 128 1
sm_86 8 6 48 102400 101376 96 128 256 0
sm_86 8 6 48 102400 101376 96 128 256 1
sm_86 8 6 48 102400 101376 96 128 384 0
sm_86 8 6 48 102400 101376 96 128 384 1
sm_86 8 6 48 102400 101376 96 128 512 0
sm_86 8 6 48 102400 101376 96 128 512 1
sm_86 8 6 48 102400 101376 96 128 1024 0
sm_86 8 6 48 102400 101376 96 128 1024 1
sm_86 8 6 48 102400 101376 96 8192 32 0
sm_86 8 6 48 102400 101376 96 8192 32 1
sm_86 8 6 48 102400 101376 96 8192 96 0
sm_86 8 6 48 102400 101376 96 8192 96 1
sm_86 8 6 48 102400 101376 96 8192 128 0
sm_86 8 6 48 102400 101376 96 8192 128 1
sm_86 8 6 48 102400 101376 96 8192 256 0
sm_86 8 6 48 102400 101376 96 8192 256 1
sm_86 8 6 48 102400 101376 96 8192 384 0
sm_86 8 6 48 102400 101376 96 8192 384 1
sm_86 8 6 48 102400 101376 96 8192 512 0
sm_86 8 6 48 102400 101376 96 8192 512 1
sm_86 8 6 48 102400 101376 96 8192 1024 0
sm_86 8 6 48 102400 101376 96 8192 1024 1
sm_86 8 6 48 102400 101376 96 32768 32 0
sm_86 8 6 48 102400 101376 96 32768 32 1
sm_86 8 6 48 102400 101376 96 32768 96 0
sm_86 8 6 48 102400 101376 96 32768 96 1
sm_86 8 6 48 102400 101376 96 32768 128 0
sm_86 8 6 48 102400 101376 96 32768 128 1
sm_86 8 6 48 102400 101376 96 32768 256 0
sm_86 8 6 48 102400 101376 96 32768 256 1
sm_86 8 6 48 102400 101376 96 32768 384 0
sm_86 8 6 48 102400 101376 96 32768 384 1
sm_86 8 6 48 102400 101376 96 32768 512 0
sm_86 8 6 48 102400 101376 96 32768 512 1
sm_86 8 6 48 102400 101376 96 32768 1024 0
sm_86 8 6 48 102400 101376 96 32768 1024 1
sm_86 8 6 48 102400 101376 96 49152 32 0
sm_86 8 6 48 102400 101376 96 49152 32 1
sm_86 8 6 48 102400 101376 96 49152 96 0
sm_86 8 6 48 102400 101376 96 49152 96 1
sm_86 8 6 48 102400 101376 96 49152 128 0
sm_86 8 6 48 102400 101376 96 49152 128 1
sm_86 8 6 48 102400 101376 96 49152 256 0
sm_86 8 6 48 102400 101376 96 49152 256 1
sm_86 8 6 48 102400 101376 96 49152 384 0
sm_86 8 6 48 102400 101376 96 49152 384 1
sm_86 8 6 48 102400 101376 96 49152 512 0
sm_86 8 6 48 102400 101376 96 49152 512 1
sm_86 8 6 48 102400 101376 96 49152 1024 0
sm_86 8 6 48 102400 101376 96 49152 1024 1
sm_86 8 6 48 102400 101376 96 98304 32 0
sm_86 8 6 48 102400 101376 96 98304 32 1
sm_86 8 6 48 102400 101376 96 98304 96 0
sm_86 8 6 48 102400 101376 96 98304 96 1
sm_86 8 6 48 102400 101376 96 98304 128 0
sm_86 8 6 48 102400 101376 96 98304 128 1
sm_86 8 6 48 102400 101376 96 98304 256 0
sm_86 8 6 48 102400 101376 96 98304 256 1
sm_86 8 6 48 102400 101376 96 98304 384 0
sm_86 8 6 48 102400 101376 96 98304 384 1
sm_86 8 6 48 102400 101376 96 98304 512 0
sm_86 8 6 48 102400 101376 96 98304 512 1
sm_86 8 6 48 102400 101376 96 98304 1024 0
sm_86 8 6 48 102400 101376 96 98304 1024 1
sm_86 8 6 48 102400 101376 96 200000 32 0
sm_86 8 6 48 102400 101376 96 200000 32 1
sm_86 8 6 48 102400 101376 96 200000 96 0
sm_86 8 6 48 102400 101376 96 200000 96 1
sm_86 8 6 48 102400 101376 96 200000 128 0
sm_86 8 6 48 102400 101376 96 200000 128 1
sm_86 8 6 48 102400 101376 96 200000 256 0
sm_86 8 6 48 102400 101376 96 200000 256 1
sm_86 8 6 48 102400 101376 96 200000 384 0
sm_86 8 6 48 102400 101376 96 200000 384 1
sm_86 8 6 48 102400 101376 96 200000 512 0
sm_86 8 6 48 102400 101376 96 200000 512 1
sm_86 8 6 48 102400 101376 96 200000 1024 0
sm_86 8 6 48 102400 101376 96 200000 1024 1
sm_86 8 6 48 102400 101376 128 0 32 0
sm_86 8 6 48 102400 101376 128 0 32 1
sm_86 8 6 48 102400 101376 128 0 96 0
sm_86 8 6 48 102400 101376 128 0 96 1
sm_86 8 6 48 102400 101376 128 0 128 0
sm_86 8 6 48 102400 101376 128 0 128 1
sm_86 8 6 48 102400 101376 128 0 256 0
sm_86 8 6 48 102400 101376 128 0 256 1
sm_86 8 6 48 102400 101376 128 0 384 0
sm_86 8 6 48 102400 101376 128 0 384 1
sm_86 8 6 48 102400 101376 128 0 512 0
sm_86 8 6 48 102400 101376 128 0 512 1
sm_86 8 6 48 102400 101376 128 0 1024 0
sm_86 8 6 48 102400 101376 128 0 1024 1
sm_86 8 6 48 102400 101376 128 128 32 0
sm_86 8 6 48 102400 101376 128 128 32 1
sm_86 8 6 48 102400 101376 128 128 96 0
sm_86 8 6 48 102400 101376 128 128 96 1
sm_86 8 6 48 102400 101376 128 128 128 0
sm_86 8 6 48 102400 101376 128 128 128 1
sm_86 8 6 48 102400 101376 128 128 256 0
sm_86 8 6 48 102400 101376 128 128 256 1
sm_86 8 6 48 102400 101376 128 128 384 0
sm_86 8 6 48 102400 101376 128 128 384 1
sm_86 8 6 48 102400 101376 128 128 512 0
sm_86 8 6 48 102400 101376 128 128 512 1
sm_86 8 6 48 102400 101376 128 128 1024 0
sm_86 8 6 48 102400 101376 128 128 1024 1
sm_86 8 6 48 102400 101376 128 8192 32 0
sm_86 8 6 48 102400 101376 128 8192 32 1
sm_86 8 6 48 102400 101376 128 8192 96 0
sm_86 8 6 48 102400 101376 128 8192 96 1
sm_86 8 6 48 102400 101376 128 8192 128 0
sm_86 8 6 48 102400 101376 128 8192 128 1
sm_86 8 6 48 102400 101376 128 8192 256 0
sm_86 8 6 48 102400 101376 128 8192 256 1
sm_86 8 6 48 102400 101376 128 8192 384 0
sm_86 8 6 48 102400 101376 128 8192 384 1
sm_86 8 6 48 102400 101376 128 8192 512 0
sm_86 8 6 48 102400 101376 128 8192 512 1
sm_86 8 6 48 102400 101376 128 8192 1024 0
sm_86 8 6 48 102400 101376 128 8192 1024 1
sm_86 8 6 48 102400 101376 128 32768 32 0
sm_86 8 6 48 102400 101376 128 32768 32 1
sm_86 8 6 48 102400 101376 128 32768 96 0
sm_86 8 6 48 102400 101376 128 32768 96 1
sm_86 8 6 48 102400 101376 128 32768 128 0
sm_86 8 6 48 102400 101376 128 32768 128 1
sm_86 8 6 48 102400 101376 128 32768 256 0
sm_86 8 6 48 102400 101376 128 32768 256 1
sm_86 8 6 48 102400 101376 128 32768 384 0
sm_86 8 6 48 102400 101376 128 32768 384 1
sm_86 8 6 48 102400 101376 128 32768 512 0
sm_86 8 6 48 102400 101376 128 32768 512 1
sm_86 8 6 48 102400 101376 128 32768 1024 0
sm_86 8 6 48 102400 101376 128 32768 1024 1
sm_86 8 6 48 102400 101376 128 49152 32 0
sm_86 8 6 48 102400 101376 128 49152 32 1
sm_86 8 6 48 102400 101376 128 49152 96 0
sm_86 8 6 48 102400 101376 128 49152 96 1
sm_86 8 6 48 102400 101376 128 49152 128 0
sm_86 8 6 48 102400 101376 128 49152 128 1
sm_86 8 6 48 102400 101376 128 49152 256 0
sm_86 8 6 48 102400 101376 128 49152 256 1
sm_86 8 6 48 102400 101376 128 49152 384 0
sm_86 8 6 48 102400 101376 128 49152 384 1
sm_86 8 6 48 102400 101376 128 49152 512 0
sm_86 8 6 48 102400 101376 128 49152 512 1
sm_86 8 6 48 102400 101376 128 49152 1024 0
sm_86 8 6 48 102400 101376 128 49152 1024 1
sm_86 8 6 48 102400 101376 128 98304 32 0
sm_86 8 6 48 102400 101376 128 98304 32 1
sm_86 8 6 48 102400 101376 128 98304 96 0
sm_86 8 6 48 102400 101376 128 98304 96 1
sm_86 8 6 48 102400 101376 128 98304 128 0
sm_86 8 6 48 102400 101376 128 98304 128 1
sm_86 8 6 48 102400 101376 128 98304 256 0
sm_86 8 6 48 102400 101376 128 98304 256 1
sm_86 8 6 48 102400 101376 128 98304 384 0
sm_86 8 6 48 102400 101376 128 98304 384 1
sm_86 8 6 48 102400 101376 128 98304 512 0
sm_86 8 6 48 102400 101376 128 98304 512 1
sm_86 8 6 48 102400 101376 128 98304 1024 0
sm_86 8 6 48 102400 101376 128 98304 1024 1
sm_86 8 6 48 102400 101376 128 200000 32 0
sm_86 8 6 48 102400 101376 128 200000 32 1
sm_86 8 6 48 102400 101376 128 200000 96 0
sm_86 8 6 48 102400 101376 128 200000 96 1
sm_86 8 6 48 102400 101376 128 200000 128 0
sm_86 8 6 48 102400 101376 128 200000 128 1
sm_86 8 6 48 102400 101376 128 200000 256 0
sm_86 8 6 48 102400 101376 128 200000 256 1
sm_86 8 6 48 102400 101376 128 200000 384 0
sm_86 8 6 48 102400 101376 128 200000 384 1
sm_86 8 6 48 102400 101376 128 200000 512 0
sm_86 8 6 48 102400 101376 128 200000 512 1
sm_86 8 6 48 102400 101376 128 200000 1024 0
sm_86 8 6 48 102400 101376 128 200000 1024 1
sm_86 8 6 48 102400 101376 168 0 32 0
sm_86 8 6 48 102400 101376 168 0 32 1
sm_86 8 6 48 102400 101376 168 0 96 0
sm_86 8 6 48 102400 101376 168 0 96 1
sm_86 8 6 48 102400 101376 168 0 128 0
sm_86 8 6 48 102400 101376 168 0 128 1
sm_86 8 6 48 102400 101376 168 0 256 0
sm_86 8 6 48 102400 101376 168 0 256 1
sm_86 8 6 48 102400 101376 168 0 384 0
sm_86 8 6 48 102400 101376 168 0 384 1
sm_86 8 6 48 102400 101376 168 0 512 0
sm_86 8 6 48 102400 101376 168 0 512 1
sm_86 8 6 48 102400 101376 168 0 1024 0
sm_86 8 6 48 102400 101376 168 0 1024 1
sm_86 8 6 48 102400 101376 168 128 32 0
sm_86 8 6 48 102400 101376 168 128 32 1
sm_86 8 6 48 102400 101376 168 128 96 0
sm_86 8 6 48 102400 101376 168 128 96 1
sm_86 8 6 48 102400 101376 168 128 128 0
sm_86 8 6 48 102400 101376 168 128 128 1
sm_86 8 6 48 102400 101376 168 128 256 0
sm_86 8 6 48 102400 101376 168 128 256 1
sm_86 8 6 48 102400 101376 168 128 384 0
sm_86 8 6 48 102400 101376 168 128 384 1
sm_86 8 6 48 102400 101376 168 128 512 0
sm_86 8 6 48 102400 101376 168 128 512 1
sm_86 8 6 48 102400 101376 168 128 1024 0
sm_86 8 6 48 102400 101376 168 128 1024 1
sm_86 8 6 48 102400 101376 168 8192 32 0
sm_86 8 6 48 102400 101376 168 8192 32 1
sm_86 8 6 48 102400 101376 168 8192 96 0
sm_86 8 6 48 102400 101376 168 8192 96 1
sm_86 8 6 48 102400 101376 168 8192 128 0
sm_86 8 6 48 102400 101376 168 8192 128 1
sm_86 8 6 48 102400 101376 168 8192 256 0
sm_86 8 6 48 102400 101376 168 8192 256 1
sm_86 8 6 48 102400 101376 168 8192 384 0
sm_86 8 6 48 102400 101376 168 8192 384 1
sm_86 8 6 48 102400 101376 168 8192 512 0
sm_86 8 6 48 102400 101376 168 8192 512 1
sm_86 8 6 48 102400 101376 168 8192 1024 0
sm_86 8 6 48 102400 101376 168 8192 1024 1
sm_86 8 6 48 102400 101376 168 32768 32 0
sm_86 8 6 48 102400 101376 168 32768 32 1
sm_86 8 6 48 102400 101376 168 32768 96 0
sm_86 8 6 48 102400 101376 168 32768 96 1
sm_86 8 6 48 102400 101376 168 32768 128 0
sm_86 8 6 48 102400 101376 168 32768 128 1
sm_86 8 6 48 102400 101376 168 32768 256 0
sm_86 8 6 48 102400 101376 168 32768 256 1
sm_86 8 6 48 102400 101376 168 32768 384 0
sm_86 8 6 48 102400 101376 168 32768 384 1
sm_86 8 6 48 102400 101376 168 32768 512 0
sm_86 8 6 48 102400 101376 168 32768 512 1
sm_86 8 6 48 102400 101376 168 32768 1024 0
sm_86 8 6 48 102400 101376 168 32768 1024 1
sm_86 8 6 48 102400 101376 168 49152 32 0
sm_86 8 6 48 102400 101376 168 49152 32 1
sm_86 8 6 48 102400 101376 168 49152 96 0
sm_86 8 6 48 102400 101376 168 49152 96 1
sm_86 8 6 48 102400 101376 168 49152 128 0
sm_86 8 6 48 102400 101376 168 49152 128 1
sm_86 8 6 48 102400 101376 168 49152 256 0
sm_86 8 6 48 102400 101376 168 49152 256 1
sm_86 8 6 48 102400 101376 168 49152 384 0
sm_86 8 6 48 102400 101376 168 49152 384 1
sm_86 8 6 48 102400 101376 168 49152 512 0
sm_86 8 6 48 102400 101376 168 49152 512 1
sm_86 8 6 48 102400 101376 168 49152 1024 0
sm_86 8 6 48 102400 101376 168 49152 1024 1
sm_86 8 6 48 102400 101376 168 98304 32 0
sm_86 8 6 48 102400 101376 168 98304 32 1
sm_86 8 6 48 102400 101376 168 98304 96 0
sm_86 8 6 48 102400 101376 168 98304 96 1
sm_86 8 6 48 102400 101376 168 98304 128 0
sm_86 8 6 48 102400 101376 168 98304 128 1
sm_86 8 6 48 102400 101376 168 98304 256 0
sm_86 8 6 48 102400 101376 168 98304 256 1
sm_86 8 6 48 102400 101376 168 98304 384 0
sm_86 8 6 48 102400 101376 168 98304 384 1
sm_86 8 6 48 102400 101376 168 98304 512 0
sm_86 8 6 48 102400 101376 168 98304 512 1
sm_86 8 6 48 102400 101376 168 98304 1024 0
sm_86 8 6 48 102400 101376 168 98304 1024 1
sm_86 8 6 48 102400 101376 168 200000 32 0
sm_86 8 6 48 102400 101376 168 200000 32 1
sm_86 8 6 48 102400 101376 168 200000 96 0
sm_86 8 6 48 102400 101376 168 200000 96 1
sm_86 8 6 48 102400 101376 168 200000 128 0
sm_86 8 6 48 102400 101376 168 200000 128 1
sm_86 8 6 48 102400 101376 168 200000 256 0
sm_86 8 6 48 102400 101376 168 200000 256 1
sm_86 8 6 48 102400 101376 168 200000 384 0
sm_86 8 6 48 102400 101376 168 200000 384 1
sm_86 8 6 48 102400 101376 168 200000 512 0
sm_86 8 6 48 102400 101376 168 200000 512 1
sm_86 8 6 48 102400 101376 168 200000 1024 0
sm_86 8 6 48 102400 101376 168 200000 1024 1
sm_86 8 6 48 102400 101376 255 0 32 0
sm_86 8 6 48 102400 101376 255 0 32 1
sm_86 8 6 48 102400 101376 255 0 96 0
sm_86 8 6 48 102400 101376 255 0 96 1
sm_86 8 6 48 102400 101376 255 0 128 0
sm_86 8 6 48 102400 101376 255 0 128 1
sm_86 8 6 48 102400 101376 255 0 256 0
sm_86 8 6 48 102400 101376 255 0 256 1
sm_86 8 6 48 102400 101376 255 0 384 0
sm_86 8 6 48 102400 101376 255 0 384 1
sm_86 8 6 48 102400 101376 255 0 512 0
sm_86 8 6 48 102400 101376 255 0 512 1
sm_86 8 6 48 102400 101376 255 0 1024 0
sm_86 8 6 48 102400 101376 255 0 1024 1
sm_86 8 6 48 102400 101376 255 128 32 0
sm_86 8 6 48 102400 101376 255 128 32 1
sm_86 8 6 48 102400 101376 255 128 96 0
sm_86 8 6 48 102400 101376 255 128 96 1
sm_86 8 6 48 102400 101376 255 128 128 0
sm_86 8 6 48 102400 101376 255 128 128 1
sm_86 8 6 48 102400 101376 255 128 256 0
sm_86 8 6 48 102400 101376 255 128 256 1
sm_86 8 6 48 102400 101376 255 128 384 0
sm_86 8 6 48 102400 101376 255 128 384 1
sm_86 8 6 48 102400 101376 255 128 512 0
sm_86 8 6 48 102400 101376 255 128 512 1
sm_86 8 6 48 102400 101376 255 128 1024 0
sm_86 8 6 48 102400 101376 255 128 1024 1
sm_86 8 6 48 102400 101376 255 8192 32 0
sm_86 8 6 48 102400 101376 255 8192 32 1
sm_86 8 6 48 102400 101376 255 8192 96 0
sm_86 8 6 48 102400 101376 255 8192 96 1
sm_86 8 6 48 102400 101376 255 8192 128 0
sm_86 8 6 48 102400 101376 255 8192 128 1
sm_86 8 6 48 102400 101376 255 8192 256 0
sm_86 8 6 48 102400 101376 255 8192 256 1
sm_86 8 6 48 102400 101376 255 8192 384 0
sm_86 8 6 48 102400 101376 255 8192 384 1
sm_86 8 6 48 102400 101376 255 8192 512 0
sm_86 8 6 48 102400 101376 255 8192 512 1
sm_86 8 6 48 102400 101376 255 8192 1024 0
sm_86 8 6 48 102400 101376 255 8192 1024 1
sm_86 8 6 48 102400 101376 255 32768 32 0
sm_86 8 6 48 102400 101376 255 32768 32 1
sm_86 8 6 48 102400 101376 255 32768 96 0
sm_86 8 6 48 102400 101376 255 32768 96 1
sm_86 8 6 48 102400 101376 255 32768 128 0
sm_86 8 6 48 102400 101376 255 32768 128 1
sm_86 8 6 48 102400 101376 255 32768 256 0
sm_86 8 6 48 102400 101376 255 32768 256 1
sm_86 8 6 48 102400 101376 255 32768 384 0
sm_86 8 6 48 102400 101376 255 32768 384 1
sm_86 8 6 48 102400 101376 255 32768 512 0
sm_86 8 6 48 102400 101376 255 32768 512 1
sm_86 8 6 48 102400 101376 255 32768 1024 0
sm_86 8 6 48 102400 101376 255 32768 1024 1
sm_86 8 6 48 102400 101376 255 49152 32 0
sm_86 8 6 48 102400 101376 255 49152 32 1
sm_86 8 6 48 102400 101376 255 49152 96 0
sm_86 8 6 48 102400 101376 255 49152 96 1
sm_86 8 6 48 102400 101376 255 49152 128 0
sm_86 8 6 48 102400 101376 255 49152 128 1
sm_86 8 6 48 102400 101376 255 49152 256 0
sm_86 8 6 48 102400 101376 255 49152 256 1
sm_86 8 6 48 102400 101376 255 49152 384 0
sm_86 8 6 48 102400 101376 255 49152 384 1
sm_86 8 6 48 102400 101376 255 49152 512 0
sm_86 8 6 48 102400 101376 255 49152 512 1
sm_86 8 6 48 102400 101376 255 49152 1024 0
sm_86 8 6 48 102400 101376 255 49152 1024 1
sm_86 8 6 48 102400 101376 255 98304 32 0
sm_86 8 6 48 102400 101376 255 98304 32 1
sm_86 8 6 48 102400 101376 255 98304 96 0
sm_86 8 6 48 102400 101376 255 98304 96 1
sm_86 8 6 48 102400 101376 255 98304 128 0
sm_86 8 6 48 102400 101376 255 98304 128 1
sm_86 8 6 48 102400 101376 255 98304 256 0
sm_86 8 6 48 102400 101376 255 98304 256 1
sm_86 8 6 48 102400 101376 255 98304 384 0
sm_86 8 6 48 102400 101376 255 98304 384 1
sm_86 8 6 48 102400 101376 255 98304 512 0
sm_86 8 6 48 102400 101376 255 98304 512 1
sm_86 8 6 48 102400 101376 255 98304 1024 0
sm_86 8 6 48 102400 101376 255 98304 1024 1
sm_86 8 6 48 102400 101376 255 200000 32 0
sm_86 8 6 48 102400 101376 255 200000 32 1
sm_86 8 6 48 102400 101376 255 200000 96 0
sm_86 8 6 48 102400 101376 255 200000 96 1
sm_86 8 6 48 102400 101376 255 200000 128 0
sm_86 8 6 48 102400 101376 255 200000 128 1
sm_86 8 6 48 102400 101376 255 200000 256 0
sm_86 8 6 48 102400 101376 255 200000 256 1
sm_86 8 6 48 102400 101376 255 200000 384 0
sm_86 8 6 48 102400 101376 255 200000 384 1
sm_86 8 6 48 102400 101376 255 200000 512 0
sm_86 8 6 48 102400 101376 255 200000 512 1
sm_86 8 6 48 102400 101376 255 200000 1024 0
sm_86 8 6 48 102400 101376 255 200000 1024 1
sm_89 8 9 48 102400 101376 16 0 32 0
sm_89 8 9 48 102400 101376 16 0 32 1
sm_89 8 9 48 102400 101376 16 0 96 0
sm_89 8 9 48 102400 101376 16 0 96 1
sm_89 8 9 48 102400 101376 16 0 128 0
sm_89 8 9 48 102400 101376 16 0 128 1
sm_89 8 9 48 102400 101376 16 0 256 0
sm_89 8 9 48 102400 101376 16 0 256 1
sm_89 8 9 48 102400 101376 16 0 384 0
sm_89 8 9 48 102400 101376 16 0 384 1
sm_89 8 9 48 102400 101376 16 0 512 0
sm_89 8 9 48 102400 101376 16 0 512 1
sm_89 8 9 48 102400 101376 16 0 1024 0
sm_89 8 9 48 102400 101376 16 0 1024 1
sm_89 8 9 48 102400 101376 16 128 32 0
sm_89 8 9 48 102400 101376 16 128 32 1
sm_89 8 9 48 102400 101376 16 128 96 0
sm_89 8 9 48 102400 101376 16 128 96 1
sm_89 8 9 48 102400 101376 16 128 128 0
sm_89 8 9 48 102400 101376 16 128 128 1
sm_89 8 9 48 102400 101376 16 128 256 0
sm_89 8 9 48 102400 101376 16 128 256 1
sm_89 8 9 48 102400 101376 16 128 384 0
sm_89 8 9 48 102400 101376 16 128 384 1
sm_89 8 9 48 102400 101376 16 128 512 0
sm_89 8 9 48 102400 101376 16 128 512 1
sm_89 8 9 48 102400 101376 16 128 1024 0
sm_89 8 9 48 102400 101376 16 128 1024 1
sm_89 8 9 48 102400 101376 16 8192 32 0
sm_89 8 9 48 102400 101376 16 8192 32 1
sm_89 8 9 48 102400 101376 16 8192 96 0
sm_89 8 9 48 102400 101376 16 8192 96 1
sm_89 8 9 48 102400 101376 16 8192 128 0
sm_89 8 9 48 102400 101376 16 8192 128 1
sm_89 8 9 48 102400 101376 16 8192 256 0
sm_89 8 9 48 102400 101376 16 8192 256 1
sm_89 8 9 48 102400 101376 16 8192 384 0
sm_89 8 9 48 102400 101376 16 8192 384 1
sm_89 8 9 48 102400 101376 16 8192 512 0
sm_89 8 9 48 102400 101376 16 8192 512 1
sm_89 8 9 48 102400 101376 16 8192 1024 0
sm_89 8 9 48 102400 101376 16 8192 1024 1
sm_89 8 9 48 102400 101376 16 32768 32 0
sm_89 8 9 48 102400 101376 16 32768 32 1
sm_89 8 9 48 102400 101376 16 32768 96 0
sm_89 8 9 48 102400 101376 16 32768 96 1
sm_89 8 9 48 102400 101376 16 32768 128 0
sm_89 8 9 48 102400 101376 16 32768 128 1
sm_89 8 9 48 102400 101376 16 32768 256 0
sm_89 8 9 48 102400 101376 16 32768 256 1
sm_89 8 9 48 102400 101376 16 32768 384 0
sm_89 8 9 48 102400 101376 16 32768 384 1
sm_89 8 9 48 102400 101376 16 32768 512 0
sm_89 8 9 48 102400 101376 16 32768 512 1
sm_89 8 9 48 102400 101376 16 32768 1024 0
sm_89 8 9 48 102400 101376 16 32768 1024 1
sm_89 8 9 48 102400 101376 16 49152 32 0
sm_89 8 9 48 102400 101376 16 49152 32 1
sm_89 8 9 48 102400 101376 16 49152 96 0
sm_89 8 9 48 102400 101376 16 49152 96 1
sm_89 8 9 48 102400 101376 16 49152 128 0
sm_89 8 9 48 102400 101376 16 49152 128 1
sm_89 8 9 48 102400 101376 16 49152 256 0
sm_89 8 9 48 102400 101376 16 49152 256 1
sm_89 8 9 48 102400 101376 16 49152 384 0
sm_89 8 9 48 102400 101376 16 49152 384 1
sm_89 8 9 48 102400 101376 16 49152 512 0
sm_89 8 9 48 102400 101376 16 49152 512 1
sm_89 8 9 48 102400 101376 16 49152 1024 0
sm_89 8 9 48 102400 101376 16 49152 1024 1
sm_89 8 9 48 102400 101376 16 98304 32 0
sm_89 8 9 48 102400 101376 16 98304 32 1
sm_89 8 9 48 102400 101376 16 98304 96 0
sm_89 8 9 48 102400 101376 16 98304 96 1
sm_89 8 9 48 102400 101376 16 98304 128 0
sm_89 8 9 48 102400 101376 16 98304 128 1
sm_89 8 9 48 102400 101376 16 98304 256 0
sm_89 8 9 48 102400 101376 16 98304 256 1
sm_89 8 9 48 102400 101376 16 98304 384 0
sm_89 8 9 48 102400 101376 16 98304 384 1
sm_89 8 9 48 102400 101376 16 98304 512 0
sm_89 8 9 48 102400 101376 16 98304 512 1
sm_89 8 9 48 102400 101376 16 98304 1024 0
sm_89 8 9 48 102400 101376 16 98304 1024 1
sm_89 8 9 48 102400 101376 16 200000 32 0
sm_89 8 9 48 102400 101376 16 200000 32 1
sm_89 8 9 48 102400 101376 16 200000 96 0
sm_89 8 9 48 102400 101376 16 200000 96 1
sm_89 8 9 48 102400 101376 16 200000 128 0
sm_89 8 9 48 102400 101376 16 200000 128 1
sm_89 8 9 48 102400 101376 16 200000 256 0
sm_89 8 9 48 102400 101376 16 200000 256 1
sm_89 8 9 48 102400 101376 16 200000 384 0
sm_89 8 9 48 102400 101376 16 200000 384 1
sm_89 8 9 48 102400 101376 16 200000 512 0
sm_89 8 9 48 102400 101376 16 200000 512 1
sm_89 8 9 48 102400 101376 16 200000 1024 0
sm_89 8 9 48 102400 101376 16 200000 1024 1
sm_89 8 9 48 102400 101376 32 0 32 0
sm_89 8 9 48 102400 101376 32 0 32 1
sm_89 8 9 48 102400 101376 32 0 96 0
sm_89 8 9 48 102400 101376 32 0 96 1
sm_89 8 9 48 102400 101376 32 0 128 0
sm_89 8 9 48 102400 101376 32 0 128 1
sm_89 8 9 48 102400 101376 32 0 256 0
sm_89 8 9 48 102400 101376 32 0 256 1
sm_89 8 9 48 102400 101376 32 0 384 0
sm_89 8 9 48 102400 101376 32 0 384 1
sm_89 8 9 48 102400 101376 32 0 512 0
sm_89 8 9 48 102400 101376 32 0 512 1
sm_89 8 9 48 102400 101376 32 0 1024 0
sm_89 8 9 48 102400 101376 32 0 1024 1
sm_89 8 9 48 102400 101376 32 128 32 0
sm_89 8 9 48 102400 101376 32 128 32 1
sm_89 8 9 48 102400 101376 32 128 96 0
sm_89 8 9 48 102400 101376 32 128 96 1
sm_89 8 9 48 102400 101376 32 128 128 0
sm_89 8 9 48 102400 101376 32 128 128 1
sm_89 8 9 48 102400 101376 32 128 256 0
sm_89 8 9 48 102400 101376 32 128 256 1
sm_89 8 9 48 102400 101376 32 128 384 0
sm_89 8 9 48 102400 101376 32 128 384 1
sm_89 8 9 48 102400 101376 32 128 512 0
sm_89 8 9 48 102400 101376 32 128 512 1
sm_89 8 9 48 102400 101376 32 128 1024 0
sm_89 8 9 48 102400 101376 32 128 1024 1
sm_89 8 9 48 102400 101376 32 8192 32 0
sm_89 8 9 48 102400 101376 32 8192 32 1
sm_89 8 9 48 102400 101376 32 8192 96 0
sm_89 8 9 48 102400 101376 32 8192 96 1
sm_89 8 9 48 102400 101376 32 8192 128 0
sm_89 8 9 48 102400 101376 32 8192 128 1
sm_89 8 9 48 102400 101376 32 8192 256 0
sm_89 8 9 48 102400 101376 32 8192 256 1
sm_89 8 9 48 102400 101376 32 8192 384 0
sm_89 8 9 48 102400 101376 32 8192 384 1
sm_89 8 9 48 102400 101376 32 8192 512 0
sm_89 8 9 48 102400 101376 32 8192 512 1
sm_89 8 9 48 102400 101376 32 8192 1024 0
sm_89 8 9 48 102400 101376 32 8192 1024 1
sm_89 8 9 48 102400 101376 32 32768 32 0
sm_89 8 9 48 102400 101376 32 32768 32 1
sm_89 8 9 48 102400 101376 32 32768 96 0
sm_89 8 9 48 102400 101376 32 32768 96 1
sm_89 8 9 48 102400 101376 32 32768 128 0
sm_89 8 9 48 102400 101376 32 32768 128 1
sm_89 8 9 48 102400 101376 32 32768 256 0
sm_89 8 9 48 102400 101376 32 32768 256 1
sm_89 8 9 48 102400 101376 32 32768 384 0
sm_89 8 9 48 102400 101376 32 32768 384 1
sm_89 8 9 48 102400 101376 32 32768 512 0
sm_89 8 9 48 102400 101376 32 32768 512 1
sm_89 8 9 48 102400 101376 32 32768 1024 0
sm_89 8 9 48 102400 101376 32 32768 1024 1
sm_89 8 9 48 102400 101376 32 49152 32 0
sm_89 8 9 48 102400 101376 32 49152 32 1
sm_89 8 9 48 102400 101376 32 49152 96 0
sm_89 8 9 48 102400 101376 32 49152 96 1
sm_89 8 9 48 102400 101376 32 49152 128 0
sm_89 8 9 48 102400 101376 32 49152 128 1
sm_89 8 9 48 102400 101376 32 49152 256 0
sm_89 8 9 48 102400 101376 32 49152 256 1
sm_89 8 9 48 102400 101376 32 49152 384 0
sm_89 8 9 48 102400 101376 32 49152 384 1
sm_89 8 9 48 102400 101376 32 49152 512 0
sm_89 8 9 48 102400 101376 32 49152 512 1
sm_89 8 9 48 102400 101376 32 49152 1024 0
sm_89 8 9 48 102400 101376 32 49152 1024 1
sm_89 8 9 48 102400 101376 32 98304 32 0
sm_89 8 9 48 102400 101376 32 98304 32 1
sm_89 8 9 48 102400 101376 32 98304 96 0
sm_89 8 9 48 102400 101376 32 98304 96 1
sm_89 8 9 48 102400 101376 32 98304 128 0
sm_89 8 9 48 102400 101376 32 98304 128 1
sm_89 8 9 48 102400 101376 32 98304 256 0
sm_89 8 9 48 102400 101376 32 98304 256 1
sm_89 8 9 48 102400 101376 32 98304 384 0
sm_89 8 9 48 102400 101376 32 98304 384 1
sm_89 8 9 48 102400 101376 32 98304 512 0
sm_89 8 9 48 102400 101376 32 98304 512 1
sm_89 8 9 48 102400 101376 32 98304 1024 0
sm_89 8 9 48 102400 101376 32 98304 1024 1
sm_89 8 9 48 102400 101376 32 200000 32 0
sm_89 8 9 48 102400 101376 32 200000 32 1
sm_89 8 9 48 102400 101376 32 200000 96 0
sm_89 8 9 48 102400 101376 32 200000 96 1
sm_89 8 9 48 102400 101376 32 200000 128 0
sm_89 8 9 48 102400 101376 32 200000 128 1
sm_89 8 9 48 102400 101376 32 200000 256 0
sm_89 8 9 48 102400 101376 32 200000 256 1
sm_89 8 9 48 102400 101376 32 200000 384 0
sm_89 8 9 48 102400 101376 32 200000 384 1
sm_89 8 9 48 102400 101376 32 200000 512 0
sm_89 8 9 48 102400 101376 32 200000 512 1
sm_89 8 9 48 102400 101376 32 200000 1024 0
sm_89 8 9 48 102400 101376 32 200000 1024 1
sm_89 8 9 48 102400 101376 40 0 32 0
sm_89 8 9 48 102400 101376 40 0 32 1
sm_89 8 9 48 102400 101376 40 0 96 0
sm_89 8 9 48 102400 101376 40 0 96 1
sm_89 8 9 48 102400 101376 40 0 128 0
sm_89 8 9 48 102400 101376 40 0 128 1
sm_89 8 9 48 102400 101376 40 0 256 0
sm_89 8 9 48 102400 101376 40 0 256 1
sm_89 8 9 48 102400 101376 40 0 384 0
sm_89 8 9 48 102400 101376 40 0 384 1
sm_89 8 9 48 102400 101376 40 0 512 0
sm_89 8 9 48 102400 101376 40 0 512 1
sm_89 8 9 48 102400 101376 40 0 1024 0
sm_89 8 9 48 102400 101376 40 0 1024 1
sm_89 8 9 48 102400 101376 40 128 32 0
sm_89 8 9 48 102400 101376 40 128 32 1
sm_89 8 9 48 102400 101376 40 128 96 0
sm_89 8 9 48 102400 101376 40 128 96 1
sm_89 8 9 48 102400 101376 40 128 128 0
sm_89 8 9 48 102400 101376 40 128 128 1
sm_89 8 9 48 102400 101376 40 128 256 0
sm_89 8 9 48 102400 101376 40 128 256 1
sm_89 8 9 48 102400 101376 40 128 384 0
sm_89 8 9 48 102400 101376 40 128 384 1
sm_89 8 9 48 102400 101376 40 128 512 0
sm_89 8 9 48 102400 101376 40 128 512 1
sm_89 8 9 48 102400 101376 40 128 1024 0
sm_89 8 9 48 102400 101376 40 128 1024 1
sm_89 8 9 48 102400 101376 40 8192 32 0
sm_89 8 9 48 102400 101376 40 8192 32 1
sm_89 8 9 48 102400 101376 40 8192 96 0
sm_89 8 9 48 102400 101376 40 8192 96 1
sm_89 8 9 48 102400 101376 40 8192 128 0
sm_89 8 9 48 102400 101376 40 8192 128 1
sm_89 8 9 48 102400 101376 40 8192 256 0
sm_89 8 9 48 102400 101376 40 8192 256 1
sm_89 8 9 48 102400 101376 40 8192 384 0
sm_89 8 9 48 102400 101376 40 8192 384 1
sm_89 8 9 48 102400 101376 40 8192 512 0
sm_89 8 9 48 102400 101376 40 8192 512 1
sm_89 8 9 48 102400 101376 40 8192 1024 0
sm_89 8 9 48 102400 101376 40 8192 1024 1
sm_89 8 9 48 102400 101376 40 32768 32 0
sm_89 8 9 48 102400 101376 40 32768 32 1
sm_89 8 9 48 102400 101376 40 32768 96 0
sm_89 8 9 48 102400 101376 40 32768 96 1
sm_89 8 9 48 102400 101376 40 32768 128 0
sm_89 8 9 48 102400 101376 40 32768 128 1
sm_89 8 9 48 102400 101376 40 32768 256 0
sm_89 8 9 48 102400 101376 40 32768 256 1
sm_89 8 9 48 102400 101376 40 32768 384 0
sm_89 8 9 48 102400 101376 40 32768 384 1
sm_89 8 9 48 102400 101376 40 32768 512 0
sm_89 8 9 48 102400 101376 40 32768 512 1
sm_89 8 9 48 102400 101376 40 32768 1024 0
sm_89 8 9 48 102400 101376 40 32768 1024 1
sm_89 8 9 48 102400 101376 40 49152 32 0
sm_89 8 9 48 102400 101376 40 49152 32 1
sm_89 8 9 48 102400 101376 40 49152 96 0
sm_89 8 9 48 102400 101376 40 49152 96 1
sm_89 8 9 48 102400 101376 40 49152 128 0
sm_89 8 9 48 102400 101376 40 49152 128 1
sm_89 8 9 48 102400 101376 40 49152 256 0
sm_89 8 9 48 102400 101376 40 49152 256 1
sm_89 8 9 48 102400 101376 40 49152 384 0
sm_89 8 9 48 102400 101376 40 49152 384 1
sm_89 8 9 48 102400 101376 40 49152 512 0
sm_89 8 9 48 102400 101376 40 49152 512 1
sm_89 8 9 48 102400 101376 40 49152 1024 0
sm_89 8 9 48 102400 101376 40 49152 1024 1
sm_89 8 9 48 102400 101376 40 98304 32 0
sm_89 8 9 48 102400 101376 40 98304 32 1
sm_89 8 9 48 102400 101376 40 98304 96 0
sm_89 8 9 48 102400 101376 40 98304 96 1
sm_89 8 9 48 102400 101376 40 98304 128 0
sm_89 8 9 48 102400 101376 40 98304 128 1
sm_89 8 9 48 102400 101376 40 98304 256 0
sm_89 8 9 48 102400 101376 40 98304 256 1
sm_89 8 9 48 102400 101376 40 98304 384 0
sm_89 8 9 48 102400 101376 40 98304 384 1
sm_89 8 9 48 102400 101376 40 98304 512 0
sm_89 8 9 48 102400 101376 40 98304 512 1
sm_89 8 9 48 102400 101376 40 98304 1024 0
sm_89 8 9 48 102400 101376 40 98304 1024 1
sm_89 8 9 48 102400 101376 40 200000 32 0
sm_89 8 9 48 102400 101376 40 200000 32 1
sm_89 8 9 48 102400 101376 40 200000 96 0
sm_89 8 9 48 102400 101376 40 200000 96 1
sm_89 8 9 48 102400 101376 40 200000 128 0
sm_89 8 9 48 102400 101376 40 200000 128 1
sm_89 8 9 48 102400 101376 40 200000 256 0
sm_89 8 9 48 102400 101376 40 200000 256 1
sm_89 8 9 48 102400 101376 40 200000 384 0
sm_89 8 9 48 102400 101376 40 200000 384 1
sm_89 8 9 48 102400 101376 40 200000 512 0
sm_89 8 9 48 102400 101376 40 200000 512 1
sm_89 8 9 48 102400 101376 40 200000 1024 0
sm_89 8 9 48 102400 101376 40 200000 1024 1
sm_89 8 9 48 102400 101376 64 0 32 0
sm_89 8 9 48 102400 101376 64 0 32 1
sm_89 8 9 48 102400 101376 64 0 96 0
sm_89 8 9 48 102400 101376 64 0 96 1
sm_89 8 9 48 102400 101376 64 0 128 0
sm_89 8 9 48 102400 101376 64 0 128 1
sm_89 8 9 48 102400 101376 64 0 256 0
sm_89 8 9 48 102400 101376 64 0 256 1
sm_89 8 9 48 102400 101376 64 0 384 0
sm_89 8 9 48 102400 101376 64 0 384 1
sm_89 8 9 48 102400 101376 64 0 512 0
sm_89 8 9 48 102400 101376 64 0 512 1
sm_89 8 9 48 102400 101376 64 0 1024 0
sm_89 8 9 48 102400 101376 64 0 1024 1
sm_89 8 9 48 102400 101376 64 128 32 0
sm_89 8 9 48 102400 101376 64 128 32 1
sm_89 8 9 48 102400 101376 64 128 96 0
sm_89 8 9 48 102400 101376 64 128 96 1
sm_89 8 9 48 102400 101376 64 128 128 0
sm_89 8 9 48 102400 101376 64 128 128 1
sm_89 8 9 48 102400 101376 64 128 256 0
sm_89 8 9 48 102400 101376 64 128 256 1
sm_89 8 9 48 102400 101376 64 128 384 0
sm_89 8 9 48 102400 101376 64 128 384 1
sm_89 8 9 48 102400 101376 64 128 512 0
sm_89 8 9 48 102400 101376 64 128 512 1
sm_89 8 9 48 102400 101376 64 128 1024 0
sm_89 8 9 48 102400 101376 64 128 1024 1
sm_89 8 9 48 102400 101376 64 8192 32 0
sm_89 8 9 48 102400 101376 64 8192 32 1
sm_89 8 9 48 102400 101376 64 8192 96 0
sm_89 8 9 48 102400 101376 64 8192 96 1
sm_89 8 9 48 102400 101376 64 8192 128 0
sm_89 8 9 48 102400 101376 64 8192 128 1
sm_89 8 9 48 102400 101376 64 8192 256 0
sm_89 8 9 48 102400 101376 64 8192 256 1
sm_89 8 9 48 102400 101376 64 8192 384 0
sm_89 8 9 48 102400 101376 64 8192 384 1
sm_89 8 9 48 102400 101376 64 8192 512 0
sm_89 8 9 48 102400 101376 64 8192 512 1
sm_89 8 9 48 102400 101376 64 8192 1024 0
sm_89 8 9 48 102400 101376 64 8192 1024 1
sm_89 8 9 48 102400 101376 64 32768 32 0
sm_89 8 9 48 102400 101376 64 32768 32 1
sm_89 8 9 48 102400 101376 64 32768 96 0
sm_89 8 9 48 102400 101376 64 32768 96 1
sm_89 8 9 48 102400 101376 64 32768 128 0
sm_89 8 9 48 102400 101376 64 32768 128 1
sm_89 8 9 48 102400 101376 64 32768 256 0
sm_89 8 9 48 102400 101376 64 32768 256 1
sm_89 8 9 48 102400 101376 64 32768 384 0
sm_89 8 9 48 102400 101376 64 32768 384 1
sm_89 8 9 48 102400 101376 64 32768 512 0
sm_89 8 9 48 102400 101376 64 32768 512 1
sm_89 8 9 48 102400 101376 64 32768 1024 0
sm_89 8 9 48 102400 101376 64 32768 1024 1
sm_89 8 9 48 102400 101376 64 49152 32 0
sm_89 8 9 48 102400 101376 64 49152 32 1
sm_89 8 9 48 102400 101376 64 49152 96 0
sm_89 8 9 48 102400 101376 64 49152 96 1
sm_89 8 9 48 102400 101376 64 49152 128 0
sm_89 8 9 48 102400 101376 64 49152 128 1
sm_89 8 9 48 102400 101376 64 49152 256 0
sm_89 8 9 48 102400 101376 64 49152 256 1
sm_89 8 9 48 102400 101376 64 49152 384 0
sm_89 8 9 48 102400 101376 64 49152 384 1
sm_89 8 9 48 102400 101376 64 49152 512 0
sm_89 8 9 48 102400 101376 64 49152 512 1
sm_89 8 9 48 102400 101376 64 49152 1024 0
sm_89 8 9 48 102400 101376 64 49152 1024 1
sm_89 8 9 48 102400 101376 64 98304 32 0
sm_89 8 9 48 102400 101376 64 98304 32 1
sm_89 8 9 48 102400 101376 64 98304 96 0
sm_89 8 9 48 102400 101376 64 98304 96 1
sm_89 8 9 48 102400 101376 64 98304 128 0
sm_89 8 9 48 102400 101376 64 98304 128 1
sm_89 8 9 48 102400 101376 64 98304 256 0
sm_89 8 9 48 102400 101376 64 98304 256 1
sm_89 8 9 48 102400 101376 64 98304 384 0
sm_89 8 9 48 102400 101376 64 98304 384 1
sm_89 8 9 48 102400 101376 64 98304 512 0
sm_89 8 9 48 102400 101376 64 98304 512 1
sm_89 8 9 48 102400 101376 64 98304 1024 0
sm_89 8 9 48 102400 101376 64 98304 1024 1
sm_89 8 9 48 102400 101376 64 200000 32 0
sm_89 8 9 48 102400 101376 64 200000 32 1
sm_89 8 9 48 102400 101376 64 200000 96 0
sm_89 8 9 48 102400 101376 64 200000 96 1
sm_89 8 9 48 102400 101376 64 200000 128 0
sm_89 8 9 48 102400 101376 64 200000 128 1
sm_89 8 9 48 102400 101376 64 200000 256 0
sm_89 8 9 48 102400 101376 64 200000 256 1
sm_89 8 9 48 102400 101376 64 200000 384 0
sm_89 8 9 48 102400 101376 64 200000 384 1
sm_89 8 9 48 102400 101376 64 200000 512 0
sm_89 8 9 48 102400 101376 64 200000 512 1
sm_89 8 9 48 102400 101376 64 200000 1024 0
sm_89 8 9 48 102400 101376 64 200000 1024 1
sm_89 8 9 48 102400 101376 72 0 32 0
sm_89 8 9 48 102400 101376 72 0 32 1
sm_89 8 9 48 102400 101376 72 0 96 0
sm_89 8 9 48 102400 101376 72 0 96 1
sm_89 8 9 48 102400 101376 72 0 128 0
sm_89 8 9 48 102400 101376 72 0 128 1
sm_89 8 9 48 102400 101376 72 0 256 0
sm_89 8 9 48 102400 101376 72 0 256 1
sm_89 8 9 48 102400 101376 72 0 384 0
sm_89 8 9 48 102400 101376 72 0 384 1
sm_89 8 9 48 102400 101376 72 0 512 0
sm_89 8 9 48 102400 101376 72 0 512 1
sm_89 8 9 48 102400 101376 72 0 1024 0
sm_89 8 9 48 102400 101376 72 0 1024 1
sm_89 8 9 48 102400 101376 72 128 32 0
sm_89 8 9 48 102400 101376 72 128 32 1
sm_89 8 9 48 102400 101376 72 128 96 0
sm_89 8 9 48 102400 101376 72 128 96 1
sm_89 8 9 48 102400 101376 72 128 128 0
sm_89 8 9 48 102400 101376 72 128 128 1
sm_89 8 9 48 102400 101376 72 128 256 0
sm_89 8 9 48 102400 101376 72 128 256 1
sm_89 8 9 48 102400 101376 72 128 384 0
sm_89 8 9 48 102400 101376 72 128 384 1
sm_89 8 9 48 102400 101376 72 128 512 0
sm_89 8 9 48 102400 101376 72 128 512 1
sm_89 8 9 48 102400 101376 72 128 1024 0
sm_89 8 9 48 102400 101376 72 128 1024 1
sm_89 8 9 48 102400 101376 72 8192 32 0
sm_89 8 9 48 102400 101376 72 8192 32 1
sm_89 8 9 48 102400 101376 72 8192 96 0
sm_89 8 9 48 102400 101376 72 8192 96 1
sm_89 8 9 48 102400 101376 72 8192 128 0
sm_89 8 9 48 102400 101376 72 8192 128 1
sm_89 8 9 48 102400 101376 72 8192 256 0
sm_89 8 9 48 102400 101376 72 8192 256 1
sm_89 8 9 48 102400 101376 72 8192 384 0
sm_89 8 9 48 102400 101376 72 8192 384 1
sm_89 8 9 48 102400 101376 72 8192 512 0
sm_89 8 9 48 102400 101376 72 8192 512 1
sm_89 8 9 48 102400 101376 72 8192 1024 0
sm_89 8 9 48 102400 101376 72 8192 1024 1
sm_89 8 9 48 102400 101376 72 32768 32 0
sm_89 8 9 48 102400 101376 72 32768 32 1
sm_89 8 9 48 102400 101376 72 32768 96 0
sm_89 8 9 48 102400 101376 72 32768 96 1
sm_89 8 9 48 102400 101376 72 32768 128 0
sm_89 8 9 48 102400 101376 72 32768 128 1
sm_89 8 9 48 102400 101376 72 32768 256 0
sm_89 8 9 48 102400 101376 72 32768 256 1
sm_89 8 9 48 102400 101376 72 32768 384 0
sm_89 8 9 48 102400 101376 72 32768 384 1
sm_89 8 9 48 102400 101376 72 32768 512 0
sm_89 8 9 48 102400 101376 72 32768 512 1
sm_89 8 9 48 102400 101376 72 32768 1024 0
sm_89 8 9 48 102400 101376 72 32768 1024 1
sm_89 8 9 48 102400 101376 72 49152 32 0
sm_89 8 9 48 102400 101376 72 49152 32 1
sm_89 8 9 48 102400 101376 72 49152 96 0
sm_89 8 9 48 102400 101376 72 49152 96 1
sm_89 8 9 48 102400 101376 72 49152 128 0
sm_89 8 9 48 102400 101376 72 49152 128 1
sm_89 8 9 48 102400 101376 72 49152 256 0
sm_89 8 9 48 102400 101376 72 49152 256 1
sm_89 8 9 48 102400 101376 72 49152 384 0
sm_89 8 9 48 102400 101376 72 49152 384 1
sm_89 8 9 48 102400 101376 72 49152 512 0
sm_89 8 9 48 102400 101376 72 49152 512 1
sm_89 8 9 48 102400 101376 72 49152 1024 0
sm_89 8 9 48 102400 101376 72 49152 1024 1
sm_89 8 9 48 102400 101376 72 98304 32 0
sm_89 8 9 48 102400 101376 72 98304 32 1
sm_89 8 9 48 102400 101376 72 98304 96 0
sm_89 8 9 48 102400 101376 72 98304 96 1
sm_89 8 9 48 102400 101376 72 98304 128 0
sm_89 8 9 48 102400 101376 72 98304 128 1
sm_89 8 9 48 102400 101376 72 98304 256 0
sm_89 8 9 48 102400 101376 72 98304 256 1
sm_89 8 9 48 102400 101376 72 98304 384 0
sm_89 8 9 48 102400 101376 72 98304 384 1
sm_89 8 9 48 102400 101376 72 98304 512 0
sm_89 8 9 48 102400 101376 72 98304 512 1
sm_89 8 9 48 102400 101376 72 98304 1024 0
sm_89 8 9 48 102400 101376 72 98304 1024 1
sm_89 8 9 48 102400 101376 72 200000 32 0
sm_89 8 9 48 102400 101376 72 200000 32 1
sm_89 8 9 48 102400 101376 72 200000 96 0
sm_89 8 9 48 102400 101376 72 200000 96 1
sm_89 8 9 48 102400 101376 72 200000 128 0
sm_89 8 9 48 102400 101376 72 200000 128 1
sm_89 8 9 48 102400 101376 72 200000 256 0
sm_89 8 9 48 102400 101376 72 200000 256 1
sm_89 8 9 48 102400 101376 72 200000 384 0
sm_89 8 9 48 102400 101376 72 200000 384 1
sm_89 8 9 48 102400 101376 72 200000 512 0
sm_89 8 9 48 102400 101376 72 200000 512 1
sm_89 8 9 48 102400 101376 72 200000 1024 0
sm_89 8 9 48 102400 101376 72 200000 1024 1
sm_89 8 9 48 102400 101376 96 0 32 0
sm_89 8 9 48 102400 101376 96 0 32 1
sm_89 8 9 48 102400 101376 96 0 96 0
sm_89 8 9 48 102400 101376 96 0 96 1
sm_89 8 9 48 102400 101376 96 0 128 0
sm_89 8 9 48 102400 101376 96 0 128 1
sm_89 8 9 48 102400 101376 96 0 256 0
sm_89 8 9 48 102400 101376 96 0 256 1
sm_89 8 9 48 102400 101376 96 0 384 0
sm_89 8 9 48 102400 101376 96 0 384 1
sm_89 8 9 48 102400 101376 96 0 512 0
sm_89 8 9 48 102400 101376 96 0 512 1
sm_89 8 9 48 102400 101376 96 0 1024 0
sm_89 8 9 48 102400 101376 96 0 1024 1
sm_89 8 9 48 102400 101376 96 128 32 0
sm_89 8 9 48 102400 101376 96 128 32 1
sm_89 8 9 48 102400 101376 96 128 96 0
sm_89 8 9 48 102400 101376 96 128 96 1
sm_89 8 9 48 102400 101376 96 128 128 0
sm_89 8 9 48 102400 101376 96 128 128 1
sm_89 8 9 48 102400 101376 96 128 256 0
sm_89 8 9 48 102400 101376 96 128 256 1
sm_89 8 9 48 102400 101376 96 128 384 0
sm_89 8 9 48 102400 101376 96 128 384 1
sm_89 8 9 48 102400 101376 96 128 512 0
sm_89 8 9 48 102400 101376 96 128 512 1
sm_89 8 9 48 102400 101376 96 128 1024 0
sm_89 8 9 48 102400 101376 96 128 1024 1
sm_89 8 9 48 102400 101376 96 8192 32 0
sm_89 8 9 48 102400 101376 96 8192 32 1
sm_89 8 9 48 102400 101376 96 8192 96 0
sm_89 8 9 48 102400 101376 96 8192 96 1
sm_89 8 9 48 102400 101376 96 8192 128 0
sm_89 8 9 48 102400 101376 96 8192 128 1
sm_89 8 9 48 102400 101376 96 8192 256 0
sm_89 8 9 48 102400 101376 96 8192 256 1
sm_89 8 9 48 102400 101376 96 8192 384 0
sm_89 8 9 48 102400 101376 96 8192 384 1
sm_89 8 9 48 102400 101376 96 8192 512 0
sm_89 8 9 48 102400 101376 96 8192 512 1
sm_89 8 9 48 102400 101376 96 8192 1024 0
sm_89 8 9 48 102400 101376 96 8192 1024 1
sm_89 8 9 48 102400 101376 96 32768 32 0
sm_89 8 9 48 102400 101376 96 32768 32 1
sm_89 8 9 48 102400 101376 96 32768 96 0
sm_89 8 9 48 102400 101376 96 32768 96 1
sm_89 8 9 48 102400 101376 96 32768 128 0
sm_89 8 9 48 102400 101376 96 32768 128 1
sm_89 8 9 48 102400 101376 96 32768 256 0
sm_89 8 9 48 102400 101376 96 32768 256 1
sm_89 8 9 48 102400 101376 96 32768 384 0
sm_89 8 9 48 102400 101376 96 32768 384 1
sm_89 8 9 48 102400 101376 96 32768 512 0
sm_89 8 9 48 102400 101376 96 32768 512 1
sm_89 8 9 48 102400 101376 96 32768 1024 0
sm_89 8 9 48 102400 101376 96 32768 1024 1
sm_89 8 9 48 102400 101376 96 49152 32 0
sm_89 8 9 48 102400 101376 96 49152 32 1
sm_89 8 9 48 102400 101376 96 49152 96 0
sm_89 8 9 48 102400 101376 96 49152 96 1
sm_89 8 9 48 102400 101376 96 49152 128 0
sm_89 8 9 48 102400 101376 96 49152 128 1
sm_89 8 9 48 102400 101376 96 49152 256 0
sm_89 8 9 48 102400 101376 96 49152 256 1
sm_89 8 9 48 102400 101376 96 49152 384 0
sm_89 8 9 48 102400 101376 96 49152 384 1
sm_89 8 9 48 102400 101376 96 49152 512 0
sm_89 8 9 48 102400 101376 96 49152 512 1
sm_89 8 9 48 102400 101376 96 49152 1024 0
sm_89 8 9 48 102400 101376 96 49152 1024 1
sm_89 8 9 48 102400 101376 96 98304 32 0
sm_89 8 9 48 102400 101376 96 98304 32 1
sm_89 8 9 48 102400 101376 96 98304 96 0
sm_89 8 9 48 102400 101376 96 98304 96 1
sm_89 8 9 48 102400 101376 96 98304 128 0
sm_89 8 9 48 102400 101376 96 98304 128 1
sm_89 8 9 48 102400 101376 96 98304 256 0
sm_89 8 9 48 102400 101376 96 98304 256 1
sm_89 8 9 48 102400 101376 96 98304 384 0
sm_89 8 9 48 102400 101376 96 98304 384 1
sm_89 8 9 48 102400 101376 96 98304 512 0
sm_89 8 9 48 102400 101376 96 98304 512 1
sm_89 8 9 48 102400 101376 96 98304 1024 0
sm_89 8 9 48 102400 101376 96 98304 1024 1
sm_89 8 9 48 102400 101376 96 200000 32 0
sm_89 8 9 48 102400 101376 96 200000 32 1
sm_89 8 9 48 102400 101376 96 200000 96 0
sm_89 8 9 48 102400 101376 96 200000 96 1
sm_89 8 9 48 102400 101376 96 200000 128 0
sm_89 8 9 48 102400 101376 96 200000 128 1
sm_89 8 9 48 102400 101376 96 200000 256 0
sm_89 8 9 48 102400 101376 96 200000 256 1
sm_89 8 9 48 102400 101376 96 200000 384 0
sm_89 8 9 48 102400 101376 96 200000 384 1
sm_89 8 9 48 102400 101376 96 200000 512 0
sm_89 8 9 48 102400 101376 96 200000 512 1
sm_89 8 9 48 102400 101376 96 200000 1024 0
sm_89 8 9 48 102400 101376 96 200000 1024 1
sm_89 8 9 48 102400 101376 128 0 32 0
sm_89 8 9 48 102400 101376 128 0 32 1
sm_89 8 9 48 102400 101376 128 0 96 0
sm_89 8 9 48 102400 101376 128 0 96 1
sm_89 8 9 48 102400 101376 128 0 128 0
sm_89 8 9 48 102400 101376 128 0 128 1
sm_89 8 9 48 102400 101376 128 0 256 0
sm_89 8 9 48 102400 101376 128 0 256 1
sm_89 8 9 48 102400 101376 128 0 384 0
sm_89 8 9 48 102400 101376 128 0 384 1
sm_89 8 9 48 102400 101376 128 0 512 0
sm_89 8 9 48 102400 101376 128 0 512 1
sm_89 8 9 48 102400 101376 128 0 1024 0
sm_89 8 9 48 102400 101376 128 0 1024 1
sm_89 8 9 48 102400 101376 128 128 32 0
sm_89 8 9 48 102400 101376 128 128 32 1
sm_89 8 9 48 102400 101376 128 128 96 0
sm_89 8 9 48 102400 101376 128 128 96 1
sm_89 8 9 48 102400 101376 128 128 128 0
sm_89 8 9 48 102400 101376 128 128 128 1
sm_89 8 9 48 102400 101376 128 128 256 0
sm_89 8 9 48 102400 101376 128 128 256 1
sm_89 8 9 48 102400 101376 128 128 384 0
sm_89 8 9 48 102400 101376 128 128 384 1
sm_89 8 9 48 102400 101376 128 128 512 0
sm_89 8 9 48 102400 101376 128 128 512 1
sm_89 8 9 48 102400 101376 128 128 1024 0
sm_89 8 9 48 102400 101376 128 128 1024 1
sm_89 8 9 48 102400 101376 128 8192 32 0
sm_89 8 9 48 102400 101376 128 8192 32 1
sm_89 8 9 48 102400 101376 128 8192 96 0
sm_89 8 9 48 102400 101376 128 8192 96 1
sm_89 8 9 48 102400 101376 128 8192 128 0
sm_89 8 9 48 102400 101376 128 8192 128 1
sm_89 8 9 48 102400 101376 128 8192 256 0
sm_89 8 9 48 102400 101376 128 8192 256 1
sm_89 8 9 48 102400 101376 128 8192 384 0
sm_89 8 9 48 102400 101376 128 8192 384 1
sm_89 8 9 48 102400 101376 128 8192 512 0
sm_89 8 9 48 102400 101376 128 8192 512 1
sm_89 8 9 48 102400 101376 128 8192 1024 0
sm_89 8 9 48 102400 101376 128 8192 1024 1
sm_89 8 9 48 102400 101376 128 32768 32 0
sm_89 8 9 48 102400 101376 128 32768 32 1
sm_89 8 9 48 102400 101376 128 32768 96 0
sm_89 8 9 48 102400 101376 128 32768 96 1
sm_89 8 9 48 102400 101376 128 32768 128 0
sm_89 8 9 48 102400 101376 128 32768 128 1
sm_89 8 9 48 102400 101376 128 32768 256 0
sm_89 8 9 48 102400 101376 128 32768 256 1
sm_89 8 9 48 102400 101376 128 32768 384 0
sm_89 8 9 48 102400 101376 128 32768 384 1
sm_89 8 9 48 102400 101376 128 32768 512 0
sm_89 8 9 48 102400 101376 128 32768 512 1
sm_89 8 9 48 102400 101376 128 32768 1024 0
sm_89 8 9 48 102400 101376 128 32768 1024 1
sm_89 8 9 48 102400 101376 128 49152 32 0
sm_89 8 9 48 102400 101376 128 49152 32 1
sm_89 8 9 48 102400 101376 128 49152 96 0
sm_89 8 9 48 102400 101376 128 49152 96 1
sm_89 8 9 48 102400 101376 128 49152 128 0
sm_89 8 9 48 102400 101376 128 49152 128 1
sm_89 8 9 48 102400 101376 128 49152 256 0
sm_89 8 9 48 102400 101376 128 49152 256 1
sm_89 8 9 48 102400 101376 128 49152 384 0
sm_89 8 9 48 102400 101376 128 49152 384 1
sm_89 8 9 48 102400 101376 128 49152 512 0
sm_89 8 9 48 102400 101376 128 49152 512 1
sm_89 8 9 48 102400 101376 128 49152 1024 0
sm_89 8 9 48 102400 101376 128 49152 1024 1
sm_89 8 9 48 102400 101376 128 98304 32 0
sm_89 8 9 48 102400 101376 128 98304 32 1
sm_89 8 9 48 102400 101376 128 98304 96 0
sm_89 8 9 48 102400 101376 128 98304 96 1
sm_89 8 9 48 102400 101376 128 98304 128 0
sm_89 8 9 48 102400 101376 128 98304 128 1
sm_89 8 9 48 102400 101376 128 98304 256 0
sm_89 8 9 48 102400 101376 128 98304 256 1
sm_89 8 9 48 102400 101376 128 98304 384 0
sm_89 8 9 48 102400 101376 128 98304 384 1
sm_89 8 9 48 102400 101376 128 98304 512 0
sm_89 8 9 48 102400 101376 128 98304 512 1
sm_89 8 9 48 102400 101376 128 98304 1024 0
sm_89 8 9 48 102400 101376 128 98304 1024 1
sm_89 8 9 48 102400 101376 128 200000 32 0
sm_89 8 9 48 102400 101376 128 200000 32 1
sm_89 8 9 48 102400 101376 128 200000 96 0
sm_89 8 9 48 102400 101376 128 200000 96 1
sm_89 8 9 48 102400 101376 128 200000 128 0
sm_89 8 9 48 102400 101376 128 200000 128 1
sm_89 8 9 48 102400 101376 128 200000 256 0
sm_89 8 9 48 102400 101376 128 200000 256 1
sm_89 8 9 48 102400 101376 128 200000 384 0
sm_89 8 9 48 102400 101376 128 200000 384 1
sm_89 8 9 48 102400 101376 128 200000 512 0
sm_89 8 9 48 102400 101376 128 200000 512 1
sm_89 8 9 48 102400 101376 128 200000 1024 0
sm_89 8 9 48 102400 101376 128 200000 1024 1
sm_89 8 9 48 102400 101376 168 0 32 0
sm_89 8 9 48 102400 101376 168 0 32 1
sm_89 8 9 48 102400 101376 168 0 96 0
sm_89 8 9 48 102400 101376 168 0 96 1
sm_89 8 9 48 102400 101376 168 0 128 0
sm_89 8 9 48 102400 101376 168 0 128 1
sm_89 8 9 48 102400 101376 168 0 256 0
sm_89 8 9 48 102400 101376 168 0 256 1
sm_89 8 9 48 102400 101376 168 0 384 0
sm_89 8 9 48 102400 101376 168 0 384 1
sm_89 8 9 48 102400 101376 168 0 512 0
sm_89 8 9 48 102400 101376 168 0 512 1
sm_89 8 9 48 102400 101376 168 0 1024 0
sm_89 8 9 48 102400 101376 168 0 1024 1
sm_89 8 9 48 102400 101376 168 128 32 0
sm_89 8 9 48 102400 101376 168 128 32 1
sm_89 8 9 48 102400 101376 168 128 96 0
sm_89 8 9 48 102400 101376 168 128 96 1
sm_89 8 9 48 102400 101376 168 128 128 0
sm_89 8 9 48 102400 101376 168 128 128 1
sm_89 8 9 48 102400 101376 168 128 256 0
sm_89 8 9 48 102400 101376 168 128 256 1
sm_89 8 9 48 102400 101376 168 128 384 0
sm_89 8 9 48 102400 101376 168 128 384 1
sm_89 8 9 48 102400 101376 168 128 512 0
sm_89 8 9 48 102400 101376 168 128 512 1
sm_89 8 9 48 102400 101376 168 128 1024 0
sm_89 8 9 48 102400 101376 168 128 1024 1
sm_89 8 9 48 102400 101376 168 8192 32 0
sm_89 8 9 48 102400 101376 168 8192 32 1
sm_89 8 9 48 102400 101376 168 8192 96 0
sm_89 8 9 48 102400 101376 168 8192 96 1
sm_89 8 9 48 102400 101376 168 8192 128 0
sm_89 8 9 48 102400 101376 168 8192 128 1
sm_89 8 9 48 102400 101376 168 8192 256 0
sm_89 8 9 48 102400 101376 168 8192 256 1
sm_89 8 9 48 102400 101376 168 8192 384 0
sm_89 8 9 48 102400 101376 168 8192 384 1
sm_89 8 9 48 102400 101376 168 8192 512 0
sm_89 8 9 48 102400 101376 168 8192 512 1
sm_89 8 9 48 102400 101376 168 8192 1024 0
sm_89 8 9 48 102400 101376 168 8192 1024 1
sm_89 8 9 48 102400 101376 168 32768 32 0
sm_89 8 9 48 102400 101376 168 32768 32 1
sm_89 8 9 48 102400 101376 168 32768 96 0
sm_89 8 9 48 102400 101376 168 32768 96 1
sm_89 8 9 48 102400 101376 168 32768 128 0
sm_89 8 9 48 102400 101376 168 32768 128 1
sm_89 8 9 48 102400 101376 168 32768 256 0
sm_89 8 9 48 102400 101376 168 32768 256 1
sm_89 8 9 48 102400 101376 168 32768 384 0
sm_89 8 9 48 102400 101376 168 32768 384 1
sm_89 8 9 48 102400 101376 168 32768 512 0
sm_89 8 9 48 102400 101376 168 32768 512 1
sm_89 8 9 48 102400 101376 168 32768 1024 0
sm_89 8 9 48 102400 101376 168 32768 1024 1
sm_89 8 9 48 102400 101376 168 49152 32 0
sm_89 8 9 48 102400 101376 168 49152 32 1
sm_89 8 9 48 102400 101376 168 49152 96 0
sm_89 8 9 48 102400 101376 168 49152 96 1
sm_89 8 9 48 102400 101376 168 49152 128 0
sm_89 8 9 48 102400 101376 168 49152 128 1
sm_89 8 9 48 102400 101376 168 49152 256 0
sm_89 8 9 48 102400 101376 168 49152 256 1
sm_89 8 9 48 102400 101376 168 49152 384 0
sm_89 8 9 48 102400 101376 168 49152 384 1
sm_89 8 9 48 102400 101376 168 49152 512 0
sm_89 8 9 48 102400 101376 168 49152 512 1
sm_89 8 9 48 102400 101376 168 49152 1024 0
sm_89 8 9 48 102400 101376 168 49152 1024 1
sm_89 8 9 48 102400 101376 168 98304 32 0
sm_89 8 9 48 102400 101376 168 98304 32 1
sm_89 8 9 48 102400 101376 168 98304 96 0
sm_89 8 9 48 102400 101376 168 98304 96 1
sm_89 8 9 48 102400 101376 168 98304 128 0
sm_89 8 9 48 102400 101376 168 98304 128 1
sm_89 8 9 48 102400 101376 168 98304 256 0
sm_89 8 9 48 102400 101376 168 98304 256 1
sm_89 8 9 48 102400 101376 168 98304 384 0
sm_89 8 9 48 102400 101376 168 98304 384 1
sm_89 8 9 48 102400 101376 168 98304 512 0
sm_89 8 9 48 102400 101376 168 98304 512 1
sm_89 8 9 48 102400 101376 168 98304 1024 0
sm_89 8 9 48 102400 101376 168 98304 1024 1
sm_89 8 9 48 102400 101376 168 200000 32 0
sm_89 8 9 48 102400 101376 168 200000 32 1
sm_89 8 9 48 102400 101376 168 200000 96 0
sm_89 8 9 48 102400 101376 168 200000 96 1
sm_89 8 9 48 102400 101376 168 200000 128 0
sm_89 8 9 48 102400 101376 168 200000 128 1
sm_89 8 9 48 102400 101376 168 200000 256 0
sm_89 8 9 48 102400 101376 168 200000 256 1
sm_89 8 9 48 102400 101376 168 200000 384 0
sm_89 8 9 48 102400 101376 168 200000 384 1
sm_89 8 9 48 102400 101376 168 200000 512 0
sm_89 8 9 48 102400 101376 168 200000 512 1
sm_89 8 9 48 102400 101376 168 200000 1024 0
sm_89 8 9 48 102400 101376 168 200000 1024 1
sm_89 8 9 48 102400 101376 255 0 32 0
sm_89 8 9 48 102400 101376 255 0 32 1
sm_89 8 9 48 102400 101376 255 0 96 0
sm_89 8 9 48 102400 101376 255 0 96 1
sm_89 8 9 48 102400 101376 255 0 128 0
sm_89 8 9 48 102400 101376 255 0 128 1
sm_89 8 9 48 102400 101376 255 0 256 0
sm_89 8 9 48 102400 101376 255 0 256 1
sm_89 8 9 48 102400 101376 255 0 384 0
sm_89 8 9 48 102400 101376 255 0 384 1
sm_89 8 9 48 102400 101376 255 0 512 0
sm_89 8 9 48 102400 101376 255 0 512 1
sm_89 8 9 48 102400 101376 255 0 1024 0
sm_89 8 9 48 102400 101376 255 0 1024 1
sm_89 8 9 48 102400 101376 255 128 32 0
sm_89 8 9 48 102400 101376 255 128 32 1
sm_89 8 9 48 102400 101376 255 128 96 0
sm_89 8 9 48 102400 101376 255 128 96 1
sm_89 8 9 48 102400 101376 255 128 128 0
sm_89 8 9 48 102400 101376 255 128 128 1
sm_89 8 9 48 102400 101376 255 128 256 0
sm_89 8 9 48 102400 101376 255 128 256 1
sm_89 8 9 48 102400 101376 255 128 384 0
sm_89 8 9 48 102400 101376 255 128 384 1
sm_89 8 9 48 102400 101376 255 128 512 0
sm_89 8 9 48 102400 101376 255 128 512 1
sm_89 8 9 48 102400 101376 255 128 1024 0
sm_89 8 9 48 102400 101376 255 128 1024 1
sm_89 8 9 48 102400 101376 255 8192 32 0
sm_89 8 9 48 102400 101376 255 8192 32 1
sm_89 8 9 48 102400 101376 255 8192 96 0
sm_89 8 9 48 102400 101376 255 8192 96 1
sm_89 8 9 48 102400 101376 255 8192 128 0
sm_89 8 9 48 102400 101376 255 8192 128 1
sm_89 8 9 48 102400 101376 255 8192 256 0
sm_89 8 9 48 102400 101376 255 8192 256 1
sm_89 8 9 48 102400 101376 255 8192 384 0
sm_89 8 9 48 102400 101376 255 8192 384 1
sm_89 8 9 48 102400 101376 255 8192 512 0
sm_89 8 9 48 102400 101376 255 8192 512 1
sm_89 8 9 48 102400 101376 255 8192 1024 0
sm_89 8 9 48 102400 101376 255 8192 1024 1
sm_89 8 9 48 102400 101376 255 32768 32 0
sm_89 8 9 48 102400 101376 255 32768 32 1
sm_89 8 9 48 102400 101376 255 32768 96 0
sm_89 8 9 48 102400 101376 255 32768 96 1
sm_89 8 9 48 102400 101376 255 32768 128 0
sm_89 8 9 48 102400 101376 255 32768 128 1
sm_89 8 9 48 102400 101376 255 32768 256 0
sm_89 8 9 48 102400 101376 255 32768 256 1
sm_89 8 9 48 102400 101376 255 32768 384 0
sm_89 8 9 48 102400 101376 255 32768 384 1
sm_89 8 9 48 102400 101376 255 32768 512 0
sm_89 8 9 48 102400 101376 255 32768 512 1
sm_89 8 9 48 102400 101376 255 32768 1024 0
sm_89 8 9 48 102400 101376 255 32768 1024 1
sm_89 8 9 48 102400 101376 255 49152 32 0
sm_89 8 9 48 102400 101376 255 49152 32 1
sm_89 8 9 48 102400 101376 255 49152 96 0
sm_89 8 9 48 102400 101376 255 49152 96 1
sm_89 8 9 48 102400 101376 255 49152 128 0
sm_89 8 9 48 102400 101376 255 49152 128 1
sm_89 8 9 48 102400 101376 255 49152 256 0
sm_89 8 9 48 102400 101376 255 49152 256 1
sm_89 8 9 48 102400 101376 255 49152 384 0
sm_89 8 9 48 102400 101376 255 49152 384 1
sm_89 8 9 48 102400 101376 255 49152 512 0
sm_89 8 9 48 102400 101376 255 49152 512 1
sm_89 8 9 48 102400 101376 255 49152 1024 0
sm_89 8 9 48 102400 101376 255 49152 1024 1
sm_89 8 9 48 102400 101376 255 98304 32 0
sm_89 8 9 48 102400 101376 255 98304 32 1
sm_89 8 9 48 102400 101376 255 98304 96 0
sm_89 8 9 48 102400 101376 255 98304 96 1
sm_89 8 9 48 102400 101376 255 98304 128 0
sm_89 8 9 48 102400 101376 255 98304 128 1
sm_89 8 9 48 102400 101376 255 98304 256 0
sm_89 8 9 48 102400 101376 255 98304 256 1
sm_89 8 9 48 102400 101376 255 98304 384 0
sm_89 8 9 48 102400 101376 255 98304 384 1
sm_89 8 9 48 102400 101376 255 98304 512 0
sm_89 8 9 48 102400 101376 255 98304 512 1
sm_89 8 9 48 102400 101376 255 98304 1024 0
sm_89 8 9 48 102400 101376 255 98304 1024 1
sm_89 8 9 48 102400 101376 255 200000 32 0
sm_89 8 9 48 102400 101376 255 200000 32 1
sm_89 8 9 48 102400 101376 255 200000 96 0
sm_89 8 9 48 102400 101376 255 200000 96 1
sm_89 8 9 48 102400 101376 255 200000 128 0
sm_89 8 9 48 102400 101376 255 200000 128 1
sm_89 8 9 48 102400 101376 255 200000 256 0
sm_89 8 9 48 102400 101376 255 200000 256 1
sm_89 8 9 48 102400 101376 255 200000 384 0
sm_89 8 9 48 102400 101376 255 200000 384 1
sm_89 8 9 48 102400 101376 255 200000 512 0
sm_89 8 9 48 102400 101376 255 200000 512 1
sm_89 8 9 48 102400 101376 255 200000 1024 0
sm_89 8 9 48 102400 101376 255 200000 1024 1
sm_90a 9 0 64 233472 232448 16 0 32 0
sm_90a 9 0 64 233472 232448 16 0 32 1
sm_90a 9 0 64 233472 232448 16 0 96 0
sm_90a 9 0 64 233472 232448 16 0 96 1
sm_90a 9 0 64 233472 232448 16 0 128 0
sm_90a 9 0 64 233472 232448 16 0 128 1
sm_90a 9 0 64 233472 232448 16 0 256 0
sm_90a 9 0 64 233472 232448 16 0 256 1
sm_90a 9 0 64 233472 232448 16 0 384 0
sm_90a 9 0 64 233472 232448 16 0 384 1
sm_90a 9 0 64 233472 232448 16 0 512 0
sm_90a 9 0 64 233472 232448 16 0 512 1
sm_90a 9 0 64 233472 232448 16 0 1024 0
sm_90a 9 0 64 233472 232448 16 0 1024 1
sm_90a 9 0 64 233472 232448 16 128 32 0
sm_90a 9 0 64 233472 232448 16 128 32 1
sm_90a 9 0 64 233472 232448 16 128 96 0
sm_90a 9 0 64 233472 232448 16 128 96 1
sm_90a 9 0 64 233472 232448 16 128 128 0
sm_90a 9 0 64 233472 232448 16 128 128 1
sm_90a 9 0 64 233472 232448 16 128 256 0
sm_90a 9 0 64 233472 232448 16 128 256 1
sm_90a 9 0 64 233472 232448 16 128 384 0
sm_90a 9 0 64 233472 232448 16 128 384 1
sm_90a 9 0 64 233472 232448 16 128 512 0
sm_90a 9 0 64 233472 232448 16 128 512 1
sm_90a 9 0 64 233472 232448 16 128 1024 0
sm_90a 9 0 64 233472 232448 16 128 1024 1
sm_90a 9 0 64 233472 232448 16 8192 32 0
sm_90a 9 0 64 233472 232448 16 8192 32 1
sm_90a 9 0 64 233472 232448 16 8192 96 0
sm_90a 9 0 64 233472 232448 16 8192 96 1
sm_90a 9 0 64 233472 232448 16 8192 128 0
sm_90a 9 0 64 233472 232448 16 8192 128 1
sm_90a 9 0 64 233472 232448 16 8192 256 0
sm_90a 9 0 64 233472 232448 16 8192 256 1
sm_90a 9 0 64 233472 232448 16 8192 384 0
sm_90a 9 0 64 233472 232448 16 8192 384 1
sm_90a 9 0 64 233472 232448 16 8192 512 0
sm_90a 9 0 64 233472 232448 16 8192 512 1
sm_90a 9 0 64 233472 232448 16 8192 1024 0
sm_90a 9 0 64 233472 232448 16 8192 1024 1
sm_90a 9 0 64 233472 232448 16 32768 32 0
sm_90a 9 0 64 233472 232448 16 32768 32 1
sm_90a 9 0 64 233472 232448 16 32768 96 0
sm_90a 9 0 64 233472 232448 16 32768 96 1
sm_90a 9 0 64 233472 232448 16 32768 128 0
sm_90a 9 0 64 233472 232448 16 32768 128 1
sm_90a 9 0 64 233472 232448 16 32768 256 0
sm_90a 9 0 64 233472 232448 16 32768 256 1
sm_90a 9 0 64 233472 232448 16 32768 384 0
sm_90a 9 0 64 233472 232448 16 32768 384 1
sm_90a 9 0 64 233472 232448 16 32768 512 0
sm_90a 9 0 64 233472 232448 16 32768 512 1
sm_90a 9 0 64 233472 232448 16 32768 1024 0
sm_90a 9 0 64 233472 232448 16 32768 1024 1
sm_90a 9 0 64 233472 232448 16 49152 32 0
sm_90a 9 0 64 233472 232448 16 49152 32 1
sm_90a 9 0 64 233472 232448 16 49152 96 0
sm_90a 9 0 64 233472 232448 16 49152 96 1
sm_90a 9 0 64 233472 232448 16 49152 128 0
sm_90a 9 0 64 233472 232448 16 49152 128 1
sm_90a 9 0 64 233472 232448 16 49152 256 0
sm_90a 9 0 64 233472 232448 16 49152 256 1
sm_90a 9 0 64 233472 232448 16 49152 384 0
sm_90a 9 0 64 233472 232448 16 49152 384 1
sm_90a 9 0 64 233472 232448 16 49152 512 0
sm_90a 9 0 64 233472 232448 16 49152 512 1
sm_90a 9 0 64 233472 232448 16 49152 1024 0
sm_90a 9 0 64 233472 232448 16 49152 1024 1
sm_90a 9 0 64 233472 232448 16 98304 32 0
sm_90a 9 0 64 233472 232448 16 98304 32 1
sm_90a 9 0 64 233472 232448 16 98304 96 0
sm_90a 9 0 64 233472 232448 16 98304 96 1
sm_90a 9 0 64 233472 232448 16 98304 128 0
sm_90a 9 0 64 233472 232448 16 98304 128 1
sm_90a 9 0 64 233472 232448 16 98304 256 0
sm_90a 9 0 64 233472 232448 16 98304 256 1
sm_90a 9 0 64 233472 232448 16 98304 384 0
sm_90a 9 0 64 233472 232448 16 98304 384 1
sm_90a 9 0 64 233472 232448 16 98304 512 0
sm_90a 9 0 64 233472 232448 16 98304 512 1
sm_90a 9 0 64 233472 232448 16 98304 1024 0
sm_90a 9 0 64 233472 232448 16 98304 1024 1
sm_90a 9 0 64 233472 232448 16 200000 32 0
sm_90a 9 0 64 233472 232448 16 200000 32 1
sm_90a 9 0 64 233472 232448 16 200000 96 0
sm_90a 9 0 64 233472 232448 16 200000 96 1
sm_90a 9 0 64 233472 232448 16 200000 128 0
sm_90a 9 0 64 233472 232448 16 200000 128 1
sm_90a 9 0 64 233472 232448 16 200000 256 0
sm_90a 9 0 64 233472 232448 16 200000 256 1
sm_90a 9 0 64 233472 232448 16 200000 384 0
sm_90a 9 0 64 233472 232448 16 200000 384 1
sm_90a 9 0 64 233472 232448 16 200000 512 0
sm_90a 9 0 64 233472 232448 16 200000 512 1
sm_90a 9 0 64 233472 232448 16 200000 1024 0
sm_90a 9 0 64 233472 232448 16 200000 1024 1
sm_90a 9 0 64 233472 232448 32 0 32 0
sm_90a 9 0 64 233472 232448 32 0 32 1
sm_90a 9 0 64 233472 232448 32 0 96 0
sm_90a 9 0 64 233472 232448 32 0 96 1
sm_90a 9 0 64 233472 232448 32 0 128 0
sm_90a 9 0 64 233472 232448 32 0 128 1
sm_90a 9 0 64 233472 232448 32 0 256 0
sm_90a 9 0 64 233472 232448 32 0 256 1
sm_90a 9 0 64 233472 232448 32 0 384 0
sm_90a 9 0 64 233472 232448 32 0 384 1
sm_90a 9 0 64 233472 232448 32 0 512 0
sm_90a 9 0 64 233472 232448 32 0 512 1
sm_90a 9 0 64 233472 232448 32 0 1024 0
sm_90a 9 0 64 233472 232448 32 0 1024 1
sm_90a 9 0 64 233472 232448 32 128 32 0
sm_90a 9 0 64 233472 232448 32 128 32 1
sm_90a 9 0 64 233472 232448 32 128 96 0
sm_90a 9 0 64 233472 232448 32 128 96 1
sm_90a 9 0 64 233472 232448 32 128 128 0
sm_90a 9 0 64 233472 232448 32 128 128 1
sm_90a 9 0 64 233472 232448 32 128 256 0
sm_90a 9 0 64 233472 232448 32 128 256 1
sm_90a 9 0 64 233472 232448 32 128 384 0
sm_90a 9 0 64 233472 232448 32 128 384 1
sm_90a 9 0 64 233472 232448 32 128 512 0
sm_90a 9 0 64 233472 232448 32 128 512 1
sm_90a 9 0 64 233472 232448 32 128 1024 0
sm_90a 9 0 64 233472 232448 32 128 1024 1
sm_90a 9 0 64 233472 232448 32 8192 32 0
sm_90a 9 0 64 233472 232448 32 8192 32 1
sm_90a 9 0 64 233472 232448 32 8192 96 0
sm_90a 9 0 64 233472 232448 32 8192 96 1
sm_90a 9 0 64 233472 232448 32 8192 128 0
sm_90a 9 0 64 233472 232448 32 8192 128 1
sm_90a 9 0 64 233472 232448 32 8192 256 0
sm_90a 9 0 64 233472 232448 32 8192 256 1
sm_90a 9 0 64 233472 232448 32 8192 384 0
sm_90a 9 0 64 233472 232448 32 8192 384 1
sm_90a 9 0 64 233472 232448 32 8192 512 0
sm_90a 9 0 64 233472 232448 32 8192 512 1
sm_90a 9 0 64 233472 232448 32 8192 1024 0
sm_90a 9 0 64 233472 232448 32 8192 1024 1
sm_90a 9 0 64 233472 232448 32 32768 32 0
sm_90a 9 0 64 233472 232448 32 32768 32 1
sm_90a 9 0 64 233472 232448 32 32768 96 0
sm_90a 9 0 64 233472 232448 32 32768 96 1
sm_90a 9 0 64 233472 232448 32 32768 128 0
sm_90a 9 0 64 233472 232448 32 32768 128 1
sm_90a 9 0 64 233472 232448 32 32768 256 0
sm_90a 9 0 64 233472 232448 32 32768 256 1
sm_90a 9 0 64 233472 232448 32 32768 384 0
sm_90a 9 0 64 233472 232448 32 32768 384 1
sm_90a 9 0 64 233472 232448 32 32768 512 0
sm_90a 9 0 64 233472 232448 32 32768 512 1
sm_90a 9 0 64 233472 232448 32 32768 1024 0
sm_90a 9 0 64 233472 232448 32 32768 1024 1
sm_90a 9 0 64 233472 232448 32 49152 32 0
sm_90a 9 0 64 233472 232448 32 49152 32 1
sm_90a 9 0 64 233472 232448 32 49152 96 0
sm_90a 9 0 64 233472 232448 32 49152 96 1
sm_90a 9 0 64 233472 232448 32 49152 128 0
sm_90a 9 0 64 233472 232448 32 49152 128 1
sm_90a 9 0 64 233472 232448 32 49152 256 0
sm_90a 9 0 64 233472 232448 32 49152 256 1
sm_90a 9 0 64 233472 232448 32 49152 384 0
sm_90a 9 0 64 233472 232448 32 49152 384 1
sm_90a 9 0 64 233472 232448 32 49152 512 0
sm_90a 9 0 64 233472 232448 32 49152 512 1
sm_90a 9 0 64 233472 232448 32 49152 1024 0
sm_90a 9 0 64 233472 232448 32 49152 1024 1
sm_90a 9 0 64 233472 232448 32 98304 32 0
sm_90a 9 0 64 233472 232448 32 98304 32 1
sm_90a 9 0 64 233472 232448 32 98304 96 0
sm_90a 9 0 64 233472 232448 32 98304 96 1
sm_90a 9 0 64 233472 232448 32 98304 128 0
sm_90a 9 0 64 233472 232448 32 98304 128 1
sm_90a 9 0 64 233472 232448 32 98304 256 0
sm_90a 9 0 64 233472 232448 32 98304 256 1
sm_90a 9 0 64 233472 232448 32 98304 384 0
sm_90a 9 0 64 233472 232448 32 98304 384 1
sm_90a 9 0 64 233472 232448 32 98304 512 0
sm_90a 9 0 64 233472 232448 32 98304 512 1
sm_90a 9 0 64 233472 232448 32 98304 1024 0
sm_90a 9 0 64 233472 232448 32 98304 1024 1
sm_90a 9 0 64 233472 232448 32 200000 32 0
sm_90a 9 0 64 233472 232448 32 200000 32 1
sm_90a 9 0 64 233472 232448 32 200000 96 0
sm_90a 9 0 64 233472 232448 32 200000 96 1
sm_90a 9 0 64 233472 232448 32 200000 128 0
sm_90a 9 0 64 233472 232448 32 200000 128 1
sm_90a 9 0 64 233472 232448 32 200000 256 0
sm_90a 9 0 64 233472 232448 32 200000 256 1
sm_90a 9 0 64 233472 232448 32 200000 384 0
sm_90a 9 0 64 233472 232448 32 200000 384 1
sm_90a 9 0 64 233472 232448 32 200000 512 0
sm_90a 9 0 64 233472 232448 32 200000 512 1
sm_90a 9 0 64 233472 232448 32 200000 1024 0
sm_90a 9 0 64 233472 232448 32 200000 1024 1
sm_90a 9 0 64 233472 232448 40 0 32 0
sm_90a 9 0 64 233472 232448 40 0 32 1
sm_90a 9 0 64 233472 232448 40 0 96 0
sm_90a 9 0 64 233472 232448 40 0 96 1
sm_90a 9 0 64 233472 232448 40 0 128 0
sm_90a 9 0 64 233472 232448 40 0 128 1
sm_90a 9 0 64 233472 232448 40 0 256 0
sm_90a 9 0 64 233472 232448 40 0 256 1
sm_90a 9 0 64 233472 232448 40 0 384 0
sm_90a 9 0 64 233472 232448 40 0 384 1
sm_90a 9 0 64 233472 232448 40 0 512 0
sm_90a 9 0 64 233472 232448 40 0 512 1
sm_90a 9 0 64 233472 232448 40 0 1024 0
sm_90a 9 0 64 233472 232448 40 0 1024 1
sm_90a 9 0 64 233472 232448 40 128 32 0
sm_90a 9 0 64 233472 232448 40 128 32 1
sm_90a 9 0 64 233472 232448 40 128 96 0
sm_90a 9 0 64 233472 232448 40 128 96 1
sm_90a 9 0 64 233472 232448 40 128 128 0
sm_90a 9 0 64 233472 232448 40 128 128 1
sm_90a 9 0 64 233472 232448 40 128 256 0
sm_90a 9 0 64 233472 232448 40 128 256 1
sm_90a 9 0 64 233472 232448 40 128 384 0
sm_90a 9 0 64 233472 232448 40 128 384 1
sm_90a 9 0 64 233472 232448 40 128 512 0
sm_90a 9 0 64 233472 232448 40 128 512 1
sm_90a 9 0 64 233472 232448 40 128 1024 0
sm_90a 9 0 64 233472 232448 40 128 1024 1
sm_90a 9 0 64 233472 232448 40 8192 32 0
sm_90a 9 0 64 233472 232448 40 8192 32 1
sm_90a 9 0 64 233472 232448 40 8192 96 0
sm_90a 9 0 64 233472 232448 40 8192 96 1
sm_90a 9 0 64 233472 232448 40 8192 128 0
sm_90a 9 0 64 233472 232448 40 8192 128 1
sm_90a 9 0 64 233472 232448 40 8192 256 0
sm_90a 9 0 64 233472 232448 40 8192 256 1
sm_90a 9 0 64 233472 232448 40 8192 384 0
sm_90a 9 0 64 233472 232448 40 8192 384 1
sm_90a 9 0 64 233472 232448 40 8192 512 0
sm_90a 9 0 64 233472 232448 40 8192 512 1
sm_90a 9 0 64 233472 232448 40 8192 1024 0
sm_90a 9 0 64 233472 232448 40 8192 1024 1
sm_90a 9 0 64 233472 232448 40 32768 32 0
sm_90a 9 0 64 233472 232448 40 32768 32 1
sm_90a 9 0 64 233472 232448 40 32768 96 0
sm_90a 9 0 64 233472 232448 40 32768 96 1
sm_90a 9 0 64 233472 232448 40 32768 128 0
sm_90a 9 0 64 233472 232448 40 32768 128 1
sm_90a 9 0 64 233472 232448 40 32768 256 0
sm_90a 9 0 64 233472 232448 40 32768 256 1
sm_90a 9 0 64 233472 232448 40 32768 384 0
sm_90a 9 0 64 233472 232448 40 32768 384 1
sm_90a 9 0 64 233472 232448 40 32768 512 0
sm_90a 9 0 64 233472 232448 40 32768 512 1
sm_90a 9 0 64 233472 232448 40 32768 1024 0
sm_90a 9 0 64 233472 232448 40 32768 1024 1
sm_90a 9 0 64 233472 232448 40 49152 32 0
sm_90a 9 0 64 233472 232448 40 49152 32 1
sm_90a 9 0 64 233472 232448 40 49152 96 0
sm_90a 9 0 64 233472 232448 40 49152 96 1
sm_90a 9 0 64 233472 232448 40 49152 128 0
sm_90a 9 0 64 233472 232448 40 49152 128 1
sm_90a 9 0 64 233472 232448 40 49152 256 0
sm_90a 9 0 64 233472 232448 40 49152 256 1
sm_90a 9 0 64 233472 232448 40 49152 384 0
sm_90a 9 0 64 233472 232448 40 49152 384 1
sm_90a 9 0 64 233472 232448 40 49152 512 0
sm_90a 9 0 64 233472 232448 40 49152 512 1
sm_90a 9 0 64 233472 232448 40 49152 1024 0
sm_90a 9 0 64 233472 232448 40 49152 1024 1
sm_90a 9 0 64 233472 232448 40 98304 32 0
sm_90a 9 0 64 233472 232448 40 98304 32 1
sm_90a 9 0 64 233472 232448 40 98304 96 0
sm_90a 9 0 64 233472 232448 40 98304 96 1
sm_90a 9 0 64 233472 232448 40 98304 128 0
sm_90a 9 0 64 233472 232448 40 98304 128 1
sm_90a 9 0 64 233472 232448 40 98304 256 0
sm_90a 9 0 64 233472 232448 40 98304 256 1
sm_90a 9 0 64 233472 232448 40 98304 384 0
sm_90a 9 0 64 233472 232448 40 98304 384 1
sm_90a 9 0 64 233472 232448 40 98304 512 0
sm_90a 9 0 64 233472 232448 40 98304 512 1
sm_90a 9 0 64 233472 232448 40 98304 1024 0
sm_90a 9 0 64 233472 232448 40 98304 1024 1
sm_90a 9 0 64 233472 232448 40 200000 32 0
sm_90a 9 0 64 233472 232448 40 200000 32 1
sm_90a 9 0 64 233472 232448 40 200000 96 0
sm_90a 9 0 64 233472 232448 40 200000 96 1
sm_90a 9 0 64 233472 232448 40 200000 128 0
sm_90a 9 0 64 233472 232448 40 200000 128 1
sm_90a 9 0 64 233472 232448 40 200000 256 0
sm_90a 9 0 64 233472 232448 40 200000 256 1
sm_90a 9 0 64 233472 232448 40 200000 384 0
sm_90a 9 0 64 233472 232448 40 200000 384 1
sm_90a 9 0 64 233472 232448 40 200000 512 0
sm_90a 9 0 64 233472 232448 40 200000 512 1
sm_90a 9 0 64 233472 232448 40 200000 1024 0
sm_90a 9 0 64 233472 232448 40 200000 1024 1
sm_90a 9 0 64 233472 232448 64 0 32 0
sm_90a 9 0 64 233472 232448 64 0 32 1
sm_90a 9 0 64 233472 232448 64 0 96 0
sm_90a 9 0 64 233472 232448 64 0 96 1
sm_90a 9 0 64 233472 232448 64 0 128 0
sm_90a 9 0 64 233472 232448 64 0 128 1
sm_90a 9 0 64 233472 232448 64 0 256 0
sm_90a 9 0 64 233472 232448 64 0 256 1
sm_90a 9 0 64 233472 232448 64 0 384 0
sm_90a 9 0 64 233472 232448 64 0 384 1
sm_90a 9 0 64 233472 232448 64 0 512 0
sm_90a 9 0 64 233472 232448 64 0 512 1
sm_90a 9 0 64 233472 232448 64 0 1024 0
sm_90a 9 0 64 233472 232448 64 0 1024 1
sm_90a 9 0 64 233472 232448 64 128 32 0
sm_90a 9 0 64 233472 232448 64 128 32 1
sm_90a 9 0 64 233472 232448 64 128 96 0
sm_90a 9 0 64 233472 232448 64 128 96 1
sm_90a 9 0 64 233472 232448 64 128 128 0
sm_90a 9 0 64 233472 232448 64 128 128 1
sm_90a 9 0 64 233472 232448 64 128 256 0
sm_90a 9 0 64 233472 232448 64 128 256 1
sm_90a 9 0 64 233472 232448 64 128 384 0
sm_90a 9 0 64 233472 232448 64 128 384 1
sm_90a 9 0 64 233472 232448 64 128 512 0
sm_90a 9 0 64 233472 232448 64 128 512 1
sm_90a 9 0 64 233472 232448 64 128 1024 0
sm_90a 9 0 64 233472 232448 64 128 1024 1
sm_90a 9 0 64 233472 232448 64 8192 32 0
sm_90a 9 0 64 233472 232448 64 8192 32 1
sm_90a 9 0 64 233472 232448 64 8192 96 0
sm_90a 9 0 64 233472 232448 64 8192 96 1
sm_90a 9 0 64 233472 232448 64 8192 128 0
sm_90a 9 0 64 233472 232448 64 8192 128 1
sm_90a 9 0 64 233472 232448 64 8192 256 0
sm_90a 9 0 64 233472 232448 64 8192 256 1
sm_90a 9 0 64 233472 232448 64 8192 384 0
sm_90a 9 0 64 233472 232448 64 8192 384 1
sm_90a 9 0 64 233472 232448 64 8192 512 0
sm_90a 9 0 64 233472 232448 64 8192 512 1
sm_90a 9 0 64 233472 232448 64 8192 1024 0
sm_90a 9 0 64 233472 232448 64 8192 1024 1
sm_90a 9 0 64 233472 232448 64 32768 32 0
sm_90a 9 0 64 233472 232448 64 32768 32 1
sm_90a 9 0 64 233472 232448 64 32768 96 0
sm_90a 9 0 64 233472 232448 64 32768 96 1
sm_90a 9 0 64 233472 232448 64 32768 128 0
sm_90a 9 0 64 233472 232448 64 32768 128 1
sm_90a 9 0 64 233472 232448 64 32768 256 0
sm_90a 9 0 64 233472 232448 64 32768 256 1
sm_90a 9 0 64 233472 232448 64 32768 384 0
sm_90a 9 0 64 233472 232448 64 32768 384 1
sm_90a 9 0 64 233472 232448 64 32768 512 0
sm_90a 9 0 64 233472 232448 64 32768 512 1
sm_90a 9 0 64 233472 232448 64 32768 1024 0
sm_90a 9 0 64 233472 232448 64 32768 1024 1
sm_90a 9 0 64 233472 232448 64 49152 32 0
sm_90a 9 0 64 233472 232448 64 49152 32 1
sm_90a 9 0 64 233472 232448 64 49152 96 0
sm_90a 9 0 64 233472 232448 64 49152 96 1
sm_90a 9 0 64 233472 232448 64 49152 128 0
sm_90a 9 0 64 233472 232448 64 49152 128 1
sm_90a 9 0 64 233472 232448 64 49152 256 0
sm_90a 9 0 64 233472 232448 64 49152 256 1
sm_90a 9 0 64 233472 232448 64 49152 384 0
sm_90a 9 0 64 233472 232448 64 49152 384 1
sm_90a 9 0 64 233472 232448 64 49152 512 0
sm_90a 9 0 64 233472 232448 64 49152 512 1
sm_90a 9 0 64 233472 232448 64 49152 1024 0
sm_90a 9 0 64 233472 232448 64 49152 1024 1
sm_90a 9 0 64 233472 232448 64 98304 32 0
sm_90a 9 0 64 233472 232448 64 98304 32 1
sm_90a 9 0 64 233472 232448 64 98304 96 0
sm_90a 9 0 64 233472 232448 64 98304 96 1
sm_90a 9 0 64 233472 232448 64 98304 128 0
sm_90a 9 0 64 233472 232448 64 98304 128 1
sm_90a 9 0 64 233472 232448 64 98304 256 0
sm_90a 9 0 64 233472 232448 64 98304 256 1
sm_90a 9 0 64 233472 232448 64 98304 384 0
sm_90a 9 0 64 233472 232448 64 98304 384 1
sm_90a 9 0 64 233472 232448 64 98304 512 0
sm_90a 9 0 64 233472 232448 64 98304 512 1
sm_90a 9 0 64 233472 232448 64 98304 1024 0
sm_90a 9 0 64 233472 232448 64 98304 1024 1
sm_90a 9 0 64 233472 232448 64 200000 32 0
sm_90a 9 0 64 233472 232448 64 200000 32 1
sm_90a 9 0 64 233472 232448 64 200000 96 0
sm_90a 9 0 64 233472 232448 64 200000 96 1
sm_90a 9 0 64 233472 232448 64 200000 128 0
sm_90a 9 0 64 233472 232448 64 200000 128 1
sm_90a 9 0 64 233472 232448 64 200000 256 0
sm_90a 9 0 64 233472 232448 64 200000 256 1
sm_90a 9 0 64 233472 232448 64 200000 384 0
sm_90a 9 0 64 233472 232448 64 200000 384 1
sm_90a 9 0 64 233472 232448 64 200000 512 0
sm_90a 9 0 64 233472 232448 64 200000 512 1
sm_90a 9 0 64 233472 232448 64 200000 1024 0
sm_90a 9 0 64 233472 232448 64 200000 1024 1
sm_90a 9 0 64 233472 232448 72 0 32 0
sm_90a 9 0 64 233472 232448 72 0 32 1
sm_90a 9 0 64 233472 232448 72 0 96 0
sm_90a 9 0 64 233472 232448 72 0 96 1
sm_90a 9 0 64 233472 232448 72 0 128 0
sm_90a 9 0 64 233472 232448 72 0 128 1
sm_90a 9 0 64 233472 232448 72 0 256 0
sm_90a 9 0 64 233472 232448 72 0 256 1
sm_90a 9 0 64 233472 232448 72 0 384 0
sm_90a 9 0 64 233472 232448 72 0 384 1
sm_90a 9 0 64 233472 232448 72 0 512 0
sm_90a 9 0 64 233472 232448 72 0 512 1
sm_90a 9 0 64 233472 232448 72 0 1024 0
sm_90a 9 0 64 233472 232448 72 0 1024 1
sm_90a 9 0 64 233472 232448 72 128 32 0
sm_90a 9 0 64 233472 232448 72 128 32 1
sm_90a 9 0 64 233472 232448 72 128 96 0
sm_90a 9 0 64 233472 232448 72 128 96 1
sm_90a 9 0 64 233472 232448 72 128 128 0
sm_90a 9 0 64 233472 232448 72 128 128 1
sm_90a 9 0 64 233472 232448 72 128 256 0
sm_90a 9 0 64 233472 232448 72 128 256 1
sm_90a 9 0 64 233472 232448 72 128 384 0
sm_90a 9 0 64 233472 232448 72 128 384 1
sm_90a 9 0 64 233472 232448 72 128 512 0
sm_90a 9 0 64 233472 232448 72 128 512 1
sm_90a 9 0 64 233472 232448 72 128 1024 0
sm_90a 9 0 64 233472 232448 72 128 1024 1
sm_90a 9 0 64 233472 232448 72 8192 32 0
sm_90a 9 0 64 233472 232448 72 8192 32 1
sm_90a 9 0 64 233472 232448 72 8192 96 0
sm_90a 9 0 64 233472 232448 72 8192 96 1
sm_90a 9 0 64 233472 232448 72 8192 128 0
sm_90a 9 0 64 233472 232448 72 8192 128 1
sm_90a 9 0 64 233472 232448 72 8192 256 0
sm_90a 9 0 64 233472 232448 72 8192 256 1
sm_90a 9 0 64 233472 232448 72 8192 384 0
sm_90a 9 0 64 233472 232448 72 8192 384 1
sm_90a 9 0 64 233472 232448 72 8192 512 0
sm_90a 9 0 64 233472 232448 72 8192 512 1
sm_90a 9 0 64 233472 232448 72 8192 1024 0
sm_90a 9 0 64 233472 232448 72 8192 1024 1
sm_90a 9 0 64 233472 232448 72 32768 32 0
sm_90a 9 0 64 233472 232448 72 32768 32 1
sm_90a 9 0 64 233472 232448 72 32768 96 0
sm_90a 9 0 64 233472 232448 72 32768 96 1
sm_90a 9 0 64 233472 232448 72 32768 128 0
sm_90a 9 0 64 233472 232448 72 32768 128 1
sm_90a 9 0 64 233472 232448 72 32768 256 0
sm_90a 9 0 64 233472 232448 72 32768 256 1
sm_90a 9 0 64 233472 232448 72 32768 384 0
sm_90a 9 0 64 233472 232448 72 32768 384 1
sm_90a 9 0 64 233472 232448 72 32768 512 0
sm_90a 9 0 64 233472 232448 72 32768 512 1
sm_90a 9 0 64 233472 232448 72 32768 1024 0
sm_90a 9 0 64 233472 232448 72 32768 1024 1
sm_90a 9 0 64 233472 232448 72 49152 32 0
sm_90a 9 0 64 233472 232448 72 49152 32 1
sm_90a 9 0 64 233472 232448 72 49152 96 0
sm_90a 9 0 64 233472 232448 72 49152 96 1
sm_90a 9 0 64 233472 232448 72 49152 128 0
sm_90a 9 0 64 233472 232448 72 49152 128 1
sm_90a 9 0 64 233472 232448 72 49152 256 0
sm_90a 9 0 64 233472 232448 72 49152 256 1
sm_90a 9 0 64 233472 232448 72 49152 384 0
sm_90a 9 0 64 233472 232448 72 49152 384 1
sm_90a 9 0 64 233472 232448 72 49152 512 0
sm_90a 9 0 64 233472 232448 72 49152 512 1
sm_90a 9 0 64 233472 232448 72 49152 1024 0
sm_90a 9 0 64 233472 232448 72 49152 1024 1
sm_90a 9 0 64 233472 232448 72 98304 32 0
sm_90a 9 0 64 233472 232448 72 98304 32 1
sm_90a 9 0 64 233472 232448 72 98304 96 0
sm_90a 9 0 64 233472 232448 72 98304 96 1
sm_90a 9 0 64 233472 232448 72 98304 128 0
sm_90a 9 0 64 233472 232448 72 98304 128 1
sm_90a 9 0 64 233472 232448 72 98304 256 0
sm_90a 9 0 64 233472 232448 72 98304 256 1
sm_90a 9 0 64 233472 232448 72 98304 384 0
sm_90a 9 0 64 233472 232448 72 98304 384 1
sm_90a 9 0 64 233472 232448 72 98304 512 0
sm_90a 9 0 64 233472 232448 72 98304 512 1
sm_90a 9 0 64 233472 232448 72 98304 1024 0
sm_90a 9 0 64 233472 232448 72 98304 1024 1
sm_90a 9 0 64 233472 232448 72 200000 32 0
sm_90a 9 0 64 233472 232448 72 200000 32 1
sm_90a 9 0 64 233472 232448 72 200000 96 0
sm_90a 9 0 64 233472 232448 72 200000 96 1
sm_90a 9 0 64 233472 232448 72 200000 128 0
sm_90a 9 0 64 233472 232448 72 200000 128 1
sm_90a 9 0 64 233472 232448 72 200000 256 0
sm_90a 9 0 64 233472 232448 72 200000 256 1
sm_90a 9 0 64 233472 232448 72 200000 384 0
sm_90a 9 0 64 233472 232448 72 200000 384 1
sm_90a 9 0 64 233472 232448 72 200000 512 0
sm_90a 9 0 64 233472 232448 72 200000 512 1
sm_90a 9 0 64 233472 232448 72 200000 1024 0
sm_90a 9 0 64 233472 232448 72 200000 1024 1
sm_90a 9 0 64 233472 232448 96 0 32 0
sm_90a 9 0 64 233472 232448 96 0 32 1
sm_90a 9 0 64 233472 232448 96 0 96 0
sm_90a 9 0 64 233472 232448 96 0 96 1
sm_90a 9 0 64 233472 232448 96 0 128 0
sm_90a 9 0 64 233472 232448 96 0 128 1
sm_90a 9 0 64 233472 232448 96 0 256 0
sm_90a 9 0 64 233472 232448 96 0 256 1
sm_90a 9 0 64 233472 232448 96 0 384 0
sm_90a 9 0 64 233472 232448 96 0 384 1
sm_90a 9 0 64 233472 232448 96 0 512 0
sm_90a 9 0 64 233472 232448 96 0 512 1
sm_90a 9 0 64 233472 232448 96 0 1024 0
sm_90a 9 0 64 233472 232448 96 0 1024 1
sm_90a 9 0 64 233472 232448 96 128 32 0
sm_90a 9 0 64 233472 232448 96 128 32 1
sm_90a 9 0 64 233472 232448 96 128 96 0
sm_90a 9 0 64 233472 232448 96 128 96 1
sm_90a 9 0 64 233472 232448 96 128 128 0
sm_90a 9 0 64 233472 232448 96 128 128 1
sm_90a 9 0 64 233472 232448 96 128 256 0
sm_90a 9 0 64 233472 232448 96 128 256 1
sm_90a 9 0 64 233472 232448 96 128 384 0
sm_90a 9 0 64 233472 232448 96 128 384 1
sm_90a 9 0 64 233472 232448 96 128 512 0
sm_90a 9 0 64 233472 232448 96 128 512 1
sm_90a 9 0 64 233472 232448 96 128 1024 0
sm_90a 9 0 64 233472 232448 96 128 1024 1
sm_90a 9 0 64 233472 232448 96 8192 32 0
sm_90a 9 0 64 233472 232448 96 8192 32 1
sm_90a 9 0 64 233472 232448 96 8192 96 0
sm_90a 9 0 64 233472 232448 96 8192 96 1
sm_90a 9 0 64 233472 232448 96 8192 128 0
sm_90a 9 0 64 233472 232448 96 8192 128 1
sm_90a 9 0 64 233472 232448 96 8192 256 0
sm_90a 9 0 64 233472 232448 96 8192 256 1
sm_90a 9 0 64 233472 232448 96 8192 384 0
sm_90a 9 0 64 233472 232448 96 8192 384 1
sm_90a 9 0 64 233472 232448 96 8192 512 0
sm_90a 9 0 64 233472 232448 96 8192 512 1
sm_90a 9 0 64 233472 232448 96 8192 1024 0
sm_90a 9 0 64 233472 232448 96 8192 1024 1
sm_90a 9 0 64 233472 232448 96 32768 32 0
sm_90a 9 0 64 233472 232448 96 32768 32 1
sm_90a 9 0 64 233472 232448 96 32768 96 0
sm_90a 9 0 64 233472 232448 96 32768 96 1
sm_90a 9 0 64 233472 232448 96 32768 128 0
sm_90a 9 0 64 233472 232448 96 32768 128 1
sm_90a 9 0 64 233472 232448 96 32768 256 0
sm_90a 9 0 64 233472 232448 96 32768 256 1
sm_90a 9 0 64 233472 232448 96 32768 384 0
sm_90a 9 0 64 233472 232448 96 32768 384 1
sm_90a 9 0 64 233472 232448 96 32768 512 0
sm_90a 9 0 64 233472 232448 96 32768 512 1
sm_90a 9 0 64 233472 232448 96 32768 1024 0
sm_90a 9 0 64 233472 232448 96 32768 1024 1
sm_90a 9 0 64 233472 232448 96 49152 32 0
sm_90a 9 0 64 233472 232448 96 49152 32 1
sm_90a 9 0 64 233472 232448 96 49152 96 0
sm_90a 9 0 64 233472 232448 96 49152 96 1
sm_90a 9 0 64 233472 232448 96 49152 128 0
sm_90a 9 0 64 233472 232448 96 49152 128 1
sm_90a 9 0 64 233472 232448 96 49152 256 0
sm_90a 9 0 64 233472 232448 96 49152 256 1
sm_90a 9 0 64 233472 232448 96 49152 384 0
sm_90a 9 0 64 233472 232448 96 49152 384 1
sm_90a 9 0 64 233472 232448 96 49152 512 0
sm_90a 9 0 64 233472 232448 96 49152 512 1
sm_90a 9 0 64 233472 232448 96 49152 1024 0
sm_90a 9 0 64 233472 232448 96 49152 1024 1
sm_90a 9 0 64 233472 232448 96 98304 32 0
sm_90a 9 0 64 233472 232448 96 98304 32 1
sm_90a 9 0 64 233472 232448 96 98304 96 0
sm_90a 9 0 64 233472 232448 96 98304 96 1
sm_90a 9 0 64 233472 232448 96 98304 128 0
sm_90a 9 0 64 233472 232448 96 98304 128 1
sm_90a 9 0 64 233472 232448 96 98304 256 0
sm_90a 9 0 64 233472 232448 96 98304 256 1
sm_90a 9 0 64 233472 232448 96 98304 384 0
sm_90a 9 0 64 233472 232448 96 98304 384 1
sm_90a 9 0 64 233472 232448 96 98304 512 0
sm_90a 9 0 64 233472 232448 96 98304 512 1
sm_90a 9 0 64 233472 232448 96 98304 1024 0
sm_90a 9 0 64 233472 232448 96 98304 1024 1
sm_90a 9 0 64 233472 232448 96 200000 32 0
sm_90a 9 0 64 233472 232448 96 200000 32 1
sm_90a 9 0 64 233472 232448 96 200000 96 0
sm_90a 9 0 64 233472 232448 96 200000 96 1
sm_90a 9 0 64 233472 232448 96 200000 128 0
sm_90a 9 0 64 233472 232448 96 200000 128 1
sm_90a 9 0 64 233472 232448 96 200000 256 0
sm_90a 9 0 64 233472 232448 96 200000 256 1
sm_90a 9 0 64 233472 232448 96 200000 384 0
sm_90a 9 0 64 233472 232448 96 200000 384 1
sm_90a 9 0 64 233472 232448 96 200000 512 0
sm_90a 9 0 64 233472 232448 96 200000 512 1
sm_90a 9 0 64 233472 232448 96 200000 1024 0
sm_90a 9 0 64 233472 232448 96 200000 1024 1
sm_90a 9 0 64 233472 232448 128 0 32 0
sm_90a 9 0 64 233472 232448 128 0 32 1
sm_90a 9 0 64 233472 232448 128 0 96 0
sm_90a 9 0 64 233472 232448 128 0 96 1
sm_90a 9 0 64 233472 232448 128 0 128 0
sm_90a 9 0 64 233472 232448 128 0 128 1
sm_90a 9 0 64 233472 232448 128 0 256 0
sm_90a 9 0 64 233472 232448 128 0 256 1
sm_90a 9 0 64 233472 232448 128 0 384 0
sm_90a 9 0 64 233472 232448 128 0 384 1
sm_90a 9 0 64 233472 232448 128 0 512 0
sm_90a 9 0 64 233472 232448 128 0 512 1
sm_90a 9 0 64 233472 232448 128 0 1024 0
sm_90a 9 0 64 233472 232448 128 0 1024 1
sm_90a 9 0 64 233472 232448 128 128 32 0
sm_90a 9 0 64 233472 232448 128 128 32 1
sm_90a 9 0 64 233472 232448 128 128 96 0
sm_90a 9 0 64 233472 232448 128 128 96 1
sm_90a 9 0 64 233472 232448 128 128 128 0
sm_90a 9 0 64 233472 232448 128 128 128 1
sm_90a 9 0 64 233472 232448 128 128 256 0
sm_90a 9 0 64 233472 232448 128 128 256 1
sm_90a 9 0 64 233472 232448 128 128 384 0
sm_90a 9 0 64 233472 232448 128 128 384 1
sm_90a 9 0 64 233472 232448 128 128 512 0
sm_90a 9 0 64 233472 232448 128 128 512 1
sm_90a 9 0 64 233472 232448 128 128 1024 0
sm_90a 9 0 64 233472 232448 128 128 1024 1
sm_90a 9 0 64 233472 232448 128 8192 32 0
sm_90a 9 0 64 233472 232448 128 8192 32 1
sm_90a 9 0 64 233472 232448 128 8192 96 0
sm_90a 9 0 64 233472 232448 128 8192 96 1
sm_90a 9 0 64 233472 232448 128 8192 128 0
sm_90a 9 0 64 233472 232448 128 8192 128 1
sm_90a 9 0 64 233472 232448 128 8192 256 0
sm_90a 9 0 64 233472 232448 128 8192 256 1
sm_90a 9 0 64 233472 232448 128 8192 384 0
sm_90a 9 0 64 233472 232448 128 8192 384 1
sm_90a 9 0 64 233472 232448 128 8192 512 0
sm_90a 9 0 64 233472 232448 128 8192 512 1
sm_90a 9 0 64 233472 232448 128 8192 1024 0
sm_90a 9 0 64 233472 232448 128 8192 1024 1
sm_90a 9 0 64 233472 232448 128 32768 32 0
sm_90a 9 0 64 233472 232448 128 32768 32 1
sm_90a 9 0 64 233472 232448 128 32768 96 0
sm_90a 9 0 64 233472 232448 128 32768 96 1
sm_90a 9 0 64 233472 232448 128 32768 128 0
sm_90a 9 0 64 233472 232448 128 32768 128 1
sm_90a 9 0 64 233472 232448 128 32768 256 0
sm_90a 9 0 64 233472 232448 128 32768 256 1
sm_90a 9 0 64 233472 232448 128 32768 384 0
sm_90a 9 0 64 233472 232448 128 32768 384 1
sm_90a 9 0 64 233472 232448 128 32768 512 0
sm_90a 9 0 64 233472 232448 128 32768 512 1
sm_90a 9 0 64 233472 232448 128 32768 1024 0
sm_90a 9 0 64 233472 232448 128 32768 1024 1
sm_90a 9 0 64 233472 232448 128 49152 32 0
sm_90a 9 0 64 233472 232448 128 49152 32 1
sm_90a 9 0 64 233472 232448 128 49152 96 0
sm_90a 9 0 64 233472 232448 128 49152 96 1
sm_90a 9 0 64 233472 232448 128 49152 128 0
sm_90a 9 0 64 233472 232448 128 49152 128 1
sm_90a 9 0 64 233472 232448 128 49152 256 0
sm_90a 9 0 64 233472 232448 128 49152 256 1
sm_90a 9 0 64 233472 232448 128 49152 384 0
sm_90a 9 0 64 233472 232448 128 49152 384 1
sm_90a 9 0 64 233472 232448 128 49152 512 0
sm_90a 9 0 64 233472 232448 128 49152 512 1
sm_90a 9 0 64 233472 232448 128 49152 1024 0
sm_90a 9 0 64 233472 232448 128 49152 1024 1
sm_90a 9 0 64 233472 232448 128 98304 32 0
sm_90a 9 0 64 233472 232448 128 98304 32 1
sm_90a 9 0 64 233472 232448 128 98304 96 0
sm_90a 9 0 64 233472 232448 128 98304 96 1
sm_90a 9 0 64 233472 232448 128 98304 128 0
sm_90a 9 0 64 233472 232448 128 98304 128 1
sm_90a 9 0 64 233472 232448 128 98304 256 0
sm_90a 9 0 64 233472 232448 128 98304 256 1
sm_90a 9 0 64 233472 232448 128 98304 384 0
sm_90a 9 0 64 233472 232448 128 98304 384 1
sm_90a 9 0 64 233472 232448 128 98304 512 0
sm_90a 9 0 64 233472 232448 128 98304 512 1
sm_90a 9 0 64 233472 232448 128 98304 1024 0
sm_90a 9 0 64 233472 232448 128 98304 1024 1
sm_90a 9 0 64 233472 232448 128 200000 32 0
sm_90a 9 0 64 233472 232448 128 200000 32 1
sm_90a 9 0 64 233472 232448 128 200000 96 0
sm_90a 9 0 64 233472 232448 128 200000 96 1
sm_90a 9 0 64 233472 232448 128 200000 128 0
sm_90a 9 0 64 233472 232448 128 200000 128 1
sm_90a 9 0 64 233472 232448 128 200000 256 0
sm_90a 9 0 64 233472 232448 128 200000 256 1
sm_90a 9 0 64 233472 232448 128 200000 384 0
sm_90a 9 0 64 233472 232448 128 200000 384 1
sm_90a 9 0 64 233472 232448 128 200000 512 0
sm_90a 9 0 64 233472 232448 128 200000 512 1
sm_90a 9 0 64 233472 232448 128 200000 1024 0
sm_90a 9 0 64 233472 232448 128 200000 1024 1
sm_90a 9 0 64 233472 232448 168 0 32 0
sm_90a 9 0 64 233472 232448 168 0 32 1
sm_90a 9 0 64 233472 232448 168 0 96 0
sm_90a 9 0 64 233472 232448 168 0 96 1
sm_90a 9 0 64 233472 232448 168 0 128 0
sm_90a 9 0 64 233472 232448 168 0 128 1
sm_90a 9 0 64 233472 232448 168 0 256 0
sm_90a 9 0 64 233472 232448 168 0 256 1
sm_90a 9 0 64 233472 232448 168 0 384 0
sm_90a 9 0 64 233472 232448 168 0 384 1
sm_90a 9 0 64 233472 232448 168 0 512 0
sm_90a 9 0 64 233472 232448 168 0 512 1
sm_90a 9 0 64 233472 232448 168 0 1024 0
sm_90a 9 0 64 233472 232448 168 0 1024 1
sm_90a 9 0 64 233472 232448 168 128 32 0
sm_90a 9 0 64 233472 232448 168 128 32 1
sm_90a 9 0 64 233472 232448 168 128 96 0
sm_90a 9 0 64 233472 232448 168 128 96 1
sm_90a 9 0 64 233472 232448 168 128 128 0
sm_90a 9 0 64 233472 232448 168 128 128 1
sm_90a 9 0 64 233472 232448 168 128 256 0
sm_90a 9 0 64 233472 232448 168 128 256 1
sm_90a 9 0 64 233472 232448 168 128 384 0
sm_90a 9 0 64 233472 232448 168 128 384 1
sm_90a 9 0 64 233472 232448 168 128 512 0
sm_90a 9 0 64 233472 232448 168 128 512 1
sm_90a 9 0 64 233472 232448 168 128 1024 0
sm_90a 9 0 64 233472 232448 168 128 1024 1
sm_90a 9 0 64 233472 232448 168 8192 32 0
sm_90a 9 0 64 233472 232448 168 8192 32 1
sm_90a 9 0 64 233472 232448 168 8192 96 0
sm_90a 9 0 64 233472 232448 168 8192 96 1
sm_90a 9 0 64 233472 232448 168 8192 128 0
sm_90a 9 0 64 233472 232448 168 8192 128 1
sm_90a 9 0 64 233472 232448 168 8192 256 0
sm_90a 9 0 64 233472 232448 168 8192 256 1
sm_90a 9 0 64 233472 232448 168 8192 384 0
sm_90a 9 0 64 233472 232448 168 8192 384 1
sm_90a 9 0 64 233472 232448 168 8192 512 0
sm_90a 9 0 64 233472 232448 168 8192 512 1
sm_90a 9 0 64 233472 232448 168 8192 1024 0
sm_90a 9 0 64 233472 232448 168 8192 1024 1
sm_90a 9 0 64 233472 232448 168 32768 32 0
sm_90a 9 0 64 233472 232448 168 32768 32 1
sm_90a 9 0 64 233472 232448 168 32768 96 0
sm_90a 9 0 64 233472 232448 168 32768 96 1
sm_90a 9 0 64 233472 232448 168 32768 128 0
sm_90a 9 0 64 233472 232448 168 32768 128 1
sm_90a 9 0 64 233472 232448 168 32768 256 0
sm_90a 9 0 64 233472 232448 168 32768 256 1
sm_90a 9 0 64 233472 232448 168 32768 384 0
sm_90a 9 0 64 233472 232448 168 32768 384 1
sm_90a 9 0 64 233472 232448 168 32768 512 0
sm_90a 9 0 64 233472 232448 168 32768 512 1
sm_90a 9 0 64 233472 232448 168 32768 1024 0
sm_90a 9 0 64 233472 232448 168 32768 1024 1
sm_90a 9 0 64 233472 232448 168 49152 32 0
sm_90a 9 0 64 233472 232448 168 49152 32 1
sm_90a 9 0 64 233472 232448 168 49152 96 0
sm_90a 9 0 64 233472 232448 168 49152 96 1
sm_90a 9 0 64 233472 232448 168 49152 128 0
sm_90a 9 0 64 233472 232448 168 49152 128 1
sm_90a 9 0 64 233472 232448 168 49152 256 0
sm_90a 9 0 64 233472 232448 168 49152 256 1
sm_90a 9 0 64 233472 232448 168 49152 384 0
sm_90a 9 0 64 233472 232448 168 49152 384 1
sm_90a 9 0 64 233472 232448 168 49152 512 0
sm_90a 9 0 64 233472 232448 168 49152 512 1
sm_90a 9 0 64 233472 232448 168 49152 1024 0
sm_90a 9 0 64 233472 232448 168 49152 1024 1
sm_90a 9 0 64 233472 232448 168 98304 32 0
sm_90a 9 0 64 233472 232448 168 98304 32 1
sm_90a 9 0 64 233472 232448 168 98304 96 0
sm_90a 9 0 64 233472 232448 168 98304 96 1
sm_90a 9 0 64 233472 232448 168 98304 128 0
sm_90a 9 0 64 233472 232448 168 98304 128 1
sm_90a 9 0 64 233472 232448 168 98304 256 0
sm_90a 9 0 64 233472 232448 168 98304 256 1
sm_90a 9 0 64 233472 232448 168 98304 384 0
sm_90a 9 0 64 233472 232448 168 98304 384 1
sm_90a 9 0 64 233472 232448 168 98304 512 0
sm_90a 9 0 64 233472 232448 168 98304 512 1
sm_90a 9 0 64 233472 232448 168 98304 1024 0
sm_90a 9 0 64 233472 232448 168 98304 1024 1
sm_90a 9 0 64 233472 232448 168 200000 32 0
sm_90a 9 0 64 233472 232448 168 200000 32 1
sm_90a 9 0 64 233472 232448 168 200000 96 0
sm_90a 9 0 64 233472 232448 168 200000 96 1
sm_90a 9 0 64 233472 232448 168 200000 128 0
sm_90a 9 0 64 233472 232448 168 200000 128 1
sm_90a 9 0 64 233472 232448 168 200000 256 0
sm_90a 9 0 64 233472 232448 168 200000 256 1
sm_90a 9 0 64 233472 232448 168 200000 384 0
sm_90a 9 0 64 233472 232448 168 200000 384 1
sm_90a 9 0 64 233472 232448 168 200000 512 0
sm_90a 9 0 64 233472 232448 168 200000 512 1
sm_90a 9 0 64 233472 232448 168 200000 1024 0
sm_90a 9 0 64 233472 232448 168 200000 1024 1
sm_90a 9 0 64 233472 232448 255 0 32 0
sm_90a 9 0 64 233472 232448 255 0 32 1
sm_90a 9 0 64 233472 232448 255 0 96 0
sm_90a 9 0 64 233472 232448 255 0 96 1
sm_90a 9 0 64 233472 232448 255 0 128 0
sm_90a 9 0 64 233472 232448 255 0 128 1
sm_90a 9 0 64 233472 232448 255 0 256 0
sm_90a 9 0 64 233472 232448 255 0 256 1
sm_90a 9 0 64 233472 232448 255 0 384 0
sm_90a 9 0 64 233472 232448 255 0 384 1
sm_90a 9 0 64 233472 232448 255 0 512 0
sm_90a 9 0 64 233472 232448 255 0 512 1
sm_90a 9 0 64 233472 232448 255 0 1024 0
sm_90a 9 0 64 233472 232448 255 0 1024 1
sm_90a 9 0 64 233472 232448 255 128 32 0
sm_90a 9 0 64 233472 232448 255 128 32 1
sm_90a 9 0 64 233472 232448 255 128 96 0
sm_90a 9 0 64 233472 232448 255 128 96 1
sm_90a 9 0 64 233472 232448 255 128 128 0
sm_90a 9 0 64 233472 232448 255 128 128 1
sm_90a 9 0 64 233472 232448 255 128 256 0
sm_90a 9 0 64 233472 232448 255 128 256 1
sm_90a 9 0 64 233472 232448 255 128 384 0
sm_90a 9 0 64 233472 232448 255 128 384 1
sm_90a 9 0 64 233472 232448 255 128 512 0
sm_90a 9 0 64 233472 232448 255 128 512 1
sm_90a 9 0 64 233472 232448 255 128 1024 0
sm_90a 9 0 64 233472 232448 255 128 1024 1
sm_90a 9 0 64 233472 232448 255 8192 32 0
sm_90a 9 0 64 233472 232448 255 8192 32 1
sm_90a 9 0 64 233472 232448 255 8192 96 0
sm_90a 9 0 64 233472 232448 255 8192 96 1
sm_90a 9 0 64 233472 232448 255 8192 128 0
sm_90a 9 0 64 233472 232448 255 8192 128 1
sm_90a 9 0 64 233472 232448 255 8192 256 0
sm_90a 9 0 64 233472 232448 255 8192 256 1
sm_90a 9 0 64 233472 232448 255 8192 384 0
sm_90a 9 0 64 233472 232448 255 8192 384 1
sm_90a 9 0 64 233472 232448 255 8192 512 0
sm_90a 9 0 64 233472 232448 255 8192 512 1
sm_90a 9 0 64 233472 232448 255 8192 1024 0
sm_90a 9 0 64 233472 232448 255 8192 1024 1
sm_90a 9 0 64 233472 232448 255 32768 32 0
sm_90a 9 0 64 233472 232448 255 32768 32 1
sm_90a 9 0 64 233472 232448 255 32768 96 0
sm_90a 9 0 64 233472 232448 255 32768 96 1
sm_90a 9 0 64 233472 232448 255 32768 128 0
sm_90a 9 0 64 233472 232448 255 32768 128 1
sm_90a 9 0 64 233472 232448 255 32768 256 0
sm_90a 9 0 64 233472 232448 255 32768 256 1
sm_90a 9 0 64 233472 232448 255 32768 384 0
sm_90a 9 0 64 233472 232448 255 32768 384 1
sm_90a 9 0 64 233472 232448 255 32768 512 0
sm_90a 9 0 64 233472 232448 255 32768 512 1
sm_90a 9 0 64 233472 232448 255 32768 1024 0
sm_90a 9 0 64 233472 232448 255 32768 1024 1
sm_90a 9 0 64 233472 232448 255 49152 32 0
sm_90a 9 0 64 233472 232448 255 49152 32 1
sm_90a 9 0 64 233472 232448 255 49152 96 0
sm_90a 9 0 64 233472 232448 255 49152 96 1
sm_90a 9 0 64 233472 232448 255 49152 128 0
sm_90a 9 0 64 233472 232448 255 49152 128 1
sm_90a 9 0 64 233472 232448 255 49152 256 0
sm_90a 9 0 64 233472 232448 255 49152 256 1
sm_90a 9 0 64 233472 232448 255 49152 384 0
sm_90a 9 0 64 233472 232448 255 49152 384 1
sm_90a 9 0 64 233472 232448 255 49152 512 0
sm_90a 9 0 64 233472 232448 255 49152 512 1
sm_90a 9 0 64 233472 232448 255 49152 1024 0
sm_90a 9 0 64 233472 232448 255 49152 1024 1
sm_90a 9 0 64 233472 232448 255 98304 32 0
sm_90a 9 0 64 233472 232448 255 98304 32 1
sm_90a 9 0 64 233472 232448 255 98304 96 0
sm_90a 9 0 64 233472 232448 255 98304 96 1
sm_90a 9 0 64 233472 232448 255 98304 128 0
sm_90a 9 0 64 233472 232448 255 98304 128 1
sm_90a 9 0 64 233472 232448 255 98304 256 0
sm_90a 9 0 64 233472 232448 255 98304 256 1
sm_90a 9 0 64 233472 232448 255 98304 384 0
sm_90a 9 0 64 233472 232448 255 98304 384 1
sm_90a 9 0 64 233472 232448 255 98304 512 0
sm_90a 9 0 64 233472 232448 255 98304 512 1
sm_90a 9 0 64 233472 232448 255 98304 1024 0
sm_90a 9 0 64 233472 232448 255 98304 1024 1
sm_90a 9 0 64 233472 232448 255 200000 32 0
sm_90a 9 0 64 233472 232448 255 200000 32 1
sm_90a 9 0 64 233472 232448 255 200000 96 0
sm_90a 9 0 64 233472 232448 255 200000 96 1
sm_90a 9 0 64 233472 232448 255 200000 128 0
sm_90a 9 0 64 233472 232448 255 200000 128 1
sm_90a 9 0 64 233472 232448 255 200000 256 0
sm_90a 9 0 64 233472 232448 255 200000 256 1
sm_90a 9 0 64 233472 232448 255 200000 384 0
sm_90a 9 0 64 233472 232448 255 200000 384 1
sm_90a 9 0 64 233472 232448 255 200000 512 0
sm_90a 9 0 64 233472 232448 255 200000 512 1
sm_90a 9 0 64 233472 232448 255 200000 1024 0
sm_90a 9 0 64 233472 232448 255 200000 1024 1
sm_100a 10 0 64 233472 232448 16 0 32 0
sm_100a 10 0 64 233472 232448 16 0 32 1
sm_100a 10 0 64 233472 232448 16 0 96 0
sm_100a 10 0 64 233472 232448 16 0 96 1
sm_100a 10 0 64 233472 232448 16 0 128 0
sm_100a 10 0 64 233472 232448 16 0 128 1
sm_100a 10 0 64 233472 232448 16 0 256 0
sm_100a 10 0 64 233472 232448 16 0 256 1
sm_100a 10 0 64 233472 232448 16 0 384 0
sm_100a 10 0 64 233472 232448 16 0 384 1
sm_100a 10 0 64 233472 232448 16 0 512 0
sm_100a 10 0 64 233472 232448 16 0 512 1
sm_100a 10 0 64 233472 232448 16 0 1024 0
sm_100a 10 0 64 233472 232448 16 0 1024 1
sm_100a 10 0 64 233472 232448 16 128 32 0
sm_100a 10 0 64 233472 232448 16 128 32 1
sm_100a 10 0 64 233472 232448 16 128 96 0
sm_100a 10 0 64 233472 232448 16 128 96 1
sm_100a 10 0 64 233472 232448 16 128 128 0
sm_100a 10 0 64 233472 232448 16 128 128 1
sm_100a 10 0 64 233472 232448 16 128 256 0
sm_100a 10 0 64 233472 232448 16 128 256 1
sm_100a 10 0 64 233472 232448 16 128 384 0
sm_100a 10 0 64 233472 232448 16 128 384 1
sm_100a 10 0 64 233472 232448 16 128 512 0
sm_100a 10 0 64 233472 232448 16 128 512 1
sm_100a 10 0 64 233472 232448 16 128 1024 0
sm_100a 10 0 64 233472 232448 16 128 1024 1
sm_100a 10 0 64 233472 232448 16 8192 32 0
sm_100a 10 0 64 233472 232448 16 8192 32 1
sm_100a 10 0 64 233472 232448 16 8192 96 0
sm_100a 10 0 64 233472 232448 16 8192 96 1
sm_100a 10 0 64 233472 232448 16 8192 128 0
sm_100a 10 0 64 233472 232448 16 8192 128 1
sm_100a 10 0 64 233472 232448 16 8192 256 0
sm_100a 10 0 64 233472 232448 16 8192 256 1
sm_100a 10 0 64 233472 232448 16 8192 384 0
sm_100a 10 0 64 233472 232448 16 8192 384 1
sm_100a 10 0 64 233472 232448 16 8192 512 0
sm_100a 10 0 64 233472 232448 16 8192 512 1
sm_100a 10 0 64 233472 232448 16 8192 1024 0
sm_100a 10 0 64 233472 232448 16 8192 1024 1
sm_100a 10 0 64 233472 232448 16 32768 32 0
sm_100a 10 0 64 233472 232448 16 32768 32 1
sm_100a 10 0 64 233472 232448 16 32768 96 0
sm_100a 10 0 64 233472 232448 16 32768 96 1
sm_100a 10 0 64 233472 232448 16 32768 128 0
sm_100a 10 0 64 233472 232448 16 32768 128 1
sm_100a 10 0 64 233472 232448 16 32768 256 0
sm_100a 10 0 64 233472 232448 16 32768 256 1
sm_100a 10 0 64 233472 232448 16 32768 384 0
sm_100a 10 0 64 233472 232448 16 32768 384 1
sm_100a 10 0 64 233472 232448 16 32768 512 0
sm_100a 10 0 64 233472 232448 16 32768 512 1
sm_100a 10 0 64 233472 232448 16 32768 1024 0
sm_100a 10 0 64 233472 232448 16 32768 1024 1
sm_100a 10 0 64 233472 232448 16 49152 32 0
sm_100a 10 0 64 233472 232448 16 49152 32 1
sm_100a 10 0 64 233472 232448 16 49152 96 0
sm_100a 10 0 64 233472 232448 16 49152 96 1
sm_100a 10 0 64 233472 232448 16 49152 128 0
sm_100a 10 0 64 233472 232448 16 49152 128 1
sm_100a 10 0 64 233472 232448 16 49152 256 0
sm_100a 10 0 64 233472 232448 16 49152 256 1
sm_100a 10 0 64 233472 232448 16 49152 384 0
sm_100a 10 0 64 233472 232448 16 49152 384 1
sm_100a 10 0 64 233472 232448 16 49152 512 0
sm_100a 10 0 64 233472 232448 16 49152 512 1
sm_100a 10 0 64 233472 232448 16 49152 1024 0
sm_100a 10 0 64 233472 232448 16 49152 1024 1
sm_100a 10 0 64 233472 232448 16 98304 32 0
sm_100a 10 0 64 233472 232448 16 98304 32 1
sm_100a 10 0 64 233472 232448 16 98304 96 0
sm_100a 10 0 64 233472 232448 16 98304 96 1
sm_100a 10 0 64 233472 232448 16 98304 128 0
sm_100a 10 0 64 233472 232448 16 98304 128 1
sm_100a 10 0 64 233472 232448 16 98304 256 0
sm_100a 10 0 64 233472 232448 16 98304 256 1
sm_100a 10 0 64 233472 232448 16 98304 384 0
sm_100a 10 0 64 233472 232448 16 98304 384 1
sm_100a 10 0 64 233472 232448 16 98304 512 0
sm_100a 10 0 64 233472 232448 16 98304 512 1
sm_100a 10 0 64 233472 232448 16 98304 1024 0
sm_100a 10 0 64 233472 232448 16 98304 1024 1
sm_100a 10 0 64 233472 232448 16 200000 32 0
sm_100a 10 0 64 233472 232448 16 200000 32 1
sm_100a 10 0 64 233472 232448 16 200000 96 0
sm_100a 10 0 64 233472 232448 16 200000 96 1
sm_100a 10 0 64 233472 232448 16 200000 128 0
sm_100a 10 0 64 233472 232448 16 200000 128 1
sm_100a 10 0 64 233472 232448 16 200000 256 0
sm_100a 10 0 64 233472 232448 16 200000 256 1
sm_100a 10 0 64 233472 232448 16 200000 384 0
sm_100a 10 0 64 233472 232448 16 200000 384 1
sm_100a 10 0 64 233472 232448 16 200000 512 0
sm_100a 10 0 64 233472 232448 16 200000 512 1
sm_100a 10 0 64 233472 232448 16 200000 1024 0
sm_100a 10 0 64 233472 232448 16 200000 1024 1
sm_100a 10 0 64 233472 232448 32 0 32 0
sm_100a 10 0 64 233472 232448 32 0 32 1
sm_100a 10 0 64 233472 232448 32 0 96 0
sm_100a 10 0 64 233472 232448 32 0 96 1
sm_100a 10 0 64 233472 232448 32 0 128 0
sm_100a 10 0 64 233472 232448 32 0 128 1
sm_100a 10 0 64 233472 232448 32 0 256 0
sm_100a 10 0 64 233472 232448 32 0 256 1
sm_100a 10 0 64 233472 232448 32 0 384 0
sm_100a 10 0 64 233472 232448 32 0 384 1
sm_100a 10 0 64 233472 232448 32 0 512 0
sm_100a 10 0 64 233472 232448 32 0 512 1
sm_100a 10 0 64 233472 232448 32 0 1024 0
sm_100a 10 0 64 233472 232448 32 0 1024 1
sm_100a 10 0 64 233472 232448 32 128 32 0
sm_100a 10 0 64 233472 232448 32 128 32 1
sm_100a 10 0 64 233472 232448 32 128 96 0
sm_100a 10 0 64 233472 232448 32 128 96 1
sm_100a 10 0 64 233472 232448 32 128 128 0
sm_100a 10 0 64 233472 232448 32 128 128 1
sm_100a 10 0 64 233472 232448 32 128 256 0
sm_100a 10 0 64 233472 232448 32 128 256 1
sm_100a 10 0 64 233472 232448 32 128 384 0
sm_100a 10 0 64 233472 232448 32 128 384 1
sm_100a 10 0 64 233472 232448 32 128 512 0
sm_100a 10 0 64 233472 232448 32 128 512 1
sm_100a 10 0 64 233472 232448 32 128 1024 0
sm_100a 10 0 64 233472 232448 32 128 1024 1
sm_100a 10 0 64 233472 232448 32 8192 32 0
sm_100a 10 0 64 233472 232448 32 8192 32 1
sm_100a 10 0 64 233472 232448 32 8192 96 0
sm_100a 10 0 64 233472 232448 32 8192 96 1
sm_100a 10 0 64 233472 232448 32 8192 128 0
sm_100a 10 0 64 233472 232448 32 8192 128 1
sm_100a 10 0 64 233472 232448 32 8192 256 0
sm_100a 10 0 64 233472 232448 32 8192 256 1
sm_100a 10 0 64 233472 232448 32 8192 384 0
sm_100a 10 0 64 233472 232448 32 8192 384 1
sm_100a 10 0 64 233472 232448 32 8192 512 0
sm_100a 10 0 64 233472 232448 32 8192 512 1
sm_100a 10 0 64 233472 232448 32 8192 1024 0
sm_100a 10 0 64 233472 232448 32 8192 1024 1
sm_100a 10 0 64 233472 232448 32 32768 32 0
sm_100a 10 0 64 233472 232448 32 32768 32 1
sm_100a 10 0 64 233472 232448 32 32768 96 0
sm_100a 10 0 64 233472 232448 32 32768 96 1
sm_100a 10 0 64 233472 232448 32 32768 128 0
sm_100a 10 0 64 233472 232448 32 32768 128 1
sm_100a 10 0 64 233472 232448 32 32768 256 0
sm_100a 10 0 64 233472 232448 32 32768 256 1
sm_100a 10 0 64 233472 232448 32 32768 384 0
sm_100a 10 0 64 233472 232448 32 32768 384 1
sm_100a 10 0 64 233472 232448 32 32768 512 0
sm_100a 10 0 64 233472 232448 32 32768 512 1
sm_100a 10 0 64 233472 232448 32 32768 1024 0
sm_100a 10 0 64 233472 232448 32 32768 1024 1
sm_100a 10 0 64 233472 232448 32 49152 32 0
sm_100a 10 0 64 233472 232448 32 49152 32 1
sm_100a 10 0 64 233472 232448 32 49152 96 0
sm_100a 10 0 64 233472 232448 32 49152 96 1
sm_100a 10 0 64 233472 232448 32 49152 128 0
sm_100a 10 0 64 233472 232448 32 49152 128 1
sm_100a 10 0 64 233472 232448 32 49152 256 0
sm_100a 10 0 64 233472 232448 32 49152 256 1
sm_100a 10 0 64 233472 232448 32 49152 384 0
sm_100a 10 0 64 233472 232448 32 49152 384 1
sm_100a 10 0 64 233472 232448 32 49152 512 0
sm_100a 10 0 64 233472 232448 32 49152 512 1
sm_100a 10 0 64 233472 232448 32 49152 1024 0
sm_100a 10 0 64 233472 232448 32 49152 1024 1
sm_100a 10 0 64 233472 232448 32 98304 32 0
sm_100a 10 0 64 233472 232448 32 98304 32 1
sm_100a 10 0 64 233472 232448 32 98304 96 0
sm_100a 10 0 64 233472 232448 32 98304 96 1
sm_100a 10 0 64 233472 232448 32 98304 128 0
sm_100a 10 0 64 233472 232448 32 98304 128 1
sm_100a 10 0 64 233472 232448 32 98304 256 0
sm_100a 10 0 64 233472 232448 32 98304 256 1
sm_100a 10 0 64 233472 232448 32 98304 384 0
sm_100a 10 0 64 233472 232448 32 98304 384 1
sm_100a 10 0 64 233472 232448 32 98304 512 0
sm_100a 10 0 64 233472 232448 32 98304 512 1
sm_100a 10 0 64 233472 232448 32 98304 1024 0
sm_100a 10 0 64 233472 232448 32 98304 1024 1
sm_100a 10 0 64 233472 232448 32 200000 32 0
sm_100a 10 0 64 233472 232448 32 200000 32 1
sm_100a 10 0 64 233472 232448 32 200000 96 0
sm_100a 10 0 64 233472 232448 32 200000 96 1
sm_100a 10 0 64 233472 232448 32 200000 128 0
sm_100a 10 0 64 233472 232448 32 200000 128 1
sm_100a 10 0 64 233472 232448 32 200000 256 0
sm_100a 10 0 64 233472 232448 32 200000 256 1
sm_100a 10 0 64 233472 232448 32 200000 384 0
sm_100a 10 0 64 233472 232448 32 200000 384 1
sm_100a 10 0 64 233472 232448 32 200000 512 0
sm_100a 10 0 64 233472 232448 32 200000 512 1
sm_100a 10 0 64 233472 232448 32 200000 1024 0
sm_100a 10 0 64 233472 232448 32 200000 1024 1
sm_100a 10 0 64 233472 232448 40 0 32 0
sm_100a 10 0 64 233472 232448 40 0 32 1
sm_100a 10 0 64 233472 232448 40 0 96 0
sm_100a 10 0 64 233472 232448 40 0 96 1
sm_100a 10 0 64 233472 232448 40 0 128 0
sm_100a 10 0 64 233472 232448 40 0 128 1
sm_100a 10 0 64 233472 232448 40 0 256 0
sm_100a 10 0 64 233472 232448 40 0 256 1
sm_100a 10 0 64 233472 232448 40 0 384 0
sm_100a 10 0 64 233472 232448 40 0 384 1
sm_100a 10 0 64 233472 232448 40 0 512 0
sm_100a 10 0 64 233472 232448 40 0 512 1
sm_100a 10 0 64 233472 232448 40 0 1024 0
sm_100a 10 0 64 233472 232448 40 0 1024 1
sm_100a 10 0 64 233472 232448 40 128 32 0
sm_100a 10 0 64 233472 232448 40 128 32 1
sm_100a 10 0 64 233472 232448 40 128 96 0
sm_100a 10 0 64 233472 232448 40 128 96 1
sm_100a 10 0 64 233472 232448 40 128 128 0
sm_100a 10 0 64 233472 232448 40 128 128 1
sm_100a 10 0 64 233472 232448 40 128 256 0
sm_100a 10 0 64 233472 232448 40 128 256 1
sm_100a 10 0 64 233472 232448 40 128 384 0
sm_100a 10 0 64 233472 232448 40 128 384 1
sm_100a 10 0 64 233472 232448 40 128 512 0
sm_100a 10 0 64 233472 232448 40 128 512 1
sm_100a 10 0 64 233472 232448 40 128 1024 0
sm_100a 10 0 64 233472 232448 40 128 1024 1
sm_100a 10 0 64 233472 232448 40 8192 32 0
sm_100a 10 0 64 233472 232448 40 8192 32 1
sm_100a 10 0 64 233472 232448 40 8192 96 0
sm_100a 10 0 64 233472 232448 40 8192 96 1
sm_100a 10 0 64 233472 232448 40 8192 128 0
sm_100a 10 0 64 233472 232448 40 8192 128 1
sm_100a 10 0 64 233472 232448 40 8192 256 0
sm_100a 10 0 64 233472 232448 40 8192 256 1
sm_100a 10 0 64 233472 232448 40 8192 384 0
sm_100a 10 0 64 233472 232448 40 8192 384 1
sm_100a 10 0 64 233472 232448 40 8192 512 0
sm_100a 10 0 64 233472 232448 40 8192 512 1
sm_100a 10 0 64 233472 232448 40 8192 1024 0
sm_100a 10 0 64 233472 232448 40 8192 1024 1
sm_100a 10 0 64 233472 232448 40 32768 32 0
sm_100a 10 0 64 233472 232448 40 32768 32 1
sm_100a 10 0 64 233472 232448 40 32768 96 0
sm_100a 10 0 64 233472 232448 40 32768 96 1
sm_100a 10 0 64 233472 232448 40 32768 128 0
sm_100a 10 0 64 233472 232448 40 32768 128 1
sm_100a 10 0 64 233472 232448 40 32768 256 0
sm_100a 10 0 64 233472 232448 40 32768 256 1
sm_100a 10 0 64 233472 232448 40 32768 384 0
sm_100a 10 0 64 233472 232448 40 32768 384 1
sm_100a 10 0 64 233472 232448 40 32768 512 0
sm_100a 10 0 64 233472 232448 40 32768 512 1
sm_100a 10 0 64 233472 232448 40 32768 1024 0
sm_100a 10 0 64 233472 232448 40 32768 1024 1
sm_100a 10 0 64 233472 232448 40 49152 32 0
sm_100a 10 0 64 233472 232448 40 49152 32 1
sm_100a 10 0 64 233472 232448 40 49152 96 0
sm_100a 10 0 64 233472 232448 40 49152 96 1
sm_100a 10 0 64 233472 232448 40 49152 128 0
sm_100a 10 0 64 233472 232448 40 49152 128 1
sm_100a 10 0 64 233472 232448 40 49152 256 0
sm_100a 10 0 64 233472 232448 40 49152 256 1
sm_100a 10 0 64 233472 232448 40 49152 384 0
sm_100a 10 0 64 233472 232448 40 49152 384 1
sm_100a 10 0 64 233472 232448 40 49152 512 0
sm_100a 10 0 64 233472 232448 40 49152 512 1
sm_100a 10 0 64 233472 232448 40 49152 1024 0
sm_100a 10 0 64 233472 232448 40 49152 1024 1
sm_100a 10 0 64 233472 232448 40 98304 32 0
sm_100a 10 0 64 233472 232448 40 98304 32 1
sm_100a 10 0 64 233472 232448 40 98304 96 0
sm_100a 10 0 64 233472 232448 40 98304 96 1
sm_100a 10 0 64 233472 232448 40 98304 128 0
sm_100a 10 0 64 233472 232448 40 98304 128 1
sm_100a 10 0 64 233472 232448 40 98304 256 0
sm_100a 10 0 64 233472 232448 40 98304 256 1
sm_100a 10 0 64 233472 232448 40 98304 384 0
sm_100a 10 0 64 233472 232448 40 98304 384 1
sm_100a 10 0 64 233472 232448 40 98304 512 0
sm_100a 10 0 64 233472 232448 40 98304 512 1
sm_100a 10 0 64 233472 232448 40 98304 1024 0
sm_100a 10 0 64 233472 232448 40 98304 1024 1
sm_100a 10 0 64 233472 232448 40 200000 32 0
sm_100a 10 0 64 233472 232448 40 200000 32 1
sm_100a 10 0 64 233472 232448 40 200000 96 0
sm_100a 10 0 64 233472 232448 40 200000 96 1
sm_100a 10 0 64 233472 232448 40 200000 128 0
sm_100a 10 0 64 233472 232448 40 200000 128 1
sm_100a 10 0 64 233472 232448 40 200000 256 0
sm_100a 10 0 64 233472 232448 40 200000 256 1
sm_100a 10 0 64 233472 232448 40 200000 384 0
sm_100a 10 0 64 233472 232448 40 200000 384 1
sm_100a 10 0 64 233472 232448 40 200000 512 0
sm_100a 10 0 64 233472 232448 40 200000 512 1
sm_100a 10 0 64 233472 232448 40 200000 1024 0
sm_100a 10 0 64 233472 232448 40 200000 1024 1
sm_100a 10 0 64 233472 232448 64 0 32 0
sm_100a 10 0 64 233472 232448 64 0 32 1
sm_100a 10 0 64 233472 232448 64 0 96 0
sm_100a 10 0 64 233472 232448 64 0 96 1
sm_100a 10 0 64 233472 232448 64 0 128 0
sm_100a 10 0 64 233472 232448 64 0 128 1
sm_100a 10 0 64 233472 232448 64 0 256 0
sm_100a 10 0 64 233472 232448 64 0 256 1
sm_100a 10 0 64 233472 232448 64 0 384 0
sm_100a 10 0 64 233472 232448 64 0 384 1
sm_100a 10 0 64 233472 232448 64 0 512 0
sm_100a 10 0 64 233472 232448 64 0 512 1
sm_100a 10 0 64 233472 232448 64 0 1024 0
sm_100a 10 0 64 233472 232448 64 0 1024 1
sm_100a 10 0 64 233472 232448 64 128 32 0
sm_100a 10 0 64 233472 232448 64 128 32 1
sm_100a 10 0 64 233472 232448 64 128 96 0
sm_100a 10 0 64 233472 232448 64 128 96 1
sm_100a 10 0 64 233472 232448 64 128 128 0
sm_100a 10 0 64 233472 232448 64 128 128 1
sm_100a 10 0 64 233472 232448 64 128 256 0
sm_100a 10 0 64 233472 232448 64 128 256 1
sm_100a 10 0 64 233472 232448 64 128 384 0
sm_100a 10 0 64 233472 232448 64 128 384 1
sm_100a 10 0 64 233472 232448 64 128 512 0
sm_100a 10 0 64 233472 232448 64 128 512 1
sm_100a 10 0 64 233472 232448 64 128 1024 0
sm_100a 10 0 64 233472 232448 64 128 1024 1
sm_100a 10 0 64 233472 232448 64 8192 32 0
sm_100a 10 0 64 233472 232448 64 8192 32 1
sm_100a 10 0 64 233472 232448 64 8192 96 0
sm_100a 10 0 64 233472 232448 64 8192 96 1
sm_100a 10 0 64 233472 232448 64 8192 128 0
sm_100a 10 0 64 233472 232448 64 8192 128 1
sm_100a 10 0 64 233472 232448 64 8192 256 0
sm_100a 10 0 64 233472 232448 64 8192 256 1
sm_100a 10 0 64 233472 232448 64 8192 384 0
sm_100a 10 0 64 233472 232448 64 8192 384 1
sm_100a 10 0 64 233472 232448 64 8192 512 0
sm_100a 10 0 64 233472 232448 64 8192 512 1
sm_100a 10 0 64 233472 232448 64 8192 1024 0
sm_100a 10 0 64 233472 232448 64 8192 1024 1
sm_100a 10 0 64 233472 232448 64 32768 32 0
sm_100a 10 0 64 233472 232448 64 32768 32 1
sm_100a 10 0 64 233472 232448 64 32768 96 0
sm_100a 10 0 64 233472 232448 64 32768 96 1
sm_100a 10 0 64 233472 232448 64 32768 128 0
sm_100a 10 0 64 233472 232448 64 32768 128 1
sm_100a 10 0 64 233472 232448 64 32768 256 0
sm_100a 10 0 64 233472 232448 64 32768 256 1
sm_100a 10 0 64 233472 232448 64 32768 384 0
sm_100a 10 0 64 233472 232448 64 32768 384 1
sm_100a 10 0 64 233472 232448 64 32768 512 0
sm_100a 10 0 64 233472 232448 64 32768 512 1
sm_100a 10 0 64 233472 232448 64 32768 1024 0
sm_100a 10 0 64 233472 232448 64 32768 1024 1
sm_100a 10 0 64 233472 232448 64 49152 32 0
sm_100a 10 0 64 233472 232448 64 49152 32 1
sm_100a 10 0 64 233472 232448 64 49152 96 0
sm_100a 10 0 64 233472 232448 64 49152 96 1
sm_100a 10 0 64 233472 232448 64 49152 128 0
sm_100a 10 0 64 233472 232448 64 49152 128 1
sm_100a 10 0 64 233472 232448 64 49152 256 0
sm_100a 10 0 64 233472 232448 64 49152 256 1
sm_100a 10 0 64 233472 232448 64 49152 384 0
sm_100a 10 0 64 233472 232448 64 49152 384 1
sm_100a 10 0 64 233472 232448 64 49152 512 0
sm_100a 10 0 64 233472 232448 64 49152 512 1
sm_100a 10 0 64 233472 232448 64 49152 1024 0
sm_100a 10 0 64 233472 232448 64 49152 1024 1
sm_100a 10 0 64 233472 232448 64 98304 32 0
sm_100a 10 0 64 233472 232448 64 98304 32 1
sm_100a 10 0 64 233472 232448 64 98304 96 0
sm_100a 10 0 64 233472 232448 64 98304 96 1
sm_100a 10 0 64 233472 232448 64 98304 128 0
sm_100a 10 0 64 233472 232448 64 98304 128 1
sm_100a 10 0 64 233472 232448 64 98304 256 0
sm_100a 10 0 64 233472 232448 64 98304 256 1
sm_100a 10 0 64 233472 232448 64 98304 384 0
sm_100a 10 0 64 233472 232448 64 98304 384 1
sm_100a 10 0 64 233472 232448 64 98304 512 0
sm_100a 10 0 64 233472 232448 64 98304 512 1
sm_100a 10 0 64 233472 232448 64 98304 1024 0
sm_100a 10 0 64 233472 232448 64 98304 1024 1
sm_100a 10 0 64 233472 232448 64 200000 32 0
sm_100a 10 0 64 233472 232448 64 200000 32 1
sm_100a 10 0 64 233472 232448 64 200000 96 0
sm_100a 10 0 64 233472 232448 64 200000 96 1
sm_100a 10 0 64 233472 232448 64 200000 128 0
sm_100a 10 0 64 233472 232448 64 200000 128 1
sm_100a 10 0 64 233472 232448 64 200000 256 0
sm_100a 10 0 64 233472 232448 64 200000 256 1
sm_100a 10 0 64 233472 232448 64 200000 384 0
sm_100a 10 0 64 233472 232448 64 200000 384 1
sm_100a 10 0 64 233472 232448 64 200000 512 0
sm_100a 10 0 64 233472 232448 64 200000 512 1
sm_100a 10 0 64 233472 232448 64 200000 1024 0
sm_100a 10 0 64 233472 232448 64 200000 1024 1
sm_100a 10 0 64 233472 232448 72 0 32 0
sm_100a 10 0 64 233472 232448 72 0 32 1
sm_100a 10 0 64 233472 232448 72 0 96 0
sm_100a 10 0 64 233472 232448 72 0 96 1
sm_100a 10 0 64 233472 232448 72 0 128 0
sm_100a 10 0 64 233472 232448 72 0 128 1
sm_100a 10 0 64 233472 232448 72 0 256 0
sm_100a 10 0 64 233472 232448 72 0 256 1
sm_100a 10 0 64 233472 232448 72 0 384 0
sm_100a 10 0 64 233472 232448 72 0 384 1
sm_100a 10 0 64 233472 232448 72 0 512 0
sm_100a 10 0 64 233472 232448 72 0 512 1
sm_100a 10 0 64 233472 232448 72 0 1024 0
sm_100a 10 0 64 233472 232448 72 0 1024 1
sm_100a 10 0 64 233472 232448 72 128 32 0
sm_100a 10 0 64 233472 232448 72 128 32 1
sm_100a 10 0 64 233472 232448 72 128 96 0
sm_100a 10 0 64 233472 232448 72 128 96 1
sm_100a 10 0 64 233472 232448 72 128 128 0
sm_100a 10 0 64 233472 232448 72 128 128 1
sm_100a 10 0 64 233472 232448 72 128 256 0
sm_100a 10 0 64 233472 232448 72 128 256 1
sm_100a 10 0 64 233472 232448 72 128 384 0
sm_100a 10 0 64 233472 232448 72 128 384 1
sm_100a 10 0 64 233472 232448 72 128 512 0
sm_100a 10 0 64 233472 232448 72 128 512 1
sm_100a 10 0 64 233472 232448 72 128 1024 0
sm_100a 10 0 64 233472 232448 72 128 1024 1
sm_100a 10 0 64 233472 232448 72 8192 32 0
sm_100a 10 0 64 233472 232448 72 8192 32 1
sm_100a 10 0 64 233472 232448 72 8192 96 0
sm_100a 10 0 64 233472 232448 72 8192 96 1
sm_100a 10 0 64 233472 232448 72 8192 128 0
sm_100a 10 0 64 233472 232448 72 8192 128 1
sm_100a 10 0 64 233472 232448 72 8192 256 0
sm_100a 10 0 64 233472 232448 72 8192 256 1
sm_100a 10 0 64 233472 232448 72 8192 384 0
sm_100a 10 0 64 233472 232448 72 8192 384 1
sm_100a 10 0 64 233472 232448 72 8192 512 0
sm_100a 10 0 64 233472 232448 72 8192 512 1
sm_100a 10 0 64 233472 232448 72 8192 1024 0
sm_100a 10 0 64 233472 232448 72 8192 1024 1
sm_100a 10 0 64 233472 232448 72 32768 32 0
sm_100a 10 0 64 233472 232448 72 32768 32 1
sm_100a 10 0 64 233472 232448 72 32768 96 0
sm_100a 10 0 64 233472 232448 72 32768 96 1
sm_100a 10 0 64 233472 232448 72 32768 128 0
sm_100a 10 0 64 233472 232448 72 32768 128 1
sm_100a 10 0 64 233472 232448 72 32768 256 0
sm_100a 10 0 64 233472 232448 72 32768 256 1
sm_100a 10 0 64 233472 232448 72 32768 384 0
sm_100a 10 0 64 233472 232448 72 32768 384 1
sm_100a 10 0 64 233472 232448 72 32768 512 0
sm_100a 10 0 64 233472 232448 72 32768 512 1
sm_100a 10 0 64 233472 232448 72 32768 1024 0
sm_100a 10 0 64 233472 232448 72 32768 1024 1
sm_100a 10 0 64 233472 232448 72 49152 32 0
sm_100a 10 0 64 233472 232448 72 49152 32 1
sm_100a 10 0 64 233472 232448 72 49152 96 0
sm_100a 10 0 64 233472 232448 72 49152 96 1
sm_100a 10 0 64 233472 232448 72 49152 128 0
sm_100a 10 0 64 233472 232448 72 49152 128 1
sm_100a 10 0 64 233472 232448 72 49152 256 0
sm_100a 10 0 64 233472 232448 72 49152 256 1
sm_100a 10 0 64 233472 232448 72 49152 384 0
sm_100a 10 0 64 233472 232448 72 49152 384 1
sm_100a 10 0 64 233472 232448 72 49152 512 0
sm_100a 10 0 64 233472 232448 72 49152 512 1
sm_100a 10 0 64 233472 232448 72 49152 1024 0
sm_100a 10 0 64 233472 232448 72 49152 1024 1
sm_100a 10 0 64 233472 232448 72 98304 32 0
sm_100a 10 0 64 233472 232448 72 98304 32 1
sm_100a 10 0 64 233472 232448 72 98304 96 0
sm_100a 10 0 64 233472 232448 72 98304 96 1
sm_100a 10 0 64 233472 232448 72 98304 128 0
sm_100a 10 0 64 233472 232448 72 98304 128 1
sm_100a 10 0 64 233472 232448 72 98304 256 0
sm_100a 10 0 64 233472 232448 72 98304 256 1
sm_100a 10 0 64 233472 232448 72 98304 384 0
sm_100a 10 0 64 233472 232448 72 98304 384 1
sm_100a 10 0 64 233472 232448 72 98304 512 0
sm_100a 10 0 64 233472 232448 72 98304 512 1
sm_100a 10 0 64 233472 232448 72 98304 1024 0
sm_100a 10 0 64 233472 232448 72 98304 1024 1
sm_100a 10 0 64 233472 232448 72 200000 32 0
sm_100a 10 0 64 233472 232448 72 200000 32 1
sm_100a 10 0 64 233472 232448 72 200000 96 0
sm_100a 10 0 64 233472 232448 72 200000 96 1
sm_100a 10 0 64 233472 232448 72 200000 128 0
sm_100a 10 0 64 233472 232448 72 200000 128 1
sm_100a 10 0 64 233472 232448 72 200000 256 0
sm_100a 10 0 64 233472 232448 72 200000 256 1
sm_100a 10 0 64 233472 232448 72 200000 384 0
sm_100a 10 0 64 233472 232448 72 200000 384 1
sm_100a 10 0 64 233472 232448 72 200000 512 0
sm_100a 10 0 64 233472 232448 72 200000 512 1
sm_100a 10 0 64 233472 232448 72 200000 1024 0
sm_100a 10 0 64 233472 232448 72 200000 1024 1
sm_100a 10 0 64 233472 232448 96 0 32 0
sm_100a 10 0 64 233472 232448 96 0 32 1
sm_100a 10 0 64 233472 232448 96 0 96 0
sm_100a 10 0 64 233472 232448 96 0 96 1
sm_100a 10 0 64 233472 232448 96 0 128 0
sm_100a 10 0 64 233472 232448 96 0 128 1
sm_100a 10 0 64 233472 232448 96 0 256 0
sm_100a 10 0 64 233472 232448 96 0 256 1
sm_100a 10 0 64 233472 232448 96 0 384 0
sm_100a 10 0 64 233472 232448 96 0 384 1
sm_100a 10 0 64 233472 232448 96 0 512 0
sm_100a 10 0 64 233472 232448 96 0 512 1
sm_100a 10 0 64 233472 232448 96 0 1024 0
sm_100a 10 0 64 233472 232448 96 0 1024 1
sm_100a 10 0 64 233472 232448 96 128 32 0
sm_100a 10 0 64 233472 232448 96 128 32 1
sm_100a 10 0 64 233472 232448 96 128 96 0
sm_100a 10 0 64 233472 232448 96 128 96 1
sm_100a 10 0 64 233472 232448 96 128 128 0
sm_100a 10 0 64 233472 232448 96 128 128 1
sm_100a 10 0 64 233472 232448 96 128 256 0
sm_100a 10 0 64 233472 232448 96 128 256 1
sm_100a 10 0 64 233472 232448 96 128 384 0
sm_100a 10 0 64 233472 232448 96 128 384 1
sm_100a 10 0 64 233472 232448 96 128 512 0
sm_100a 10 0 64 233472 232448 96 128 512 1
sm_100a 10 0 64 233472 232448 96 128 1024 0
sm_100a 10 0 64 233472 232448 96 128 1024 1
sm_100a 10 0 64 233472 232448 96 8192 32 0
sm_100a 10 0 64 233472 232448 96 8192 32 1
sm_100a 10 0 64 233472 232448 96 8192 96 0
sm_100a 10 0 64 233472 232448 96 8192 96 1
sm_100a 10 0 64 233472 232448 96 8192 128 0
sm_100a 10 0 64 233472 232448 96 8192 128 1
sm_100a 10 0 64 233472 232448 96 8192 256 0
sm_100a 10 0 64 233472 232448 96 8192 256 1
sm_100a 10 0 64 233472 232448 96 8192 384 0
sm_100a 10 0 64 233472 232448 96 8192 384 1
sm_100a 10 0 64 233472 232448 96 8192 512 0
sm_100a 10 0 64 233472 232448 96 8192 512 1
sm_100a 10 0 64 233472 232448 96 8192 1024 0
sm_100a 10 0 64 233472 232448 96 8192 1024 1
sm_100a 10 0 64 233472 232448 96 32768 32 0
sm_100a 10 0 64 233472 232448 96 32768 32 1
sm_100a 10 0 64 233472 232448 96 32768 96 0
sm_100a 10 0 64 233472 232448 96 32768 96 1
sm_100a 10 0 64 233472 232448 96 32768 128 0
sm_100a 10 0 64 233472 232448 96 32768 128 1
sm_100a 10 0 64 233472 232448 96 32768 256 0
sm_100a 10 0 64 233472 232448 96 32768 256 1
sm_100a 10 0 64 233472 232448 96 32768 384 0
sm_100a 10 0 64 233472 232448 96 32768 384 1
sm_100a 10 0 64 233472 232448 96 32768 512 0
sm_100a 10 0 64 233472 232448 96 32768 512 1
sm_100a 10 0 64 233472 232448 96 32768 1024 0
sm_100a 10 0 64 233472 232448 96 32768 1024 1
sm_100a 10 0 64 233472 232448 96 49152 32 0
sm_100a 10 0 64 233472 232448 96 49152 32 1
sm_100a 10 0 64 233472 232448 96 49152 96 0
sm_100a 10 0 64 233472 232448 96 49152 96 1
sm_100a 10 0 64 233472 232448 96 49152 128 0
sm_100a 10 0 64 233472 232448 96 49152 128 1
sm_100a 10 0 64 233472 232448 96 49152 256 0
sm_100a 10 0 64 233472 232448 96 49152 256 1
sm_100a 10 0 64 233472 232448 96 49152 384 0
sm_100a 10 0 64 233472 232448 96 49152 384 1
sm_100a 10 0 64 233472 232448 96 49152 512 0
sm_100a 10 0 64 233472 232448 96 49152 512 1
sm_100a 10 0 64 233472 232448 96 49152 1024 0
sm_100a 10 0 64 233472 232448 96 49152 1024 1
sm_100a 10 0 64 233472 232448 96 98304 32 0
sm_100a 10 0 64 233472 232448 96 98304 32 1
sm_100a 10 0 64 233472 232448 96 98304 96 0
sm_100a 10 0 64 233472 232448 96 98304 96 1
sm_100a 10 0 64 233472 232448 96 98304 128 0
sm_100a 10 0 64 233472 232448 96 98304 128 1
sm_100a 10 0 64 233472 232448 96 98304 256 0
sm_100a 10 0 64 233472 232448 96 98304 256 1
sm_100a 10 0 64 233472 232448 96 98304 384 0
sm_100a 10 0 64 233472 232448 96 98304 384 1
sm_100a 10 0 64 233472 232448 96 98304 512 0
sm_100a 10 0 64 233472 232448 96 98304 512 1
sm_100a 10 0 64 233472 232448 96 98304 1024 0
sm_100a 10 0 64 233472 232448 96 98304 1024 1
sm_100a 10 0 64 233472 232448 96 200000 32 0
sm_100a 10 0 64 233472 232448 96 200000 32 1
sm_100a 10 0 64 233472 232448 96 200000 96 0
sm_100a 10 0 64 233472 232448 96 200000 96 1
sm_100a 10 0 64 233472 232448 96 200000 128 0
sm_100a 10 0 64 233472 232448 96 200000 128 1
sm_100a 10 0 64 233472 232448 96 200000 256 0
sm_100a 10 0 64 233472 232448 96 200000 256 1
sm_100a 10 0 64 233472 232448 96 200000 384 0
sm_100a 10 0 64 233472 232448 96 200000 384 1
sm_100a 10 0 64 233472 232448 96 200000 512 0
sm_100a 10 0 64 233472 232448 96 200000 512 1
sm_100a 10 0 64 233472 232448 96 200000 1024 0
sm_100a 10 0 64 233472 232448 96 200000 1024 1
sm_100a 10 0 64 233472 232448 128 0 32 0
sm_100a 10 0 64 233472 232448 128 0 32 1
sm_100a 10 0 64 233472 232448 128 0 96 0
sm_100a 10 0 64 233472 232448 128 0 96 1
sm_100a 10 0 64 233472 232448 128 0 128 0
sm_100a 10 0 64 233472 232448 128 0 128 1
sm_100a 10 0 64 233472 232448 128 0 256 0
sm_100a 10 0 64 233472 232448 128 0 256 1
sm_100a 10 0 64 233472 232448 128 0 384 0
sm_100a 10 0 64 233472 232448 128 0 384 1
sm_100a 10 0 64 233472 232448 128 0 512 0
sm_100a 10 0 64 233472 232448 128 0 512 1
sm_100a 10 0 64 233472 232448 128 0 1024 0
sm_100a 10 0 64 233472 232448 128 0 1024 1
sm_100a 10 0 64 233472 232448 128 128 32 0
sm_100a 10 0 64 233472 232448 128 128 32 1
sm_100a 10 0 64 233472 232448 128 128 96 0
sm_100a 10 0 64 233472 232448 128 128 96 1
sm_100a 10 0 64 233472 232448 128 128 128 0
sm_100a 10 0 64 233472 232448 128 128 128 1
sm_100a 10 0 64 233472 232448 128 128 256 0
sm_100a 10 0 64 233472 232448 128 128 256 1
sm_100a 10 0 64 233472 232448 128 128 384 0
sm_100a 10 0 64 233472 232448 128 128 384 1
sm_100a 10 0 64 233472 232448 128 128 512 0
sm_100a 10 0 64 233472 232448 128 128 512 1
sm_100a 10 0 64 233472 232448 128 128 1024 0
sm_100a 10 0 64 233472 232448 128 128 1024 1
sm_100a 10 0 64 233472 232448 128 8192 32 0
sm_100a 10 0 64 233472 232448 128 8192 32 1
sm_100a 10 0 64 233472 232448 128 8192 96 0
sm_100a 10 0 64 233472 232448 128 8192 96 1
sm_100a 10 0 64 233472 232448 128 8192 128 0
sm_100a 10 0 64 233472 232448 128 8192 128 1
sm_100a 10 0 64 233472 232448 128 8192 256 0
sm_100a 10 0 64 233472 232448 128 8192 256 1
sm_100a 10 0 64 233472 232448 128 8192 384 0
sm_100a 10 0 64 233472 232448 128 8192 384 1
sm_100a 10 0 64 233472 232448 128 8192 512 0
sm_100a 10 0 64 233472 232448 128 8192 512 1
sm_100a 10 0 64 233472 232448 128 8192 1024 0
sm_100a 10 0 64 233472 232448 128 8192 1024 1
sm_100a 10 0 64 233472 232448 128 32768 32 0
sm_100a 10 0 64 233472 232448 128 32768 32 1
sm_100a 10 0 64 233472 232448 128 32768 96 0
sm_100a 10 0 64 233472 232448 128 32768 96 1
sm_100a 10 0 64 233472 232448 128 32768 128 0
sm_100a 10 0 64 233472 232448 128 32768 128 1
sm_100a 10 0 64 233472 232448 128 32768 256 0
sm_100a 10 0 64 233472 232448 128 32768 256 1
sm_100a 10 0 64 233472 232448 128 32768 384 0
sm_100a 10 0 64 233472 232448 128 32768 384 1
sm_100a 10 0 64 233472 232448 128 32768 512 0
sm_100a 10 0 64 233472 232448 128 32768 512 1
sm_100a 10 0 64 233472 232448 128 32768 1024 0
sm_100a 10 0 64 233472 232448 128 32768 1024 1
sm_100a 10 0 64 233472 232448 128 49152 32 0
sm_100a 10 0 64 233472 232448 128 49152 32 1
sm_100a 10 0 64 233472 232448 128 49152 96 0
sm_100a 10 0 64 233472 232448 128 49152 96 1
sm_100a 10 0 64 233472 232448 128 49152 128 0
sm_100a 10 0 64 233472 232448 128 49152 128 1
sm_100a 10 0 64 233472 232448 128 49152 256 0
sm_100a 10 0 64 233472 232448 128 49152 256 1
sm_100a 10 0 64 233472 232448 128 49152 384 0
sm_100a 10 0 64 233472 232448 128 49152 384 1
sm_100a 10 0 64 233472 232448 128 49152 512 0
sm_100a 10 0 64 233472 232448 128 49152 512 1
sm_100a 10 0 64 233472 232448 128 49152 1024 0
sm_100a 10 0 64 233472 232448 128 49152 1024 1
sm_100a 10 0 64 233472 232448 128 98304 32 0
sm_100a 10 0 64 233472 232448 128 98304 32 1
sm_100a 10 0 64 233472 232448 128 98304 96 0
sm_100a 10 0 64 233472 232448 128 98304 96 1
sm_100a 10 0 64 233472 232448 128 98304 128 0
sm_100a 10 0 64 233472 232448 128 98304 128 1
sm_100a 10 0 64 233472 232448 128 98304 256 0
sm_100a 10 0 64 233472 232448 128 98304 256 1
sm_100a 10 0 64 233472 232448 128 98304 384 0
sm_100a 10 0 64 233472 232448 128 98304 384 1
sm_100a 10 0 64 233472 232448 128 98304 512 0
sm_100a 10 0 64 233472 232448 128 98304 512 1
sm_100a 10 0 64 233472 232448 128 98304 1024 0
sm_100a 10 0 64 233472 232448 128 98304 1024 1
sm_100a 10 0 64 233472 232448 128 200000 32 0
sm_100a 10 0 64 233472 232448 128 200000 32 1
sm_100a 10 0 64 233472 232448 128 200000 96 0
sm_100a 10 0 64 233472 232448 128 200000 96 1
sm_100a 10 0 64 233472 232448 128 200000 128 0
sm_100a 10 0 64 233472 232448 128 200000 128 1
sm_100a 10 0 64 233472 232448 128 200000 256 0
sm_100a 10 0 64 233472 232448 128 200000 256 1
sm_100a 10 0 64 233472 232448 128 200000 384 0
sm_100a 10 0 64 233472 232448 128 200000 384 1
sm_100a 10 0 64 233472 232448 128 200000 512 0
sm_100a 10 0 64 233472 232448 128 200000 512 1
sm_100a 10 0 64 233472 232448 128 200000 1024 0
sm_100a 10 0 64 233472 232448 128 200000 1024 1
sm_100a 10 0 64 233472 232448 168 0 32 0
sm_100a 10 0 64 233472 232448 168 0 32 1
sm_100a 10 0 64 233472 232448 168 0 96 0
sm_100a 10 0 64 233472 232448 168 0 96 1
sm_100a 10 0 64 233472 232448 168 0 128 0
sm_100a 10 0 64 233472 232448 168 0 128 1
sm_100a 10 0 64 233472 232448 168 0 256 0
sm_100a 10 0 64 233472 232448 168 0 256 1
sm_100a 10 0 64 233472 232448 168 0 384 0
sm_100a 10 0 64 233472 232448 168 0 384 1
sm_100a 10 0 64 233472 232448 168 0 512 0
sm_100a 10 0 64 233472 232448 168 0 512 1
sm_100a 10 0 64 233472 232448 168 0 1024 0
sm_100a 10 0 64 233472 232448 168 0 1024 1
sm_100a 10 0 64 233472 232448 168 128 32 0
sm_100a 10 0 64 233472 232448 168 128 32 1
sm_100a 10 0 64 233472 232448 168 128 96 0
sm_100a 10 0 64 233472 232448 168 128 96 1
sm_100a 10 0 64 233472 232448 168 128 128 0
sm_100a 10 0 64 233472 232448 168 128 128 1
sm_100a 10 0 64 233472 232448 168 128 256 0
sm_100a 10 0 64 233472 232448 168 128 256 1
sm_100a 10 0 64 233472 232448 168 128 384 0
sm_100a 10 0 64 233472 232448 168 128 384 1
sm_100a 10 0 64 233472 232448 168 128 512 0
sm_100a 10 0 64 233472 232448 168 128 512 1
sm_100a 10 0 64 233472 232448 168 128 1024 0
sm_100a 10 0 64 233472 232448 168 128 1024 1
sm_100a 10 0 64 233472 232448 168 8192 32 0
sm_100a 10 0 64 233472 232448 168 8192 32 1
sm_100a 10 0 64 233472 232448 168 8192 96 0
sm_100a 10 0 64 233472 232448 168 8192 96 1
sm_100a 10 0 64 233472 232448 168 8192 128 0
sm_100a 10 0 64 233472 232448 168 8192 128 1
sm_100a 10 0 64 233472 232448 168 8192 256 0
sm_100a 10 0 64 233472 232448 168 8192 256 1
sm_100a 10 0 64 233472 232448 168 8192 384 0
sm_100a 10 0 64 233472 232448 168 8192 384 1
sm_100a 10 0 64 233472 232448 168 8192 512 0
sm_100a 10 0 64 233472 232448 168 8192 512 1
sm_100a 10 0 64 233472 232448 168 8192 1024 0
sm_100a 10 0 64 233472 232448 168 8192 1024 1
sm_100a 10 0 64 233472 232448 168 32768 32 0
sm_100a 10 0 64 233472 232448 168 32768 32 1
sm_100a 10 0 64 233472 232448 168 32768 96 0
sm_100a 10 0 64 233472 232448 168 32768 96 1
sm_100a 10 0 64 233472 232448 168 32768 128 0
sm_100a 10 0 64 233472 232448 168 32768 128 1
sm_100a 10 0 64 233472 232448 168 32768 256 0
sm_100a 10 0 64 233472 232448 168 32768 256 1
sm_100a 10 0 64 233472 232448 168 32768 384 0
sm_100a 10 0 64 233472 232448 168 32768 384 1
sm_100a 10 0 64 233472 232448 168 32768 512 0
sm_100a 10 0 64 233472 232448 168 32768 512 1
sm_100a 10 0 64 233472 232448 168 32768 1024 0
sm_100a 10 0 64 233472 232448 168 32768 1024 1
sm_100a 10 0 64 233472 232448 168 49152 32 0
sm_100a 10 0 64 233472 232448 168 49152 32 1
sm_100a 10 0 64 233472 232448 168 49152 96 0
sm_100a 10 0 64 233472 232448 168 49152 96 1
sm_100a 10 0 64 233472 232448 168 49152 128 0
sm_100a 10 0 64 233472 232448 168 49152 128 1
sm_100a 10 0 64 233472 232448 168 49152 256 0
sm_100a 10 0 64 233472 232448 168 49152 256 1
sm_100a 10 0 64 233472 232448 168 49152 384 0
sm_100a 10 0 64 233472 232448 168 49152 384 1
sm_100a 10 0 64 233472 232448 168 49152 512 0
sm_100a 10 0 64 233472 232448 168 49152 512 1
sm_100a 10 0 64 233472 232448 168 49152 1024 0
sm_100a 10 0 64 233472 232448 168 49152 1024 1
sm_100a 10 0 64 233472 232448 168 98304 32 0
sm_100a 10 0 64 233472 232448 168 98304 32 1
sm_100a 10 0 64 233472 232448 168 98304 96 0
sm_100a 10 0 64 233472 232448 168 98304 96 1
sm_100a 10 0 64 233472 232448 168 98304 128 0
sm_100a 10 0 64 233472 232448 168 98304 128 1
sm_100a 10 0 64 233472 232448 168 98304 256 0
sm_100a 10 0 64 233472 232448 168 98304 256 1
sm_100a 10 0 64 233472 232448 168 98304 384 0
sm_100a 10 0 64 233472 232448 168 98304 384 1
sm_100a 10 0 64 233472 232448 168 98304 512 0
sm_100a 10 0 64 233472 232448 168 98304 512 1
sm_100a 10 0 64 233472 232448 168 98304 1024 0
sm_100a 10 0 64 233472 232448 168 98304 1024 1
sm_100a 10 0 64 233472 232448 168 200000 32 0
sm_100a 10 0 64 233472 232448 168 200000 32 1
sm_100a 10 0 64 233472 232448 168 200000 96 0
sm_100a 10 0 64 233472 232448 168 200000 96 1
sm_100a 10 0 64 233472 232448 168 200000 128 0
sm_100a 10 0 64 233472 232448 168 200000 128 1
sm_100a 10 0 64 233472 232448 168 200000 256 0
sm_100a 10 0 64 233472 232448 168 200000 256 1
sm_100a 10 0 64 233472 232448 168 200000 384 0
sm_100a 10 0 64 233472 232448 168 200000 384 1
sm_100a 10 0 64 233472 232448 168 200000 512 0
sm_100a 10 0 64 233472 232448 168 200000 512 1
sm_100a 10 0 64 233472 232448 168 200000 1024 0
sm_100a 10 0 64 233472 232448 168 200000 1024 1
sm_100a 10 0 64 233472 232448 255 0 32 0
sm_100a 10 0 64 233472 232448 255 0 32 1
sm_100a 10 0 64 233472 232448 255 0 96 0
sm_100a 10 0 64 233472 232448 255 0 96 1
sm_100a 10 0 64 233472 232448 255 0 128 0
sm_100a 10 0 64 233472 232448 255 0 128 1
sm_100a 10 0 64 233472 232448 255 0 256 0
sm_100a 10 0 64 233472 232448 255 0 256 1
sm_100a 10 0 64 233472 232448 255 0 384 0
sm_100a 10 0 64 233472 232448 255 0 384 1
sm_100a 10 0 64 233472 232448 255 0 512 0
sm_100a 10 0 64 233472 232448 255 0 512 1
sm_100a 10 0 64 233472 232448 255 0 1024 0
sm_100a 10 0 64 233472 232448 255 0 1024 1
sm_100a 10 0 64 233472 232448 255 128 32 0
sm_100a 10 0 64 233472 232448 255 128 32 1
sm_100a 10 0 64 233472 232448 255 128 96 0
sm_100a 10 0 64 233472 232448 255 128 96 1
sm_100a 10 0 64 233472 232448 255 128 128 0
sm_100a 10 0 64 233472 232448 255 128 128 1
sm_100a 10 0 64 233472 232448 255 128 256 0
sm_100a 10 0 64 233472 232448 255 128 256 1
sm_100a 10 0 64 233472 232448 255 128 384 0
sm_100a 10 0 64 233472 232448 255 128 384 1
sm_100a 10 0 64 233472 232448 255 128 512 0
sm_100a 10 0 64 233472 232448 255 128 512 1
sm_100a 10 0 64 233472 232448 255 128 1024 0
sm_100a 10 0 64 233472 232448 255 128 1024 1
sm_100a 10 0 64 233472 232448 255 8192 32 0
sm_100a 10 0 64 233472 232448 255 8192 32 1
sm_100a 10 0 64 233472 232448 255 8192 96 0
sm_100a 10 0 64 233472 232448 255 8192 96 1
sm_100a 10 0 64 233472 232448 255 8192 128 0
sm_100a 10 0 64 233472 232448 255 8192 128 1
sm_100a 10 0 64 233472 232448 255 8192 256 0
sm_100a 10 0 64 233472 232448 255 8192 256 1
sm_100a 10 0 64 233472 232448 255 8192 384 0
sm_100a 10 0 64 233472 232448 255 8192 384 1
sm_100a 10 0 64 233472 232448 255 8192 512 0
sm_100a 10 0 64 233472 232448 255 8192 512 1
sm_100a 10 0 64 233472 232448 255 8192 1024 0
sm_100a 10 0 64 233472 232448 255 8192 1024 1
sm_100a 10 0 64 233472 232448 255 32768 32 0
sm_100a 10 0 64 233472 232448 255 32768 32 1
sm_100a 10 0 64 233472 232448 255 32768 96 0
sm_100a 10 0 64 233472 232448 255 32768 96 1
sm_100a 10 0 64 233472 232448 255 32768 128 0
sm_100a 10 0 64 233472 232448 255 32768 128 1
sm_100a 10 0 64 233472 232448 255 32768 256 0
sm_100a 10 0 64 233472 232448 255 32768 256 1
sm_100a 10 0 64 233472 232448 255 32768 384 0
sm_100a 10 0 64 233472 232448 255 32768 384 1
sm_100a 10 0 64 233472 232448 255 32768 512 0
sm_100a 10 0 64 233472 232448 255 32768 512 1
sm_100a 10 0 64 233472 232448 255 32768 1024 0
sm_100a 10 0 64 233472 232448 255 32768 1024 1
sm_100a 10 0 64 233472 232448 255 49152 32 0
sm_100a 10 0 64 233472 232448 255 49152 32 1
sm_100a 10 0 64 233472 232448 255 49152 96 0
sm_100a 10 0 64 233472 232448 255 49152 96 1
sm_100a 10 0 64 233472 232448 255 49152 128 0
sm_100a 10 0 64 233472 232448 255 49152 128 1
sm_100a 10 0 64 233472 232448 255 49152 256 0
sm_100a 10 0 64 233472 232448 255 49152 256 1
sm_100a 10 0 64 233472 232448 255 49152 384 0
sm_100a 10 0 64 233472 232448 255 49152 384 1
sm_100a 10 0 64 233472 232448 255 49152 512 0
sm_100a 10 0 64 233472 232448 255 49152 512 1
sm_100a 10 0 64 233472 232448 255 49152 1024 0
sm_100a 10 0 64 233472 232448 255 49152 1024 1
sm_100a 10 0 64 233472 232448 255 98304 32 0
sm_100a 10 0 64 233472 232448 255 98304 32 1
sm_100a 10 0 64 233472 232448 255 98304 96 0
sm_100a 10 0 64 233472 232448 255 98304 96 1
sm_100a 10 0 64 233472 232448 255 98304 128 0
sm_100a 10 0 64 233472 232448 255 98304 128 1
sm_100a 10 0 64 233472 232448 255 98304 256 0
sm_100a 10 0 64 233472 232448 255 98304 256 1
sm_100a 10 0 64 233472 232448 255 98304 384 0
sm_100a 10 0 64 233472 232448 255 98304 384 1
sm_100a 10 0 64 233472 232448 255 98304 512 0
sm_100a 10 0 64 233472 232448 255 98304 512 1
sm_100a 10 0 64 233472 232448 255 98304 1024 0
sm_100a 10 0 64 233472 232448 255 98304 1024 1
sm_100a 10 0 64 233472 232448 255 200000 32 0
sm_100a 10 0 64 233472 232448 255 200000 32 1
sm_100a 10 0 64 233472 232448 255 200000 96 0
sm_100a 10 0 64 233472 232448 255 200000 96 1
sm_100a 10 0 64 233472 232448 255 200000 128 0
sm_100a 10 0 64 233472 232448 255 200000 128 1
sm_100a 10 0 64 233472 232448 255 200000 256 0
sm_100a 10 0 64 233472 232448 255 200000 256 1
sm_100a 10 0 64 233472 232448 255 200000 384 0
sm_100a 10 0 64 233472 232448 255 200000 384 1
sm_100a 10 0 64 233472 232448 255 200000 512 0
sm_100a 10 0 64 233472 232448 255 200000 512 1
sm_100a 10 0 64 233472 232448 255 200000 1024 0
sm_100a 10 0 64 233472 232448 255 200000 1024 1
sm_120 12 0 48 102400 101376 16 0 32 0
sm_120 12 0 48 102400 101376 16 0 32 1
sm_120 12 0 48 102400 101376 16 0 96 0
sm_120 12 0 48 102400 101376 16 0 96 1
sm_120 12 0 48 102400 101376 16 0 128 0
sm_120 12 0 48 102400 101376 16 0 128 1
sm_120 12 0 48 102400 101376 16 0 256 0
sm_120 12 0 48 102400 101376 16 0 256 1
sm_120 12 0 48 102400 101376 16 0 384 0
sm_120 12 0 48 102400 101376 16 0 384 1
sm_120 12 0 48 102400 101376 16 0 512 0
sm_120 12 0 48 102400 101376 16 0 512 1
sm_120 12 0 48 102400 101376 16 0 1024 0
sm_120 12 0 48 102400 101376 16 0 1024 1
sm_120 12 0 48 102400 101376 16 128 32 0
sm_120 12 0 48 102400 101376 16 128 32 1
sm_120 12 0 48 102400 101376 16 128 96 0
sm_120 12 0 48 102400 101376 16 128 96 1
sm_120 12 0 48 102400 101376 16 128 128 0
sm_120 12 0 48 102400 101376 16 128 128 1
sm_120 12 0 48 102400 101376 16 128 256 0
sm_120 12 0 48 102400 101376 16 128 256 1
sm_120 12 0 48 102400 101376 16 128 384 0
sm_120 12 0 48 102400 101376 16 128 384 1
sm_120 12 0 48 102400 101376 16 128 512 0
sm_120 12 0 48 102400 101376 16 128 512 1
sm_120 12 0 48 102400 101376 16 128 1024 0
sm_120 12 0 48 102400 101376 16 128 1024 1
sm_120 12 0 48 102400 101376 16 8192 32 0
sm_120 12 0 48 102400 101376 16 8192 32 1
sm_120 12 0 48 102400 101376 16 8192 96 0
sm_120 12 0 48 102400 101376 16 8192 96 1
sm_120 12 0 48 102400 101376 16 8192 128 0
sm_120 12 0 48 102400 101376 16 8192 128 1
sm_120 12 0 48 102400 101376 16 8192 256 0
sm_120 12 0 48 102400 101376 16 8192 256 1
sm_120 12 0 48 102400 101376 16 8192 384 0
sm_120 12 0 48 102400 101376 16 8192 384 1
sm_120 12 0 48 102400 101376 16 8192 512 0
sm_120 12 0 48 102400 101376 16 8192 512 1
sm_120 12 0 48 102400 101376 16 8192 1024 0
sm_120 12 0 48 102400 101376 16 8192 1024 1
sm_120 12 0 48 102400 101376 16 32768 32 0
sm_120 12 0 48 102400 101376 16 32768 32 1
sm_120 12 0 48 102400 101376 16 32768 96 0
sm_120 12 0 48 102400 101376 16 32768 96 1
sm_120 12 0 48 102400 101376 16 32768 128 0
sm_120 12 0 48 102400 101376 16 32768 128 1
sm_120 12 0 48 102400 101376 16 32768 256 0
sm_120 12 0 48 102400 101376 16 32768 256 1
sm_120 12 0 48 102400 101376 16 32768 384 0
sm_120 12 0 48 102400 101376 16 32768 384 1
sm_120 12 0 48 102400 101376 16 32768 512 0
sm_120 12 0 48 102400 101376 16 32768 512 1
sm_120 12 0 48 102400 101376 16 32768 1024 0
sm_120 12 0 48 102400 101376 16 32768 1024 1
sm_120 12 0 48 102400 101376 16 49152 32 0
sm_120 12 0 48 102400 101376 16 49152 32 1
sm_120 12 0 48 102400 101376 16 49152 96 0
sm_120 12 0 48 102400 101376 16 49152 96 1
sm_120 12 0 48 102400 101376 16 49152 128 0
sm_120 12 0 48 102400 101376 16 49152 128 1
sm_120 12 0 48 102400 101376 16 49152 256 0
sm_120 12 0 48 102400 101376 16 49152 256 1
sm_120 12 0 48 102400 101376 16 49152 384 0
sm_120 12 0 48 102400 101376 16 49152 384 1
sm_120 12 0 48 102400 101376 16 49152 512 0
sm_120 12 0 48 102400 101376 16 49152 512 1
sm_120 12 0 48 102400 101376 16 49152 1024 0
sm_120 12 0 48 102400 101376 16 49152 1024 1
sm_120 12 0 48 102400 101376 16 98304 32 0
sm_120 12 0 48 102400 101376 16 98304 32 1
sm_120 12 0 48 102400 101376 16 98304 96 0
sm_120 12 0 48 102400 101376 16 98304 96 1
sm_120 12 0 48 102400 101376 16 98304 128 0
sm_120 12 0 48 102400 101376 16 98304 128 1
sm_120 12 0 48 102400 101376 16 98304 256 0
sm_120 12 0 48 102400 101376 16 98304 256 1
sm_120 12 0 48 102400 101376 16 98304 384 0
sm_120 12 0 48 102400 101376 16 98304 384 1
sm_120 12 0 48 102400 101376 16 98304 512 0
sm_120 12 0 48 102400 101376 16 98304 512 1
sm_120 12 0 48 102400 101376 16 98304 1024 0
sm_120 12 0 48 102400 101376 16 98304 1024 1
sm_120 12 0 48 102400 101376 16 200000 32 0
sm_120 12 0 48 102400 101376 16 200000 32 1
sm_120 12 0 48 102400 101376 16 200000 96 0
sm_120 12 0 48 102400 101376 16 200000 96 1
sm_120 12 0 48 102400 101376 16 200000 128 0
sm_120 12 0 48 102400 101376 16 200000 128 1
sm_120 12 0 48 102400 101376 16 200000 256 0
sm_120 12 0 48 102400 101376 16 200000 256 1
sm_120 12 0 48 102400 101376 16 200000 384 0
sm_120 12 0 48 102400 101376 16 200000 384 1
sm_120 12 0 48 102400 101376 16 200000 512 0
sm_120 12 0 48 102400 101376 16 200000 512 1
sm_120 12 0 48 102400 101376 16 200000 1024 0
sm_120 12 0 48 102400 101376 16 200000 1024 1
sm_120 12 0 48 102400 101376 32 0 32 0
sm_120 12 0 48 102400 101376 32 0 32 1
sm_120 12 0 48 102400 101376 32 0 96 0
sm_120 12 0 48 102400 101376 32 0 96 1
sm_120 12 0 48 102400 101376 32 0 128 0
sm_120 12 0 48 102400 101376 32 0 128 1
sm_120 12 0 48 102400 101376 32 0 256 0
sm_120 12 0 48 102400 101376 32 0 256 1
sm_120 12 0 48 102400 101376 32 0 384 0
sm_120 12 0 48 102400 101376 32 0 384 1
sm_120 12 0 48 102400 101376 32 0 512 0
sm_120 12 0 48 102400 101376 32 0 512 1
sm_120 12 0 48 102400 101376 32 0 1024 0
sm_120 12 0 48 102400 101376 32 0 1024 1
sm_120 12 0 48 102400 101376 32 128 32 0
sm_120 12 0 48 102400 101376 32 128 32 1
sm_120 12 0 48 102400 101376 32 128 96 0
sm_120 12 0 48 102400 101376 32 128 96 1
sm_120 12 0 48 102400 101376 32 128 128 0
sm_120 12 0 48 102400 101376 32 128 128 1
sm_120 12 0 48 102400 101376 32 128 256 0
sm_120 12 0 48 102400 101376 32 128 256 1
sm_120 12 0 48 102400 101376 32 128 384 0
sm_120 12 0 48 102400 101376 32 128 384 1
sm_120 12 0 48 102400 101376 32 128 512 0
sm_120 12 0 48 102400 101376 32 128 512 1
sm_120 12 0 48 102400 101376 32 128 1024 0
sm_120 12 0 48 102400 101376 32 128 1024 1
sm_120 12 0 48 102400 101376 32 8192 32 0
sm_120 12 0 48 102400 101376 32 8192 32 1
sm_120 12 0 48 102400 101376 32 8192 96 0
sm_120 12 0 48 102400 101376 32 8192 96 1
sm_120 12 0 48 102400 101376 32 8192 128 0
sm_120 12 0 48 102400 101376 32 8192 128 1
sm_120 12 0 48 102400 101376 32 8192 256 0
sm_120 12 0 48 102400 101376 32 8192 256 1
sm_120 12 0 48 102400 101376 32 8192 384 0
sm_120 12 0 48 102400 101376 32 8192 384 1
sm_120 12 0 48 102400 101376 32 8192 512 0
sm_120 12 0 48 102400 101376 32 8192 512 1
sm_120 12 0 48 102400 101376 32 8192 1024 0
sm_120 12 0 48 102400 101376 32 8192 1024 1
sm_120 12 0 48 102400 101376 32 32768 32 0
sm_120 12 0 48 102400 101376 32 32768 32 1
sm_120 12 0 48 102400 101376 32 32768 96 0
sm_120 12 0 48 102400 101376 32 32768 96 1
sm_120 12 0 48 102400 101376 32 32768 128 0
sm_120 12 0 48 102400 101376 32 32768 128 1
sm_120 12 0 48 102400 101376 32 32768 256 0
sm_120 12 0 48 102400 101376 32 32768 256 1
sm_120 12 0 48 102400 101376 32 32768 384 0
sm_120 12 0 48 102400 101376 32 32768 384 1
sm_120 12 0 48 102400 101376 32 32768 512 0
sm_120 12 0 48 102400 101376 32 32768 512 1
sm_120 12 0 48 102400 101376 32 32768 1024 0
sm_120 12 0 48 102400 101376 32 32768 1024 1
sm_120 12 0 48 102400 101376 32 49152 32 0
sm_120 12 0 48 102400 101376 32 49152 32 1
sm_120 12 0 48 102400 101376 32 49152 96 0
sm_120 12 0 48 102400 101376 32 49152 96 1
sm_120 12 0 48 102400 101376 32 49152 128 0
sm_120 12 0 48 102400 101376 32 49152 128 1
sm_120 12 0 48 102400 101376 32 49152 256 0
sm_120 12 0 48 102400 101376 32 49152 256 1
sm_120 12 0 48 102400 101376 32 49152 384 0
sm_120 12 0 48 102400 101376 32 49152 384 1
sm_120 12 0 48 102400 101376 32 49152 512 0
sm_120 12 0 48 102400 101376 32 49152 512 1
sm_120 12 0 48 102400 101376 32 49152 1024 0
sm_120 12 0 48 102400 101376 32 49152 1024 1
sm_120 12 0 48 102400 101376 32 98304 32 0
sm_120 12 0 48 102400 101376 32 98304 32 1
sm_120 12 0 48 102400 101376 32 98304 96 0
sm_120 12 0 48 102400 101376 32 98304 96 1
sm_120 12 0 48 102400 101376 32 98304 128 0
sm_120 12 0 48 102400 101376 32 98304 128 1
sm_120 12 0 48 102400 101376 32 98304 256 0
sm_120 12 0 48 102400 101376 32 98304 256 1
sm_120 12 0 48 102400 101376 32 98304 384 0
sm_120 12 0 48 102400 101376 32 98304 384 1
sm_120 12 0 48 102400 101376 32 98304 512 0
sm_120 12 0 48 102400 101376 32 98304 512 1
sm_120 12 0 48 102400 101376 32 98304 1024 0
sm_120 12 0 48 102400 101376 32 98304 1024 1
sm_120 12 0 48 102400 101376 32 200000 32 0
sm_120 12 0 48 102400 101376 32 200000 32 1
sm_120 12 0 48 102400 101376 32 200000 96 0
sm_120 12 0 48 102400 101376 32 200000 96 1
sm_120 12 0 48 102400 101376 32 200000 128 0
sm_120 12 0 48 102400 101376 32 200000 128 1
sm_120 12 0 48 102400 101376 32 200000 256 0
sm_120 12 0 48 102400 101376 32 200000 256 1
sm_120 12 0 48 102400 101376 32 200000 384 0
sm_120 12 0 48 102400 101376 32 200000 384 1
sm_120 12 0 48 102400 101376 32 200000 512 0
sm_120 12 0 48 102400 101376 32 200000 512 1
sm_120 12 0 48 102400 101376 32 200000 1024 0
sm_120 12 0 48 102400 101376 32 200000 1024 1
sm_120 12 0 48 102400 101376 40 0 32 0
sm_120 12 0 48 102400 101376 40 0 32 1
sm_120 12 0 48 102400 101376 40 0 96 0
sm_120 12 0 48 102400 101376 40 0 96 1
sm_120 12 0 48 102400 101376 40 0 128 0
sm_120 12 0 48 102400 101376 40 0 128 1
sm_120 12 0 48 102400 101376 40 0 256 0
sm_120 12 0 48 102400 101376 40 0 256 1
sm_120 12 0 48 102400 101376 40 0 384 0
sm_120 12 0 48 102400 101376 40 0 384 1
sm_120 12 0 48 102400 101376 40 0 512 0
sm_120 12 0 48 102400 101376 40 0 512 1
sm_120 12 0 48 102400 101376 40 0 1024 0
sm_120 12 0 48 102400 101376 40 0 1024 1
sm_120 12 0 48 102400 101376 40 128 32 0
sm_120 12 0 48 102400 101376 40 128 32 1
sm_120 12 0 48 102400 101376 40 128 96 0
sm_120 12 0 48 102400 101376 40 128 96 1
sm_120 12 0 48 102400 101376 40 128 128 0
sm_120 12 0 48 102400 101376 40 128 128 1
sm_120 12 0 48 102400 101376 40 128 256 0
sm_120 12 0 48 102400 101376 40 128 256 1
sm_120 12 0 48 102400 101376 40 128 384 0
sm_120 12 0 48 102400 101376 40 128 384 1
sm_120 12 0 48 102400 101376 40 128 512 0
sm_120 12 0 48 102400 101376 40 128 512 1
sm_120 12 0 48 102400 101376 40 128 1024 0
sm_120 12 0 48 102400 101376 40 128 1024 1
sm_120 12 0 48 102400 101376 40 8192 32 0
sm_120 12 0 48 102400 101376 40 8192 32 1
sm_120 12 0 48 102400 101376 40 8192 96 0
sm_120 12 0 48 102400 101376 40 8192 96 1
sm_120 12 0 48 102400 101376 40 8192 128 0
sm_120 12 0 48 102400 101376 40 8192 128 1
sm_120 12 0 48 102400 101376 40 8192 256 0
sm_120 12 0 48 102400 101376 40 8192 256 1
sm_120 12 0 48 102400 101376 40 8192 384 0
sm_120 12 0 48 102400 101376 40 8192 384 1
sm_120 12 0 48 102400 101376 40 8192 512 0
sm_120 12 0 48 102400 101376 40 8192 512 1
sm_120 12 0 48 102400 101376 40 8192 1024 0
sm_120 12 0 48 102400 101376 40 8192 1024 1
sm_120 12 0 48 102400 101376 40 32768 32 0
sm_120 12 0 48 102400 101376 40 32768 32 1
sm_120 12 0 48 102400 101376 40 32768 96 0
sm_120 12 0 48 102400 101376 40 32768 96 1
sm_120 12 0 48 102400 101376 40 32768 128 0
sm_120 12 0 48 102400 101376 40 32768 128 1
sm_120 12 0 48 102400 101376 40 32768 256 0
sm_120 12 0 48 102400 101376 40 32768 256 1
sm_120 12 0 48 102400 101376 40 32768 384 0
sm_120 12 0 48 102400 101376 40 32768 384 1
sm_120 12 0 48 102400 101376 40 32768 512 0
sm_120 12 0 48 102400 101376 40 32768 512 1
sm_120 12 0 48 102400 101376 40 32768 1024 0
sm_120 12 0 48 102400 101376 40 32768 1024 1
sm_120 12 0 48 102400 101376 40 49152 32 0
sm_120 12 0 48 102400 101376 40 49152 32 1
sm_120 12 0 48 102400 101376 40 49152 96 0
sm_120 12 0 48 102400 101376 40 49152 96 1
sm_120 12 0 48 102400 101376 40 49152 128 0
sm_120 12 0 48 102400 101376 40 49152 128 1
sm_120 12 0 48 102400 101376 40 49152 256 0
sm_120 12 0 48 102400 101376 40 49152 256 1
sm_120 12 0 48 102400 101376 40 49152 384 0
sm_120 12 0 48 102400 101376 40 49152 384 1
sm_120 12 0 48 102400 101376 40 49152 512 0
sm_120 12 0 48 102400 101376 40 49152 512 1
sm_120 12 0 48 102400 101376 40 49152 1024 0
sm_120 12 0 48 102400 101376 40 49152 1024 1
sm_120 12 0 48 102400 101376 40 98304 32 0
sm_120 12 0 48 102400 101376 40 98304 32 1
sm_120 12 0 48 102400 101376 40 98304 96 0
sm_120 12 0 48 102400 101376 40 98304 96 1
sm_120 12 0 48 102400 101376 40 98304 128 0
sm_120 12 0 48 102400 101376 40 98304 128 1
sm_120 12 0 48 102400 101376 40 98304 256 0
sm_120 12 0 48 102400 101376 40 98304 256 1
sm_120 12 0 48 102400 101376 40 98304 384 0
sm_120 12 0 48 102400 101376 40 98304 384 1
sm_120 12 0 48 102400 101376 40 98304 512 0
sm_120 12 0 48 102400 101376 40 98304 512 1
sm_120 12 0 48 102400 101376 40 98304 1024 0
sm_120 12 0 48 102400 101376 40 98304 1024 1
sm_120 12 0 48 102400 101376 40 200000 32 0
sm_120 12 0 48 102400 101376 40 200000 32 1
sm_120 12 0 48 102400 101376 40 200000 96 0
sm_120 12 0 48 102400 101376 40 200000 96 1
sm_120 12 0 48 102400 101376 40 200000 128 0
sm_120 12 0 48 102400 101376 40 200000 128 1
sm_120 12 0 48 102400 101376 40 200000 256 0
sm_120 12 0 48 102400 101376 40 200000 256 1
sm_120 12 0 48 102400 101376 40 200000 384 0
sm_120 12 0 48 102400 101376 40 200000 384 1
sm_120 12 0 48 102400 101376 40 200000 512 0
sm_120 12 0 48 102400 101376 40 200000 512 1
sm_120 12 0 48 102400 101376 40 200000 1024 0
sm_120 12 0 48 102400 101376 40 200000 1024 1
sm_120 12 0 48 102400 101376 64 0 32 0
sm_120 12 0 48 102400 101376 64 0 32 1
sm_120 12 0 48 102400 101376 64 0 96 0
sm_120 12 0 48 102400 101376 64 0 96 1
sm_120 12 0 48 102400 101376 64 0 128 0
sm_120 12 0 48 102400 101376 64 0 128 1
sm_120 12 0 48 102400 101376 64 0 256 0
sm_120 12 0 48 102400 101376 64 0 256 1
sm_120 12 0 48 102400 101376 64 0 384 0
sm_120 12 0 48 102400 101376 64 0 384 1
sm_120 12 0 48 102400 101376 64 0 512 0
sm_120 12 0 48 102400 101376 64 0 512 1
sm_120 12 0 48 102400 101376 64 0 1024 0
sm_120 12 0 48 102400 101376 64 0 1024 1
sm_120 12 0 48 102400 101376 64 128 32 0
sm_120 12 0 48 102400 101376 64 128 32 1
sm_120 12 0 48 102400 101376 64 128 96 0
sm_120 12 0 48 102400 101376 64 128 96 1
sm_120 12 0 48 102400 101376 64 128 128 0
sm_120 12 0 48 102400 101376 64 128 128 1
sm_120 12 0 48 102400 101376 64 128 256 0
sm_120 12 0 48 102400 101376 64 128 256 1
sm_120 12 0 48 102400 101376 64 128 384 0
sm_120 12 0 48 102400 101376 64 128 384 1
sm_120 12 0 48 102400 101376 64 128 512 0
sm_120 12 0 48 102400 101376 64 128 512 1
sm_120 12 0 48 102400 101376 64 128 1024 0
sm_120 12 0 48 102400 101376 64 128 1024 1
sm_120 12 0 48 102400 101376 64 8192 32 0
sm_120 12 0 48 102400 101376 64 8192 32 1
sm_120 12 0 48 102400 101376 64 8192 96 0
sm_120 12 0 48 102400 101376 64 8192 96 1
sm_120 12 0 48 102400 101376 64 8192 128 0
sm_120 12 0 48 102400 101376 64 8192 128 1
sm_120 12 0 48 102400 101376 64 8192 256 0
sm_120 12 0 48 102400 101376 64 8192 256 1
sm_120 12 0 48 102400 101376 64 8192 384 0
sm_120 12 0 48 102400 101376 64 8192 384 1
sm_120 12 0 48 102400 101376 64 8192 512 0
sm_120 12 0 48 102400 101376 64 8192 512 1
sm_120 12 0 48 102400 101376 64 8192 1024 0
sm_120 12 0 48 102400 101376 64 8192 1024 1
sm_120 12 0 48 102400 101376 64 32768 32 0
sm_120 12 0 48 102400 101376 64 32768 32 1
sm_120 12 0 48 102400 101376 64 32768 96 0
sm_120 12 0 48 102400 101376 64 32768 96 1
sm_120 12 0 48 102400 101376 64 32768 128 0
sm_120 12 0 48 102400 101376 64 32768 128 1
sm_120 12 0 48 102400 101376 64 32768 256 0
sm_120 12 0 48 102400 101376 64 32768 256 1
sm_120 12 0 48 102400 101376 64 32768 384 0
sm_120 12 0 48 102400 101376 64 32768 384 1
sm_120 12 0 48 102400 101376 64 32768 512 0
sm_120 12 0 48 102400 101376 64 32768 512 1
sm_120 12 0 48 102400 101376 64 32768 1024 0
sm_120 12 0 48 102400 101376 64 32768 1024 1
sm_120 12 0 48 102400 101376 64 49152 32 0
sm_120 12 0 48 102400 101376 64 49152 32 1
sm_120 12 0 48 102400 101376 64 49152 96 0
sm_120 12 0 48 102400 101376 64 49152 96 1
sm_120 12 0 48 102400 101376 64 49152 128 0
sm_120 12 0 48 102400 101376 64 49152 128 1
sm_120 12 0 48 102400 101376 64 49152 256 0
sm_120 12 0 48 102400 101376 64 49152 256 1
sm_120 12 0 48 102400 101376 64 49152 384 0
sm_120 12 0 48 102400 101376 64 49152 384 1
sm_120 12 0 48 102400 101376 64 49152 512 0
sm_120 12 0 48 102400 101376 64 49152 512 1
sm_120 12 0 48 102400 101376 64 49152 1024 0
sm_120 12 0 48 102400 101376 64 49152 1024 1
sm_120 12 0 48 102400 101376 64 98304 32 0
sm_120 12 0 48 102400 101376 64 98304 32 1
sm_120 12 0 48 102400 101376 64 98304 96 0
sm_120 12 0 48 102400 101376 64 98304 96 1
sm_120 12 0 48 102400 101376 64 98304 128 0
sm_120 12 0 48 102400 101376 64 98304 128 1
sm_120 12 0 48 102400 101376 64 98304 256 0
sm_120 12 0 48 102400 101376 64 98304 256 1
sm_120 12 0 48 102400 101376 64 98304 384 0
sm_120 12 0 48 102400 101376 64 98304 384 1
sm_120 12 0 48 102400 101376 64 98304 512 0
sm_120 12 0 48 102400 101376 64 98304 512 1
sm_120 12 0 48 102400 101376 64 98304 1024 0
sm_120 12 0 48 102400 101376 64 98304 1024 1
sm_120 12 0 48 102400 101376 64 200000 32 0
sm_120 12 0 48 102400 101376 64 200000 32 1
sm_120 12 0 48 102400 101376 64 200000 96 0
sm_120 12 0 48 102400 101376 64 200000 96 1
sm_120 12 0 48 102400 101376 64 200000 128 0
sm_120 12 0 48 102400 101376 64 200000 128 1
sm_120 12 0 48 102400 101376 64 200000 256 0
sm_120 12 0 48 102400 101376 64 200000 256 1
sm_120 12 0 48 102400 101376 64 200000 384 0
sm_120 12 0 48 102400 101376 64 200000 384 1
sm_120 12 0 48 102400 101376 64 200000 512 0
sm_120 12 0 48 102400 101376 64 200000 512 1
sm_120 12 0 48 102400 101376 64 200000 1024 0
sm_120 12 0 48 102400 101376 64 200000 1024 1
sm_120 12 0 48 102400 101376 72 0 32 0
sm_120 12 0 48 102400 101376 72 0 32 1
sm_120 12 0 48 102400 101376 72 0 96 0
sm_120 12 0 48 102400 101376 72 0 96 1
sm_120 12 0 48 102400 101376 72 0 128 0
sm_120 12 0 48 102400 101376 72 0 128 1
sm_120 12 0 48 102400 101376 72 0 256 0
sm_120 12 0 48 102400 101376 72 0 256 1
sm_120 12 0 48 102400 101376 72 0 384 0
sm_120 12 0 48 102400 101376 72 0 384 1
sm_120 12 0 48 102400 101376 72 0 512 0
sm_120 12 0 48 102400 101376 72 0 512 1
sm_120 12 0 48 102400 101376 72 0 1024 0
sm_120 12 0 48 102400 101376 72 0 1024 1
sm_120 12 0 48 102400 101376 72 128 32 0
sm_120 12 0 48 102400 101376 72 128 32 1
sm_120 12 0 48 102400 101376 72 128 96 0
sm_120 12 0 48 102400 101376 72 128 96 1
sm_120 12 0 48 102400 101376 72 128 128 0
sm_120 12 0 48 102400 101376 72 128 128 1
sm_120 12 0 48 102400 101376 72 128 256 0
sm_120 12 0 48 102400 101376 72 128 256 1
sm_120 12 0 48 102400 101376 72 128 384 0
sm_120 12 0 48 102400 101376 72 128 384 1
sm_120 12 0 48 102400 101376 72 128 512 0
sm_120 12 0 48 102400 101376 72 128 512 1
sm_120 12 0 48 102400 101376 72 128 1024 0
sm_120 12 0 48 102400 101376 72 128 1024 1
sm_120 12 0 48 102400 101376 72 8192 32 0
sm_120 12 0 48 102400 101376 72 8192 32 1
sm_120 12 0 48 102400 101376 72 8192 96 0
sm_120 12 0 48 102400 101376 72 8192 96 1
sm_120 12 0 48 102400 101376 72 8192 128 0
sm_120 12 0 48 102400 101376 72 8192 128 1
sm_120 12 0 48 102400 101376 72 8192 256 0
sm_120 12 0 48 102400 101376 72 8192 256 1
sm_120 12 0 48 102400 101376 72 8192 384 0
sm_120 12 0 48 102400 101376 72 8192 384 1
sm_120 12 0 48 102400 101376 72 8192 512 0
sm_120 12 0 48 102400 101376 72 8192 512 1
sm_120 12 0 48 102400 101376 72 8192 1024 0
sm_120 12 0 48 102400 101376 72 8192 1024 1
sm_120 12 0 48 102400 101376 72 32768 32 0
sm_120 12 0 48 102400 101376 72 32768 32 1
sm_120 12 0 48 102400 101376 72 32768 96 0
sm_120 12 0 48 102400 101376 72 32768 96 1
sm_120 12 0 48 102400 101376 72 32768 128 0
sm_120 12 0 48 102400 101376 72 32768 128 1
sm_120 12 0 48 102400 101376 72 32768 256 0
sm_120 12 0 48 102400 101376 72 32768 256 1
sm_120 12 0 48 102400 101376 72 32768 384 0
sm_120 12 0 48 102400 101376 72 32768 384 1
sm_120 12 0 48 102400 101376 72 32768 512 0
sm_120 12 0 48 102400 101376 72 32768 512 1
sm_120 12 0 48 102400 101376 72 32768 1024 0
sm_120 12 0 48 102400 101376 72 32768 1024 1
sm_120 12 0 48 102400 101376 72 49152 32 0
sm_120 12 0 48 102400 101376 72 49152 32 1
sm_120 12 0 48 102400 101376 72 49152 96 0
sm_120 12 0 48 102400 101376 72 49152 96 1
sm_120 12 0 48 102400 101376 72 49152 128 0
sm_120 12 0 48 102400 101376 72 49152 128 1
sm_120 12 0 48 102400 101376 72 49152 256 0
sm_120 12 0 48 102400 101376 72 49152 256 1
sm_120 12 0 48 102400 101376 72 49152 384 0
sm_120 12 0 48 102400 101376 72 49152 384 1
sm_120 12 0 48 102400 101376 72 49152 512 0
sm_120 12 0 48 102400 101376 72 49152 512 1
sm_120 12 0 48 102400 101376 72 49152 1024 0
sm_120 12 0 48 102400 101376 72 49152 1024 1
sm_120 12 0 48 102400 101376 72 98304 32 0
sm_120 12 0 48 102400 101376 72 98304 32 1
sm_120 12 0 48 102400 101376 72 98304 96 0
sm_120 12 0 48 102400 101376 72 98304 96 1
sm_120 12 0 48 102400 101376 72 98304 128 0
sm_120 12 0 48 102400 101376 72 98304 128 1
sm_120 12 0 48 102400 101376 72 98304 256 0
sm_120 12 0 48 102400 101376 72 98304 256 1
sm_120 12 0 48 102400 101376 72 98304 384 0
sm_120 12 0 48 102400 101376 72 98304 384 1
sm_120 12 0 48 102400 101376 72 98304 512 0
sm_120 12 0 48 102400 101376 72 98304 512 1
sm_120 12 0 48 102400 101376 72 98304 1024 0
sm_120 12 0 48 102400 101376 72 98304 1024 1
sm_120 12 0 48 102400 101376 72 200000 32 0
sm_120 12 0 48 102400 101376 72 200000 32 1
sm_120 12 0 48 102400 101376 72 200000 96 0
sm_120 12 0 48 102400 101376 72 200000 96 1
sm_120 12 0 48 102400 101376 72 200000 128 0
sm_120 12 0 48 102400 101376 72 200000 128 1
sm_120 12 0 48 102400 101376 72 200000 256 0
sm_120 12 0 48 102400 101376 72 200000 256 1
sm_120 12 0 48 102400 101376 72 200000 384 0
sm_120 12 0 48 102400 101376 72 200000 384 1
sm_120 12 0 48 102400 101376 72 200000 512 0
sm_120 12 0 48 102400 101376 72 200000 512 1
sm_120 12 0 48 102400 101376 72 200000 1024 0
sm_120 12 0 48 102400 101376 72 200000 1024 1
sm_120 12 0 48 102400 101376 96 0 32 0
sm_120 12 0 48 102400 101376 96 0 32 1
sm_120 12 0 48 102400 101376 96 0 96 0
sm_120 12 0 48 102400 101376 96 0 96 1
sm_120 12 0 48 102400 101376 96 0 128 0
sm_120 12 0 48 102400 101376 96 0 128 1
sm_120 12 0 48 102400 101376 96 0 256 0
sm_120 12 0 48 102400 101376 96 0 256 1
sm_120 12 0 48 102400 101376 96 0 384 0
sm_120 12 0 48 102400 101376 96 0 384 1
sm_120 12 0 48 102400 101376 96 0 512 0
sm_120 12 0 48 102400 101376 96 0 512 1
sm_120 12 0 48 102400 101376 96 0 1024 0
sm_120 12 0 48 102400 101376 96 0 1024 1
sm_120 12 0 48 102400 101376 96 128 32 0
sm_120 12 0 48 102400 101376 96 128 32 1
sm_120 12 0 48 102400 101376 96 128 96 0
sm_120 12 0 48 102400 101376 96 128 96 1
sm_120 12 0 48 102400 101376 96 128 128 0
sm_120 12 0 48 102400 101376 96 128 128 1
sm_120 12 0 48 102400 101376 96 128 256 0
sm_120 12 0 48 102400 101376 96 128 256 1
sm_120 12 0 48 102400 101376 96 128 384 0
sm_120 12 0 48 102400 101376 96 128 384 1
sm_120 12 0 48 102400 101376 96 128 512 0
sm_120 12 0 48 102400 101376 96 128 512 1
sm_120 12 0 48 102400 101376 96 128 1024 0
sm_120 12 0 48 102400 101376 96 128 1024 1
sm_120 12 0 48 102400 101376 96 8192 32 0
sm_120 12 0 48 102400 101376 96 8192 32 1
sm_120 12 0 48 102400 101376 96 8192 96 0
sm_120 12 0 48 102400 101376 96 8192 96 1
sm_120 12 0 48 102400 101376 96 8192 128 0
sm_120 12 0 48 102400 101376 96 8192 128 1
sm_120 12 0 48 102400 101376 96 8192 256 0
sm_120 12 0 48 102400 101376 96 8192 256 1
sm_120 12 0 48 102400 101376 96 8192 384 0
sm_120 12 0 48 102400 101376 96 8192 384 1
sm_120 12 0 48 102400 101376 96 8192 512 0
sm_120 12 0 48 102400 101376 96 8192 512 1
sm_120 12 0 48 102400 101376 96 8192 1024 0
sm_120 12 0 48 102400 101376 96 8192 1024 1
sm_120 12 0 48 102400 101376 96 32768 32 0
sm_120 12 0 48 102400 101376 96 32768 32 1
sm_120 12 0 48 102400 101376 96 32768 96 0
sm_120 12 0 48 102400 101376 96 32768 96 1
sm_120 12 0 48 102400 101376 96 32768 128 0
sm_120 12 0 48 102400 101376 96 32768 128 1
sm_120 12 0 48 102400 101376 96 32768 256 0
sm_120 12 0 48 102400 101376 96 32768 256 1
sm_120 12 0 48 102400 101376 96 32768 384 0
sm_120 12 0 48 102400 101376 96 32768 384 1
sm_120 12 0 48 102400 101376 96 32768 512 0
sm_120 12 0 48 102400 101376 96 32768 512 1
sm_120 12 0 48 102400 101376 96 32768 1024 0
sm_120 12 0 48 102400 101376 96 32768 1024 1
sm_120 12 0 48 102400 101376 96 49152 32 0
sm_120 12 0 48 102400 101376 96 49152 32 1
sm_120 12 0 48 102400 101376 96 49152 96 0
sm_120 12 0 48 102400 101376 96 49152 96 1
sm_120 12 0 48 102400 101376 96 49152 128 0
sm_120 12 0 48 102400 101376 96 49152 128 1
sm_120 12 0 48 102400 101376 96 49152 256 0
sm_120 12 0 48 102400 101376 96 49152 256 1
sm_120 12 0 48 102400 101376 96 49152 384 0
sm_120 12 0 48 102400 101376 96 49152 384 1
sm_120 12 0 48 102400 101376 96 49152 512 0
sm_120 12 0 48 102400 101376 96 49152 512 1
sm_120 12 0 48 102400 101376 96 49152 1024 0
sm_120 12 0 48 102400 101376 96 49152 1024 1
sm_120 12 0 48 102400 101376 96 98304 32 0
sm_120 12 0 48 102400 101376 96 98304 32 1
sm_120 12 0 48 102400 101376 96 98304 96 0
sm_120 12 0 48 102400 101376 96 98304 96 1
sm_120 12 0 48 102400 101376 96 98304 128 0
sm_120 12 0 48 102400 101376 96 98304 128 1
sm_120 12 0 48 102400 101376 96 98304 256 0
sm_120 12 0 48 102400 101376 96 98304 256 1
sm_120 12 0 48 102400 101376 96 98304 384 0
sm_120 12 0 48 102400 101376 96 98304 384 1
sm_120 12 0 48 102400 101376 96 98304 512 0
sm_120 12 0 48 102400 101376 96 98304 512 1
sm_120 12 0 48 102400 101376 96 98304 1024 0
sm_120 12 0 48 102400 101376 96 98304 1024 1
sm_120 12 0 48 102400 101376 96 200000 32 0
sm_120 12 0 48 102400 101376 96 200000 32 1
sm_120 12 0 48 102400 101376 96 200000 96 0
sm_120 12 0 48 102400 101376 96 200000 96 1
sm_120 12 0 48 102400 101376 96 200000 128 0
sm_120 12 0 48 102400 101376 96 200000 128 1
sm_120 12 0 48 102400 101376 96 200000 256 0
sm_120 12 0 48 102400 101376 96 200000 256 1
sm_120 12 0 48 102400 101376 96 200000 384 0
sm_120 12 0 48 102400 101376 96 200000 384 1
sm_120 12 0 48 102400 101376 96 200000 512 0
sm_120 12 0 48 102400 101376 96 200000 512 1
sm_120 12 0 48 102400 101376 96 200000 1024 0
sm_120 12 0 48 102400 101376 96 200000 1024 1
sm_120 12 0 48 102400 101376 128 0 32 0
sm_120 12 0 48 102400 101376 128 0 32 1
sm_120 12 0 48 102400 101376 128 0 96 0
sm_120 12 0 48 102400 101376 128 0 96 1
sm_120 12 0 48 102400 101376 128 0 128 0
sm_120 12 0 48 102400 101376 128 0 128 1
sm_120 12 0 48 102400 101376 128 0 256 0
sm_120 12 0 48 102400 101376 128 0 256 1
sm_120 12 0 48 102400 101376 128 0 384 0
sm_120 12 0 48 102400 101376 128 0 384 1
sm_120 12 0 48 102400 101376 128 0 512 0
sm_120 12 0 48 102400 101376 128 0 512 1
sm_120 12 0 48 102400 101376 128 0 1024 0
sm_120 12 0 48 102400 101376 128 0 1024 1
sm_120 12 0 48 102400 101376 128 128 32 0
sm_120 12 0 48 102400 101376 128 128 32 1
sm_120 12 0 48 102400 101376 128 128 96 0
sm_120 12 0 48 102400 101376 128 128 96 1
sm_120 12 0 48 102400 101376 128 128 128 0
sm_120 12 0 48 102400 101376 128 128 128 1
sm_120 12 0 48 102400 101376 128 128 256 0
sm_120 12 0 48 102400 101376 128 128 256 1
sm_120 12 0 48 102400 101376 128 128 384 0
sm_120 12 0 48 102400 101376 128 128 384 1
sm_120 12 0 48 102400 101376 128 128 512 0
sm_120 12 0 48 102400 101376 128 128 512 1
sm_120 12 0 48 102400 101376 128 128 1024 0
sm_120 12 0 48 102400 101376 128 128 1024 1
sm_120 12 0 48 102400 101376 128 8192 32 0
sm_120 12 0 48 102400 101376 128 8192 32 1
sm_120 12 0 48 102400 101376 128 8192 96 0
sm_120 12 0 48 102400 101376 128 8192 96 1
sm_120 12 0 48 102400 101376 128 8192 128 0
sm_120 12 0 48 102400 101376 128 8192 128 1
sm_120 12 0 48 102400 101376 128 8192 256 0
sm_120 12 0 48 102400 101376 128 8192 256 1
sm_120 12 0 48 102400 101376 128 8192 384 0
sm_120 12 0 48 102400 101376 128 8192 384 1
sm_120 12 0 48 102400 101376 128 8192 512 0
sm_120 12 0 48 102400 101376 128 8192 512 1
sm_120 12 0 48 102400 101376 128 8192 1024 0
sm_120 12 0 48 102400 101376 128 8192 1024 1
sm_120 12 0 48 102400 101376 128 32768 32 0
sm_120 12 0 48 102400 101376 128 32768 32 1
sm_120 12 0 48 102400 101376 128 32768 96 0
sm_120 12 0 48 102400 101376 128 32768 96 1
sm_120 12 0 48 102400 101376 128 32768 128 0
sm_120 12 0 48 102400 101376 128 32768 128 1
sm_120 12 0 48 102400 101376 128 32768 256 0
sm_120 12 0 48 102400 101376 128 32768 256 1
sm_120 12 0 48 102400 101376 128 32768 384 0
sm_120 12 0 48 102400 101376 128 32768 384 1
sm_120 12 0 48 102400 101376 128 32768 512 0
sm_120 12 0 48 102400 101376 128 32768 512 1
sm_120 12 0 48 102400 101376 128 32768 1024 0
sm_120 12 0 48 102400 101376 128 32768 1024 1
sm_120 12 0 48 102400 101376 128 49152 32 0
sm_120 12 0 48 102400 101376 128 49152 32 1
sm_120 12 0 48 102400 101376 128 49152 96 0
sm_120 12 0 48 102400 101376 128 49152 96 1
sm_120 12 0 48 102400 101376 128 49152 128 0
sm_120 12 0 48 102400 101376 128 49152 128 1
sm_120 12 0 48 102400 101376 128 49152 256 0
sm_120 12 0 48 102400 101376 128 49152 256 1
sm_120 12 0 48 102400 101376 128 49152 384 0
sm_120 12 0 48 102400 101376 128 49152 384 1
sm_120 12 0 48 102400 101376 128 49152 512 0
sm_120 12 0 48 102400 101376 128 49152 512 1
sm_120 12 0 48 102400 101376 128 49152 1024 0
sm_120 12 0 48 102400 101376 128 49152 1024 1
sm_120 12 0 48 102400 101376 128 98304 32 0
sm_120 12 0 48 102400 101376 128 98304 32 1
sm_120 12 0 48 102400 101376 128 98304 96 0
sm_120 12 0 48 102400 101376 128 98304 96 1
sm_120 12 0 48 102400 101376 128 98304 128 0
sm_120 12 0 48 102400 101376 128 98304 128 1
sm_120 12 0 48 102400 101376 128 98304 256 0
sm_120 12 0 48 102400 101376 128 98304 256 1
sm_120 12 0 48 102400 101376 128 98304 384 0
sm_120 12 0 48 102400 101376 128 98304 384 1
sm_120 12 0 48 102400 101376 128 98304 512 0
sm_120 12 0 48 102400 101376 128 98304 512 1
sm_120 12 0 48 102400 101376 128 98304 1024 0
sm_120 12 0 48 102400 101376 128 98304 1024 1
sm_120 12 0 48 102400 101376 128 200000 32 0
sm_120 12 0 48 102400 101376 128 200000 32 1
sm_120 12 0 48 102400 101376 128 200000 96 0
sm_120 12 0 48 102400 101376 128 200000 96 1
sm_120 12 0 48 102400 101376 128 200000 128 0
sm_120 12 0 48 102400 101376 128 200000 128 1
sm_120 12 0 48 102400 101376 128 200000 256 0
sm_120 12 0 48 102400 101376 128 200000 256 1
sm_120 12 0 48 102400 101376 128 200000 384 0
sm_120 12 0 48 102400 101376 128 200000 384 1
sm_120 12 0 48 102400 101376 128 200000 512 0
sm_120 12 0 48 102400 101376 128 200000 512 1
sm_120 12 0 48 102400 101376 128 200000 1024 0
sm_120 12 0 48 102400 101376 128 200000 1024 1
sm_120 12 0 48 102400 101376 168 0 32 0
sm_120 12 0 48 102400 101376 168 0 32 1
sm_120 12 0 48 102400 101376 168 0 96 0
sm_120 12 0 48 102400 101376 168 0 96 1
sm_120 12 0 48 102400 101376 168 0 128 0
sm_120 12 0 48 102400 101376 168 0 128 1
sm_120 12 0 48 102400 101376 168 0 256 0
sm_120 12 0 48 102400 101376 168 0 256 1
sm_120 12 0 48 102400 101376 168 0 384 0
sm_120 12 0 48 102400 101376 168 0 384 1
sm_120 12 0 48 102400 101376 168 0 512 0
sm_120 12 0 48 102400 101376 168 0 512 1
sm_120 12 0 48 102400 101376 168 0 1024 0
sm_120 12 0 48 102400 101376 168 0 1024 1
sm_120 12 0 48 102400 101376 168 128 32 0
sm_120 12 0 48 102400 101376 168 128 32 1
sm_120 12 0 48 102400 101376 168 128 96 0
sm_120 12 0 48 102400 101376 168 128 96 1
sm_120 12 0 48 102400 101376 168 128 128 0
sm_120 12 0 48 102400 101376 168 128 128 1
sm_120 12 0 48 102400 101376 168 128 256 0
sm_120 12 0 48 102400 101376 168 128 256 1
sm_120 12 0 48 102400 101376 168 128 384 0
sm_120 12 0 48 102400 101376 168 128 384 1
sm_120 12 0 48 102400 101376 168 128 512 0
sm_120 12 0 48 102400 101376 168 128 512 1
sm_120 12 0 48 102400 101376 168 128 1024 0
sm_120 12 0 48 102400 101376 168 128 1024 1
sm_120 12 0 48 102400 101376 168 8192 32 0
sm_120 12 0 48 102400 101376 168 8192 32 1
sm_120 12 0 48 102400 101376 168 8192 96 0
sm_120 12 0 48 102400 101376 168 8192 96 1
sm_120 12 0 48 102400 101376 168 8192 128 0
sm_120 12 0 48 102400 101376 168 8192 128 1
sm_120 12 0 48 102400 101376 168 8192 256 0
sm_120 12 0 48 102400 101376 168 8192 256 1
sm_120 12 0 48 102400 101376 168 8192 384 0
sm_120 12 0 48 102400 101376 168 8192 384 1
sm_120 12 0 48 102400 101376 168 8192 512 0
sm_120 12 0 48 102400 101376 168 8192 512 1
sm_120 12 0 48 102400 101376 168 8192 1024 0
sm_120 12 0 48 102400 101376 168 8192 1024 1
sm_120 12 0 48 102400 101376 168 32768 32 0
sm_120 12 0 48 102400 101376 168 32768 32 1
sm_120 12 0 48 102400 101376 168 32768 96 0
sm_120 12 0 48 102400 101376 168 32768 96 1
sm_120 12 0 48 102400 101376 168 32768 128 0
sm_120 12 0 48 102400 101376 168 32768 128 1
sm_120 12 0 48 102400 101376 168 32768 256 0
sm_120 12 0 48 102400 101376 168 32768 256 1
sm_120 12 0 48 102400 101376 168 32768 384 0
sm_120 12 0 48 102400 101376 168 32768 384 1
sm_120 12 0 48 102400 101376 168 32768 512 0
sm_120 12 0 48 102400 101376 168 32768 512 1
sm_120 12 0 48 102400 101376 168 32768 1024 0
sm_120 12 0 48 102400 101376 168 32768 1024 1
sm_120 12 0 48 102400 101376 168 49152 32 0
sm_120 12 0 48 102400 101376 168 49152 32 1
sm_120 12 0 48 102400 101376 168 49152 96 0
sm_120 12 0 48 102400 101376 168 49152 96 1
sm_120 12 0 48 102400 101376 168 49152 128 0
sm_120 12 0 48 102400 101376 168 49152 128 1
sm_120 12 0 48 102400 101376 168 49152 256 0
sm_120 12 0 48 102400 101376 168 49152 256 1
sm_120 12 0 48 102400 101376 168 49152 384 0
sm_120 12 0 48 102400 101376 168 49152 384 1
sm_120 12 0 48 102400 101376 168 49152 512 0
sm_120 12 0 48 102400 101376 168 49152 512 1
sm_120 12 0 48 102400 101376 168 49152 1024 0
sm_120 12 0 48 102400 101376 168 49152 1024 1
sm_120 12 0 48 102400 101376 168 98304 32 0
sm_120 12 0 48 102400 101376 168 98304 32 1
sm_120 12 0 48 102400 101376 168 98304 96 0
sm_120 12 0 48 102400 101376 168 98304 96 1
sm_120 12 0 48 102400 101376 168 98304 128 0
sm_120 12 0 48 102400 101376 168 98304 128 1
sm_120 12 0 48 102400 101376 168 98304 256 0
sm_120 12 0 48 102400 101376 168 98304 256 1
sm_120 12 0 48 102400 101376 168 98304 384 0
sm_120 12 0 48 102400 101376 168 98304 384 1
sm_120 12 0 48 102400 101376 168 98304 512 0
sm_120 12 0 48 102400 101376 168 98304 512 1
sm_120 12 0 48 102400 101376 168 98304 1024 0
sm_120 12 0 48 102400 101376 168 98304 1024 1
sm_120 12 0 48 102400 101376 168 200000 32 0
sm_120 12 0 48 102400 101376 168 200000 32 1
sm_120 12 0 48 102400 101376 168 200000 96 0
sm_120 12 0 48 102400 101376 168 200000 96 1
sm_120 12 0 48 102400 101376 168 200000 128 0
sm_120 12 0 48 102400 101376 168 200000 128 1
sm_120 12 0 48 102400 101376 168 200000 256 0
sm_120 12 0 48 102400 101376 168 200000 256 1
sm_120 12 0 48 102400 101376 168 200000 384 0
sm_120 12 0 48 102400 101376 168 200000 384 1
sm_120 12 0 48 102400 101376 168 200000 512 0
sm_120 12 0 48 102400 101376 168 200000 512 1
sm_120 12 0 48 102400 101376 168 200000 1024 0
sm_120 12 0 48 102400 101376 168 200000 1024 1
sm_120 12 0 48 102400 101376 255 0 32 0
sm_120 12 0 48 102400 101376 255 0 32 1
sm_120 12 0 48 102400 101376 255 0 96 0
sm_120 12 0 48 102400 101376 255 0 96 1
sm_120 12 0 48 102400 101376 255 0 128 0
sm_120 12 0 48 102400 101376 255 0 128 1
sm_120 12 0 48 102400 101376 255 0 256 0
sm_120 12 0 48 102400 101376 255 0 256 1
sm_120 12 0 48 102400 101376 255 0 384 0
sm_120 12 0 48 102400 101376 255 0 384 1
sm_120 12 0 48 102400 101376 255 0 512 0
sm_120 12 0 48 102400 101376 255 0 512 1
sm_120 12 0 48 102400 101376 255 0 1024 0
sm_120 12 0 48 102400 101376 255 0 1024 1
sm_120 12 0 48 102400 101376 255 128 32 0
sm_120 12 0 48 102400 101376 255 128 32 1
sm_120 12 0 48 102400 101376 255 128 96 0
sm_120 12 0 48 102400 101376 255 128 96 1
sm_120 12 0 48 102400 101376 255 128 128 0
sm_120 12 0 48 102400 101376 255 128 128 1
sm_120 12 0 48 102400 101376 255 128 256 0
sm_120 12 0 48 102400 101376 255 128 256 1
sm_120 12 0 48 102400 101376 255 128 384 0
sm_120 12 0 48 102400 101376 255 128 384 1
sm_120 12 0 48 102400 101376 255 128 512 0
sm_120 12 0 48 102400 101376 255 128 512 1
sm_120 12 0 48 102400 101376 255 128 1024 0
sm_120 12 0 48 102400 101376 255 128 1024 1
sm_120 12 0 48 102400 101376 255 8192 32 0
sm_120 12 0 48 102400 101376 255 8192 32 1
sm_120 12 0 48 102400 101376 255 8192 96 0
sm_120 12 0 48 102400 101376 255 8192 96 1
sm_120 12 0 48 102400 101376 255 8192 128 0
sm_120 12 0 48 102400 101376 255 8192 128 1
sm_120 12 0 48 102400 101376 255 8192 256 0
sm_120 12 0 48 102400 101376 255 8192 256 1
sm_120 12 0 48 102400 101376 255 8192 384 0
sm_120 12 0 48 102400 101376 255 8192 384 1
sm_120 12 0 48 102400 101376 255 8192 512 0
sm_120 12 0 48 102400 101376 255 8192 512 1
sm_120 12 0 48 102400 101376 255 8192 1024 0
sm_120 12 0 48 102400 101376 255 8192 1024 1
sm_120 12 0 48 102400 101376 255 32768 32 0
sm_120 12 0 48 102400 101376 255 32768 32 1
sm_120 12 0 48 102400 101376 255 32768 96 0
sm_120 12 0 48 102400 101376 255 32768 96 1
sm_120 12 0 48 102400 101376 255 32768 128 0
sm_120 12 0 48 102400 101376 255 32768 128 1
sm_120 12 0 48 102400 101376 255 32768 256 0
sm_120 12 0 48 102400 101376 255 32768 256 1
sm_120 12 0 48 102400 101376 255 32768 384 0
sm_120 12 0 48 102400 101376 255 32768 384 1
sm_120 12 0 48 102400 101376 255 32768 512 0
sm_120 12 0 48 102400 101376 255 32768 512 1
sm_120 12 0 48 102400 101376 255 32768 1024 0
sm_120 12 0 48 102400 101376 255 32768 1024 1
sm_120 12 0 48 102400 101376 255 49152 32 0
sm_120 12 0 48 102400 101376 255 49152 32 1
sm_120 12 0 48 102400 101376 255 49152 96 0
sm_120 12 0 48 102400 101376 255 49152 96 1
sm_120 12 0 48 102400 101376 255 49152 128 0
sm_120 12 0 48 102400 101376 255 49152 128 1
sm_120 12 0 48 102400 101376 255 49152 256 0
sm_120 12 0 48 102400 101376 255 49152 256 1
sm_120 12 0 48 102400 101376 255 49152 384 0
sm_120 12 0 48 102400 101376 255 49152 384 1
sm_120 12 0 48 102400 101376 255 49152 512 0
sm_120 12 0 48 102400 101376 255 49152 512 1
sm_120 12 0 48 102400 101376 255 49152 1024 0
sm_120 12 0 48 102400 101376 255 49152 1024 1
sm_120 12 0 48 102400 101376 255 98304 32 0
sm_120 12 0 48 102400 101376 255 98304 32 1
sm_120 12 0 48 102400 101376 255 98304 96 0
sm_120 12 0 48 102400 101376 255 98304 96 1
sm_120 12 0 48 102400 101376 255 98304 128 0
sm_120 12 0 48 102400 101376 255 98304 128 1
sm_120 12 0 48 102400 101376 255 98304 256 0
sm_120 12 0 48 102400 101376 255 98304 256 1
sm_120 12 0 48 102400 101376 255 98304 384 0
sm_120 12 0 48 102400 101376 255 98304 384 1
sm_120 12 0 48 102400 101376 255 98304 512 0
sm_120 12 0 48 102400 101376 255 98304 512 1
sm_120 12 0 48 102400 101376 255 98304 1024 0
sm_120 12 0 48 102400 101376 255 98304 1024 1
sm_120 12 0 48 102400 101376 255 200000 32 0
sm_120 12 0 48 102400 101376 255 200000 32 1
sm_120 12 0 48 102400 101376 255 200000 96 0
sm_120 12 0 48 102400 101376 255 200000 96 1
sm_120 12 0 48 102400 101376 255 200000 128 0
sm_120 12 0 48 102400 101376 255 200000 128 1
sm_120 12 0 48 102400 101376 255 200000 256 0
sm_120 12 0 48 102400 101376 255 200000 256 1
sm_120 12 0 48 102400 101376 255 200000 384 0
sm_120 12 0 48 102400 101376 255 200000 384 1
sm_120 12 0 48 102400 101376 255 200000 512 0
sm_120 12 0 48 102400 101376 255 200000 512 1
sm_120 12 0 48 102400 101376 255 200000 1024 0
sm_120 12 0 48 102400 101376 255 200000 1024 1
