sm_80,16,0,32,0,0,32,128,164,64,32
sm_80,16,0,32,1,0,32,128,164,64,32
sm_80,16,0,96,0,0,21,42,164,21,32
sm_80,16,0,96,1,0,21,42,164,21,32
sm_80,16,0,128,0,0,16,32,164,16,32
sm_80,16,0,128,1,0,16,32,164,16,32
sm_80,16,0,256,0,0,8,16,164,8,32
sm_80,16,0,256,1,0,8,16,164,8,32
sm_80,16,0,384,0,0,5,10,164,5,32
sm_80,16,0,384,1,0,5,10,164,5,32
sm_80,16,0,512,0,0,4,8,164,4,32
sm_80,16,0,512,1,0,4,8,164,4,32
sm_80,16,0,1024,0,0,2,4,164,2,32
sm_80,16,0,1024,1,0,2,4,164,2,32
sm_80,16,128,32,0,0,32,128,145,64,32
sm_80,16,128,32,1,0,32,128,145,64,32
sm_80,16,128,96,0,0,21,42,145,21,32
sm_80,16,128,96,1,0,21,42,145,21,32
sm_80,16,128,128,0,0,16,32,145,16,32
sm_80,16,128,128,1,0,16,32,145,16,32
sm_80,16,128,256,0,0,8,16,145,8,32
sm_80,16,128,256,1,0,8,16,145,8,32
sm_80,16,128,384,0,0,5,10,145,5,32
sm_80,16,128,384,1,0,5,10,145,5,32
sm_80,16,128,512,0,0,4,8,145,4,32
sm_80,16,128,512,1,0,4,8,145,4,32
sm_80,16,128,1024,0,0,2,4,145,2,32
sm_80,16,128,1024,1,0,2,4,145,2,32
sm_80,16,8192,32,0,0,18,128,18,64,32
sm_80,16,8192,32,1,0,18,128,18,64,32
sm_80,16,8192,96,0,0,18,42,18,21,32
sm_80,16,8192,96,1,0,18,42,18,21,32
sm_80,16,8192,128,0,0,16,32,18,16,32
sm_80,16,8192,128,1,0,16,32,18,16,32
sm_80,16,8192,256,0,0,8,16,18,8,32
sm_80,16,8192,256,1,0,8,16,18,8,32
sm_80,16,8192,384,0,0,5,10,18,5,32
sm_80,16,8192,384,1,0,5,10,18,5,32
sm_80,16,8192,512,0,0,4,8,18,4,32
sm_80,16,8192,512,1,0,4,8,18,4,32
sm_80,16,8192,1024,0,0,2,4,18,2,32
sm_80,16,8192,1024,1,0,2,4,18,2,32
sm_80,16,32768,32,0,0,4,128,4,64,32
sm_80,16,32768,32,1,0,4,128,4,64,32
sm_80,16,32768,96,0,0,4,42,4,21,32
sm_80,16,32768,96,1,0,4,42,4,21,32
sm_80,16,32768,128,0,0,4,32,4,16,32
sm_80,16,32768,128,1,0,4,32,4,16,32
sm_80,16,32768,256,0,0,4,16,4,8,32
sm_80,16,32768,256,1,0,4,16,4,8,32
sm_80,16,32768,384,0,0,4,10,4,5,32
sm_80,16,32768,384,1,0,4,10,4,5,32
sm_80,16,32768,512,0,0,4,8,4,4,32
sm_80,16,32768,512,1,0,4,8,4,4,32
sm_80,16,32768,1024,0,0,2,4,4,2,32
sm_80,16,32768,1024,1,0,2,4,4,2,32
sm_80,16,49152,32,0,0,3,128,3,64,32
sm_80,16,49152,32,1,0,3,128,3,64,32
sm_80,16,49152,96,0,0,3,42,3,21,32
sm_80,16,49152,96,1,0,3,42,3,21,32
sm_80,16,49152,128,0,0,3,32,3,16,32
sm_80,16,49152,128,1,0,3,32,3,16,32
sm_80,16,49152,256,0,0,3,16,3,8,32
sm_80,16,49152,256,1,0,3,16,3,8,32
sm_80,16,49152,384,0,0,3,10,3,5,32
sm_80,16,49152,384,1,0,3,10,3,5,32
sm_80,16,49152,512,0,0,3,8,3,4,32
sm_80,16,49152,512,1,0,3,8,3,4,32
sm_80,16,49152,1024,0,0,2,4,3,2,32
sm_80,16,49152,1024,1,0,2,4,3,2,32
sm_80,16,98304,32,0,0,1,128,1,64,32
sm_80,16,98304,32,1,0,1,128,1,64,32
sm_80,16,98304,96,0,0,1,42,1,21,32
sm_80,16,98304,96,1,0,1,42,1,21,32
sm_80,16,98304,128,0,0,1,32,1,16,32
sm_80,16,98304,128,1,0,1,32,1,16,32
sm_80,16,98304,256,0,0,1,16,1,8,32
sm_80,16,98304,256,1,0,1,16,1,8,32
sm_80,16,98304,384,0,0,1,10,1,5,32
sm_80,16,98304,384,1,0,1,10,1,5,32
sm_80,16,98304,512,0,0,1,8,1,4,32
sm_80,16,98304,512,1,0,1,8,1,4,32
sm_80,16,98304,1024,0,0,1,4,1,2,32
sm_80,16,98304,1024,1,0,1,4,1,2,32
sm_80,16,200000,32,0,0,0,128,0,64,32
sm_80,16,200000,32,1,0,0,128,0,64,32
sm_80,16,200000,96,0,0,0,42,0,21,32
sm_80,16,200000,96,1,0,0,42,0,21,32
sm_80,16,200000,128,0,0,0,32,0,16,32
sm_80,16,200000,128,1,0,0,32,0,16,32
sm_80,16,200000,256,0,0,0,16,0,8,32
sm_80,16,200000,256,1,0,0,16,0,8,32
sm_80,16,200000,384,0,0,0,10,0,5,32
sm_80,16,200000,384,1,0,0,10,0,5,32
sm_80,16,200000,512,0,0,0,8,0,4,32
sm_80,16,200000,512,1,0,0,8,0,4,32
sm_80,16,200000,1024,0,0,0,4,0,2,32
sm_80,16,200000,1024,1,0,0,4,0,2,32
sm_80,32,0,32,0,0,32,64,164,64,32
sm_80,32,0,32,1,0,32,64,164,64,32
sm_80,32,0,96,0,0,21,21,164,21,32
sm_80,32,0,96,1,0,21,21,164,21,32
sm_80,32,0,128,0,0,16,16,164,16,32
sm_80,32,0,128,1,0,16,16,164,16,32
sm_80,32,0,256,0,0,8,8,164,8,32
sm_80,32,0,256,1,0,8,8,164,8,32
sm_80,32,0,384,0,0,5,5,164,5,32
sm_80,32,0,384,1,0,5,5,164,5,32
sm_80,32,0,512,0,0,4,4,164,4,32
sm_80,32,0,512,1,0,4,4,164,4,32
sm_80,32,0,1024,0,0,2,2,164,2,32
sm_80,32,0,1024,1,0,2,2,164,2,32
sm_80,32,128,32,0,0,32,64,145,64,32
sm_80,32,128,32,1,0,32,64,145,64,32
sm_80,32,128,96,0,0,21,21,145,21,32
sm_80,32,128,96,1,0,21,21,145,21,32
sm_80,32,128,128,0,0,16,16,145,16,32
sm_80,32,128,128,1,0,16,16,145,16,32
sm_80,32,128,256,0,0,8,8,145,8,32
sm_80,32,128,256,1,0,8,8,145,8,32
sm_80,32,128,384,0,0,5,5,145,5,32
sm_80,32,128,384,1,0,5,5,145,5,32
sm_80,32,128,512,0,0,4,4,145,4,32
sm_80,32,128,512,1,0,4,4,145,4,32
sm_80,32,128,1024,0,0,2,2,145,2,32
sm_80,32,128,1024,1,0,2,2,145,2,32
sm_80,32,8192,32,0,0,18,64,18,64,32
sm_80,32,8192,32,1,0,18,64,18,64,32
sm_80,32,8192,96,0,0,18,21,18,21,32
sm_80,32,8192,96,1,0,18,21,18,21,32
sm_80,32,8192,128,0,0,16,16,18,16,32
sm_80,32,8192,128,1,0,16,16,18,16,32
sm_80,32,8192,256,0,0,8,8,18,8,32
sm_80,32,8192,256,1,0,8,8,18,8,32
sm_80,32,8192,384,0,0,5,5,18,5,32
sm_80,32,8192,384,1,0,5,5,18,5,32
sm_80,32,8192,512,0,0,4,4,18,4,32
sm_80,32,8192,512,1,0,4,4,18,4,32
sm_80,32,8192,1024,0,0,2,2,18,2,32
sm_80,32,8192,1024,1,0,2,2,18,2,32
sm_80,32,32768,32,0,0,4,64,4,64,32
sm_80,32,32768,32,1,0,4,64,4,64,32
sm_80,32,32768,96,0,0,4,21,4,21,32
sm_80,32,32768,96,1,0,4,21,4,21,32
sm_80,32,32768,128,0,0,4,16,4,16,32
sm_80,32,32768,128,1,0,4,16,4,16,32
sm_80,32,32768,256,0,0,4,8,4,8,32
sm_80,32,32768,256,1,0,4,8,4,8,32
sm_80,32,32768,384,0,0,4,5,4,5,32
sm_80,32,32768,384,1,0,4,5,4,5,32
sm_80,32,32768,512,0,0,4,4,4,4,32
sm_80,32,32768,512,1,0,4,4,4,4,32
sm_80,32,32768,1024,0,0,2,2,4,2,32
sm_80,32,32768,1024,1,0,2,2,4,2,32
sm_80,32,49152,32,0,0,3,64,3,64,32
sm_80,32,49152,32,1,0,3,64,3,64,32
sm_80,32,49152,96,0,0,3,21,3,21,32
sm_80,32,49152,96,1,0,3,21,3,21,32
sm_80,32,49152,128,0,0,3,16,3,16,32
sm_80,32,49152,128,1,0,3,16,3,16,32
sm_80,32,49152,256,0,0,3,8,3,8,32
sm_80,32,49152,256,1,0,3,8,3,8,32
sm_80,32,49152,384,0,0,3,5,3,5,32
sm_80,32,49152,384,1,0,3,5,3,5,32
sm_80,32,49152,512,0,0,3,4,3,4,32
sm_80,32,49152,512,1,0,3,4,3,4,32
sm_80,32,49152,1024,0,0,2,2,3,2,32
sm_80,32,49152,1024,1,0,2,2,3,2,32
sm_80,32,98304,32,0,0,1,64,1,64,32
sm_80,32,98304,32,1,0,1,64,1,64,32
sm_80,32,98304,96,0,0,1,21,1,21,32
sm_80,32,98304,96,1,0,1,21,1,21,32
sm_80,32,98304,128,0,0,1,16,1,16,32
sm_80,32,98304,128,1,0,1,16,1,16,32
sm_80,32,98304,256,0,0,1,8,1,8,32
sm_80,32,98304,256,1,0,1,8,1,8,32
sm_80,32,98304,384,0,0,1,5,1,5,32
sm_80,32,98304,384,1,0,1,5,1,5,32
sm_80,32,98304,512,0,0,1,4,1,4,32
sm_80,32,98304,512,1,0,1,4,1,4,32
sm_80,32,98304,1024,0,0,1,2,1,2,32
sm_80,32,98304,1024,1,0,1,2,1,2,32
sm_80,32,200000,32,0,0,0,64,0,64,32
sm_80,32,200000,32,1,0,0,64,0,64,32
sm_80,32,200000,96,0,0,0,21,0,21,32
sm_80,32,200000,96,1,0,0,21,0,21,32
sm_80,32,200000,128,0,0,0,16,0,16,32
sm_80,32,200000,128,1,0,0,16,0,16,32
sm_80,32,200000,256,0,0,0,8,0,8,32
sm_80,32,200000,256,1,0,0,8,0,8,32
sm_80,32,200000,384,0,0,0,5,0,5,32
sm_80,32,200000,384,1,0,0,5,0,5,32
sm_80,32,200000,512,0,0,0,4,0,4,32
sm_80,32,200000,512,1,0,0,4,0,4,32
sm_80,32,200000,1024,0,0,0,2,0,2,32
sm_80,32,200000,1024,1,0,0,2,0,2,32
sm_80,40,0,32,0,0,32,48,164,64,32
sm_80,40,0,32,1,0,32,48,164,64,32
sm_80,40,0,96,0,0,16,16,164,21,32
sm_80,40,0,96,1,0,16,16,164,21,32
sm_80,40,0,128,0,0,12,12,164,16,32
sm_80,40,0,128,1,0,12,12,164,16,32
sm_80,40,0,256,0,0,6,6,164,8,32
sm_80,40,0,256,1,0,6,6,164,8,32
sm_80,40,0,384,0,0,4,4,164,5,32
sm_80,40,0,384,1,0,4,4,164,5,32
sm_80,40,0,512,0,0,3,3,164,4,32
sm_80,40,0,512,1,0,3,3,164,4,32
sm_80,40,0,1024,0,0,1,1,164,2,32
sm_80,40,0,1024,1,0,1,1,164,2,32
sm_80,40,128,32,0,0,32,48,145,64,32
sm_80,40,128,32,1,0,32,48,145,64,32
sm_80,40,128,96,0,0,16,16,145,21,32
sm_80,40,128,96,1,0,16,16,145,21,32
sm_80,40,128,128,0,0,12,12,145,16,32
sm_80,40,128,128,1,0,12,12,145,16,32
sm_80,40,128,256,0,0,6,6,145,8,32
sm_80,40,128,256,1,0,6,6,145,8,32
sm_80,40,128,384,0,0,4,4,145,5,32
sm_80,40,128,384,1,0,4,4,145,5,32
sm_80,40,128,512,0,0,3,3,145,4,32
sm_80,40,128,512,1,0,3,3,145,4,32
sm_80,40,128,1024,0,0,1,1,145,2,32
sm_80,40,128,1024,1,0,1,1,145,2,32
sm_80,40,8192,32,0,0,18,48,18,64,32
sm_80,40,8192,32,1,0,18,48,18,64,32
sm_80,40,8192,96,0,0,16,16,18,21,32
sm_80,40,8192,96,1,0,16,16,18,21,32
sm_80,40,8192,128,0,0,12,12,18,16,32
sm_80,40,8192,128,1,0,12,12,18,16,32
sm_80,40,8192,256,0,0,6,6,18,8,32
sm_80,40,8192,256,1,0,6,6,18,8,32
sm_80,40,8192,384,0,0,4,4,18,5,32
sm_80,40,8192,384,1,0,4,4,18,5,32
sm_80,40,8192,512,0,0,3,3,18,4,32
sm_80,40,8192,512,1,0,3,3,18,4,32
sm_80,40,8192,1024,0,0,1,1,18,2,32
sm_80,40,8192,1024,1,0,1,1,18,2,32
sm_80,40,32768,32,0,0,4,48,4,64,32
sm_80,40,32768,32,1,0,4,48,4,64,32
sm_80,40,32768,96,0,0,4,16,4,21,32
sm_80,40,32768,96,1,0,4,16,4,21,32
sm_80,40,32768,128,0,0,4,12,4,16,32
sm_80,40,32768,128,1,0,4,12,4,16,32
sm_80,40,32768,256,0,0,4,6,4,8,32
sm_80,40,32768,256,1,0,4,6,4,8,32
sm_80,40,32768,384,0,0,4,4,4,5,32
sm_80,40,32768,384,1,0,4,4,4,5,32
sm_80,40,32768,512,0,0,3,3,4,4,32
sm_80,40,32768,512,1,0,3,3,4,4,32
sm_80,40,32768,1024,0,0,1,1,4,2,32
sm_80,40,32768,1024,1,0,1,1,4,2,32
sm_80,40,49152,32,0,0,3,48,3,64,32
sm_80,40,49152,32,1,0,3,48,3,64,32
sm_80,40,49152,96,0,0,3,16,3,21,32
sm_80,40,49152,96,1,0,3,16,3,21,32
sm_80,40,49152,128,0,0,3,12,3,16,32
sm_80,40,49152,128,1,0,3,12,3,16,32
sm_80,40,49152,256,0,0,3,6,3,8,32
sm_80,40,49152,256,1,0,3,6,3,8,32
sm_80,40,49152,384,0,0,3,4,3,5,32
sm_80,40,49152,384,1,0,3,4,3,5,32
sm_80,40,49152,512,0,0,3,3,3,4,32
sm_80,40,49152,512,1,0,3,3,3,4,32
sm_80,40,49152,1024,0,0,1,1,3,2,32
sm_80,40,49152,1024,1,0,1,1,3,2,32
sm_80,40,98304,32,0,0,1,48,1,64,32
sm_80,40,98304,32,1,0,1,48,1,64,32
sm_80,40,98304,96,0,0,1,16,1,21,32
sm_80,40,98304,96,1,0,1,16,1,21,32
sm_80,40,98304,128,0,0,1,12,1,16,32
sm_80,40,98304,128,1,0,1,12,1,16,32
sm_80,40,98304,256,0,0,1,6,1,8,32
sm_80,40,98304,256,1,0,1,6,1,8,32
sm_80,40,98304,384,0,0,1,4,1,5,32
sm_80,40,98304,384,1,0,1,4,1,5,32
sm_80,40,98304,512,0,0,1,3,1,4,32
sm_80,40,98304,512,1,0,1,3,1,4,32
sm_80,40,98304,1024,0,0,1,1,1,2,32
sm_80,40,98304,1024,1,0,1,1,1,2,32
sm_80,40,200000,32,0,0,0,48,0,64,32
sm_80,40,200000,32,1,0,0,48,0,64,32
sm_80,40,200000,96,0,0,0,16,0,21,32
sm_80,40,200000,96,1,0,0,16,0,21,32
sm_80,40,200000,128,0,0,0,12,0,16,32
sm_80,40,200000,128,1,0,0,12,0,16,32
sm_80,40,200000,256,0,0,0,6,0,8,32
sm_80,40,200000,256,1,0,0,6,0,8,32
sm_80,40,200000,384,0,0,0,4,0,5,32
sm_80,40,200000,384,1,0,0,4,0,5,32
sm_80,40,200000,512,0,0,0,3,0,4,32
sm_80,40,200000,512,1,0,0,3,0,4,32
sm_80,40,200000,1024,0,0,0,1,0,2,32
sm_80,40,200000,1024,1,0,0,1,0,2,32
sm_80,64,0,32,0,0,32,32,164,64,32
sm_80,64,0,32,1,0,32,32,164,64,32
sm_80,64,0,96,0,0,10,10,164,21,32
sm_80,64,0,96,1,0,10,10,164,21,32
sm_80,64,0,128,0,0,8,8,164,16,32
sm_80,64,0,128,1,0,8,8,164,16,32
sm_80,64,0,256,0,0,4,4,164,8,32
sm_80,64,0,256,1,0,4,4,164,8,32
sm_80,64,0,384,0,0,2,2,164,5,32
sm_80,64,0,384,1,0,2,2,164,5,32
sm_80,64,0,512,0,0,2,2,164,4,32
sm_80,64,0,512,1,0,2,2,164,4,32
sm_80,64,0,1024,0,0,1,1,164,2,32
sm_80,64,0,1024,1,0,1,1,164,2,32
sm_80,64,128,32,0,0,32,32,145,64,32
sm_80,64,128,32,1,0,32,32,145,64,32
sm_80,64,128,96,0,0,10,10,145,21,32
sm_80,64,128,96,1,0,10,10,145,21,32
sm_80,64,128,128,0,0,8,8,145,16,32
sm_80,64,128,128,1,0,8,8,145,16,32
sm_80,64,128,256,0,0,4,4,145,8,32
sm_80,64,128,256,1,0,4,4,145,8,32
sm_80,64,128,384,0,0,2,2,145,5,32
sm_80,64,128,384,1,0,2,2,145,5,32
sm_80,64,128,512,0,0,2,2,145,4,32
sm_80,64,128,512,1,0,2,2,145,4,32
sm_80,64,128,1024,0,0,1,1,145,2,32
sm_80,64,128,1024,1,0,1,1,145,2,32
sm_80,64,8192,32,0,0,18,32,18,64,32
sm_80,64,8192,32,1,0,18,32,18,64,32
sm_80,64,8192,96,0,0,10,10,18,21,32
sm_80,64,8192,96,1,0,10,10,18,21,32
sm_80,64,8192,128,0,0,8,8,18,16,32
sm_80,64,8192,128,1,0,8,8,18,16,32
sm_80,64,8192,256,0,0,4,4,18,8,32
sm_80,64,8192,256,1,0,4,4,18,8,32
sm_80,64,8192,384,0,0,2,2,18,5,32
sm_80,64,8192,384,1,0,2,2,18,5,32
sm_80,64,8192,512,0,0,2,2,18,4,32
sm_80,64,8192,512,1,0,2,2,18,4,32
sm_80,64,8192,1024,0,0,1,1,18,2,32
sm_80,64,8192,1024,1,0,1,1,18,2,32
sm_80,64,32768,32,0,0,4,32,4,64,32
sm_80,64,32768,32,1,0,4,32,4,64,32
sm_80,64,32768,96,0,0,4,10,4,21,32
sm_80,64,32768,96,1,0,4,10,4,21,32
sm_80,64,32768,128,0,0,4,8,4,16,32
sm_80,64,32768,128,1,0,4,8,4,16,32
sm_80,64,32768,256,0,0,4,4,4,8,32
sm_80,64,32768,256,1,0,4,4,4,8,32
sm_80,64,32768,384,0,0,2,2,4,5,32
sm_80,64,32768,384,1,0,2,2,4,5,32
sm_80,64,32768,512,0,0,2,2,4,4,32
sm_80,64,32768,512,1,0,2,2,4,4,32
sm_80,64,32768,1024,0,0,1,1,4,2,32
sm_80,64,32768,1024,1,0,1,1,4,2,32
sm_80,64,49152,32,0,0,3,32,3,64,32
sm_80,64,49152,32,1,0,3,32,3,64,32
sm_80,64,49152,96,0,0,3,10,3,21,32
sm_80,64,49152,96,1,0,3,10,3,21,32
sm_80,64,49152,128,0,0,3,8,3,16,32
sm_80,64,49152,128,1,0,3,8,3,16,32
sm_80,64,49152,256,0,0,3,4,3,8,32
sm_80,64,49152,256,1,0,3,4,3,8,32
sm_80,64,49152,384,0,0,2,2,3,5,32
sm_80,64,49152,384,1,0,2,2,3,5,32
sm_80,64,49152,512,0,0,2,2,3,4,32
sm_80,64,49152,512,1,0,2,2,3,4,32
sm_80,64,49152,1024,0,0,1,1,3,2,32
sm_80,64,49152,1024,1,0,1,1,3,2,32
sm_80,64,98304,32,0,0,1,32,1,64,32
sm_80,64,98304,32,1,0,1,32,1,64,32
sm_80,64,98304,96,0,0,1,10,1,21,32
sm_80,64,98304,96,1,0,1,10,1,21,32
sm_80,64,98304,128,0,0,1,8,1,16,32
sm_80,64,98304,128,1,0,1,8,1,16,32
sm_80,64,98304,256,0,0,1,4,1,8,32
sm_80,64,98304,256,1,0,1,4,1,8,32
sm_80,64,98304,384,0,0,1,2,1,5,32
sm_80,64,98304,384,1,0,1,2,1,5,32
sm_80,64,98304,512,0,0,1,2,1,4,32
sm_80,64,98304,512,1,0,1,2,1,4,32
sm_80,64,98304,1024,0,0,1,1,1,2,32
sm_80,64,98304,1024,1,0,1,1,1,2,32
sm_80,64,200000,32,0,0,0,32,0,64,32
sm_80,64,200000,32,1,0,0,32,0,64,32
sm_80,64,200000,96,0,0,0,10,0,21,32
sm_80,64,200000,96,1,0,0,10,0,21,32
sm_80,64,200000,128,0,0,0,8,0,16,32
sm_80,64,200000,128,1,0,0,8,0,16,32
sm_80,64,200000,256,0,0,0,4,0,8,32
sm_80,64,200000,256,1,0,0,4,0,8,32
sm_80,64,200000,384,0,0,0,2,0,5,32
sm_80,64,200000,384,1,0,0,2,0,5,32
sm_80,64,200000,512,0,0,0,2,0,4,32
sm_80,64,200000,512,1,0,0,2,0,4,32
sm_80,64,200000,1024,0,0,0,1,0,2,32
sm_80,64,200000,1024,1,0,0,1,0,2,32
sm_80,72,0,32,0,0,28,28,164,64,32
sm_80,72,0,32,1,0,28,28,164,64,32
sm_80,72,0,96,0,0,9,9,164,21,32
sm_80,72,0,96,1,0,9,9,164,21,32
sm_80,72,0,128,0,0,7,7,164,16,32
sm_80,72,0,128,1,0,7,7,164,16,32
sm_80,72,0,256,0,0,3,3,164,8,32
sm_80,72,0,256,1,0,3,3,164,8,32
sm_80,72,0,384,0,0,2,2,164,5,32
sm_80,72,0,384,1,0,2,2,164,5,32
sm_80,72,0,512,0,0,1,1,164,4,32
sm_80,72,0,512,1,0,1,1,164,4,32
sm_80,72,0,1024,0,0,0,0,164,2,32
sm_80,72,0,1024,1,0,0,0,164,2,32
sm_80,72,128,32,0,0,28,28,145,64,32
sm_80,72,128,32,1,0,28,28,145,64,32
sm_80,72,128,96,0,0,9,9,145,21,32
sm_80,72,128,96,1,0,9,9,145,21,32
sm_80,72,128,128,0,0,7,7,145,16,32
sm_80,72,128,128,1,0,7,7,145,16,32
sm_80,72,128,256,0,0,3,3,145,8,32
sm_80,72,128,256,1,0,3,3,145,8,32
sm_80,72,128,384,0,0,2,2,145,5,32
sm_80,72,128,384,1,0,2,2,145,5,32
sm_80,72,128,512,0,0,1,1,145,4,32
sm_80,72,128,512,1,0,1,1,145,4,32
sm_80,72,128,1024,0,0,0,0,145,2,32
sm_80,72,128,1024,1,0,0,0,145,2,32
sm_80,72,8192,32,0,0,18,28,18,64,32
sm_80,72,8192,32,1,0,18,28,18,64,32
sm_80,72,8192,96,0,0,9,9,18,21,32
sm_80,72,8192,96,1,0,9,9,18,21,32
sm_80,72,8192,128,0,0,7,7,18,16,32
sm_80,72,8192,128,1,0,7,7,18,16,32
sm_80,72,8192,256,0,0,3,3,18,8,32
sm_80,72,8192,256,1,0,3,3,18,8,32
sm_80,72,8192,384,0,0,2,2,18,5,32
sm_80,72,8192,384,1,0,2,2,18,5,32
sm_80,72,8192,512,0,0,1,1,18,4,32
sm_80,72,8192,512,1,0,1,1,18,4,32
sm_80,72,8192,1024,0,0,0,0,18,2,32
sm_80,72,8192,1024,1,0,0,0,18,2,32
sm_80,72,32768,32,0,0,4,28,4,64,32
sm_80,72,32768,32,1,0,4,28,4,64,32
sm_80,72,32768,96,0,0,4,9,4,21,32
sm_80,72,32768,96,1,0,4,9,4,21,32
sm_80,72,32768,128,0,0,4,7,4,16,32
sm_80,72,32768,128,1,0,4,7,4,16,32
sm_80,72,32768,256,0,0,3,3,4,8,32
sm_80,72,32768,256,1,0,3,3,4,8,32
sm_80,72,32768,384,0,0,2,2,4,5,32
sm_80,72,32768,384,1,0,2,2,4,5,32
sm_80,72,32768,512,0,0,1,1,4,4,32
sm_80,72,32768,512,1,0,1,1,4,4,32
sm_80,72,32768,1024,0,0,0,0,4,2,32
sm_80,72,32768,1024,1,0,0,0,4,2,32
sm_80,72,49152,32,0,0,3,28,3,64,32
sm_80,72,49152,32,1,0,3,28,3,64,32
sm_80,72,49152,96,0,0,3,9,3,21,32
sm_80,72,49152,96,1,0,3,9,3,21,32
sm_80,72,49152,128,0,0,3,7,3,16,32
sm_80,72,49152,128,1,0,3,7,3,16,32
sm_80,72,49152,256,0,0,3,3,3,8,32
sm_80,72,49152,256,1,0,3,3,3,8,32
sm_80,72,49152,384,0,0,2,2,3,5,32
sm_80,72,49152,384,1,0,2,2,3,5,32
sm_80,72,49152,512,0,0,1,1,3,4,32
sm_80,72,49152,512,1,0,1,1,3,4,32
sm_80,72,49152,1024,0,0,0,0,3,2,32
sm_80,72,49152,1024,1,0,0,0,3,2,32
sm_80,72,98304,32,0,0,1,28,1,64,32
sm_80,72,98304,32,1,0,1,28,1,64,32
sm_80,72,98304,96,0,0,1,9,1,21,32
sm_80,72,98304,96,1,0,1,9,1,21,32
sm_80,72,98304,128,0,0,1,7,1,16,32
sm_80,72,98304,128,1,0,1,7,1,16,32
sm_80,72,98304,256,0,0,1,3,1,8,32
sm_80,72,98304,256,1,0,1,3,1,8,32
sm_80,72,98304,384,0,0,1,2,1,5,32
sm_80,72,98304,384,1,0,1,2,1,5,32
sm_80,72,98304,512,0,0,1,1,1,4,32
sm_80,72,98304,512,1,0,1,1,1,4,32
sm_80,72,98304,1024,0,0,0,0,1,2,32
sm_80,72,98304,1024,1,0,0,0,1,2,32
sm_80,72,200000,32,0,0,0,28,0,64,32
sm_80,72,200000,32,1,0,0,28,0,64,32
sm_80,72,200000,96,0,0,0,9,0,21,32
sm_80,72,200000,96,1,0,0,9,0,21,32
sm_80,72,200000,128,0,0,0,7,0,16,32
sm_80,72,200000,128,1,0,0,7,0,16,32
sm_80,72,200000,256,0,0,0,3,0,8,32
sm_80,72,200000,256,1,0,0,3,0,8,32
sm_80,72,200000,384,0,0,0,2,0,5,32
sm_80,72,200000,384,1,0,0,2,0,5,32
sm_80,72,200000,512,0,0,0,1,0,4,32
sm_80,72,200000,512,1,0,0,1,0,4,32
sm_80,72,200000,1024,0,0,0,0,0,2,32
sm_80,72,200000,1024,1,0,0,0,0,2,32
sm_80,96,0,32,0,0,20,20,164,64,32
sm_80,96,0,32,1,0,20,20,164,64,32
sm_80,96,0,96,0,0,6,6,164,21,32
sm_80,96,0,96,1,0,6,6,164,21,32
sm_80,96,0,128,0,0,5,5,164,16,32
sm_80,96,0,128,1,0,5,5,164,16,32
sm_80,96,0,256,0,0,2,2,164,8,32
sm_80,96,0,256,1,0,2,2,164,8,32
sm_80,96,0,384,0,0,1,1,164,5,32
sm_80,96,0,384,1,0,1,1,164,5,32
sm_80,96,0,512,0,0,1,1,164,4,32
sm_80,96,0,512,1,0,1,1,164,4,32
sm_80,96,0,1024,0,0,0,0,164,2,32
sm_80,96,0,1024,1,0,0,0,164,2,32
sm_80,96,128,32,0,0,20,20,145,64,32
sm_80,96,128,32,1,0,20,20,145,64,32
sm_80,96,128,96,0,0,6,6,145,21,32
sm_80,96,128,96,1,0,6,6,145,21,32
sm_80,96,128,128,0,0,5,5,145,16,32
sm_80,96,128,128,1,0,5,5,145,16,32
sm_80,96,128,256,0,0,2,2,145,8,32
sm_80,96,128,256,1,0,2,2,145,8,32
sm_80,96,128,384,0,0,1,1,145,5,32
sm_80,96,128,384,1,0,1,1,145,5,32
sm_80,96,128,512,0,0,1,1,145,4,32
sm_80,96,128,512,1,0,1,1,145,4,32
sm_80,96,128,1024,0,0,0,0,145,2,32
sm_80,96,128,1024,1,0,0,0,145,2,32
sm_80,96,8192,32,0,0,18,20,18,64,32
sm_80,96,8192,32,1,0,18,20,18,64,32
sm_80,96,8192,96,0,0,6,6,18,21,32
sm_80,96,8192,96,1,0,6,6,18,21,32
sm_80,96,8192,128,0,0,5,5,18,16,32
sm_80,96,8192,128,1,0,5,5,18,16,32
sm_80,96,8192,256,0,0,2,2,18,8,32
sm_80,96,8192,256,1,0,2,2,18,8,32
sm_80,96,8192,384,0,0,1,1,18,5,32
sm_80,96,8192,384,1,0,1,1,18,5,32
sm_80,96,8192,512,0,0,1,1,18,4,32
sm_80,96,8192,512,1,0,1,1,18,4,32
sm_80,96,8192,1024,0,0,0,0,18,2,32
sm_80,96,8192,1024,1,0,0,0,18,2,32
sm_80,96,32768,32,0,0,4,20,4,64,32
sm_80,96,32768,32,1,0,4,20,4,64,32
sm_80,96,32768,96,0,0,4,6,4,21,32
sm_80,96,32768,96,1,0,4,6,4,21,32
sm_80,96,32768,128,0,0,4,5,4,16,32
sm_80,96,32768,128,1,0,4,5,4,16,32
sm_80,96,32768,256,0,0,2,2,4,8,32
sm_80,96,32768,256,1,0,2,2,4,8,32
sm_80,96,32768,384,0,0,1,1,4,5,32
sm_80,96,32768,384,1,0,1,1,4,5,32
sm_80,96,32768,512,0,0,1,1,4,4,32
sm_80,96,32768,512,1,0,1,1,4,4,32
sm_80,96,32768,1024,0,0,0,0,4,2,32
sm_80,96,32768,1024,1,0,0,0,4,2,32
sm_80,96,49152,32,0,0,3,20,3,64,32
sm_80,96,49152,32,1,0,3,20,3,64,32
sm_80,96,49152,96,0,0,3,6,3,21,32
sm_80,96,49152,96,1,0,3,6,3,21,32
sm_80,96,49152,128,0,0,3,5,3,16,32
sm_80,96,49152,128,1,0,3,5,3,16,32
sm_80,96,49152,256,0,0,2,2,3,8,32
sm_80,96,49152,256,1,0,2,2,3,8,32
sm_80,96,49152,384,0,0,1,1,3,5,32
sm_80,96,49152,384,1,0,1,1,3,5,32
sm_80,96,49152,512,0,0,1,1,3,4,32
sm_80,96,49152,512,1,0,1,1,3,4,32
sm_80,96,49152,1024,0,0,0,0,3,2,32
sm_80,96,49152,1024,1,0,0,0,3,2,32
sm_80,96,98304,32,0,0,1,20,1,64,32
sm_80,96,98304,32,1,0,1,20,1,64,32
sm_80,96,98304,96,0,0,1,6,1,21,32
sm_80,96,98304,96,1,0,1,6,1,21,32
sm_80,96,98304,128,0,0,1,5,1,16,32
sm_80,96,98304,128,1,0,1,5,1,16,32
sm_80,96,98304,256,0,0,1,2,1,8,32
sm_80,96,98304,256,1,0,1,2,1,8,32
sm_80,96,98304,384,0,0,1,1,1,5,32
sm_80,96,98304,384,1,0,1,1,1,5,32
sm_80,96,98304,512,0,0,1,1,1,4,32
sm_80,96,98304,512,1,0,1,1,1,4,32
sm_80,96,98304,1024,0,0,0,0,1,2,32
sm_80,96,98304,1024,1,0,0,0,1,2,32
sm_80,96,200000,32,0,0,0,20,0,64,32
sm_80,96,200000,32,1,0,0,20,0,64,32
sm_80,96,200000,96,0,0,0,6,0,21,32
sm_80,96,200000,96,1,0,0,6,0,21,32
sm_80,96,200000,128,0,0,0,5,0,16,32
sm_80,96,200000,128,1,0,0,5,0,16,32
sm_80,96,200000,256,0,0,0,2,0,8,32
sm_80,96,200000,256,1,0,0,2,0,8,32
sm_80,96,200000,384,0,0,0,1,0,5,32
sm_80,96,200000,384,1,0,0,1,0,5,32
sm_80,96,200000,512,0,0,0,1,0,4,32
sm_80,96,200000,512,1,0,0,1,0,4,32
sm_80,96,200000,1024,0,0,0,0,0,2,32
sm_80,96,200000,1024,1,0,0,0,0,2,32
sm_80,128,0,32,0,0,16,16,164,64,32
sm_80,128,0,32,1,0,16,16,164,64,32
sm_80,128,0,96,0,0,5,5,164,21,32
sm_80,128,0,96,1,0,5,5,164,21,32
sm_80,128,0,128,0,0,4,4,164,16,32
sm_80,128,0,128,1,0,4,4,164,16,32
sm_80,128,0,256,0,0,2,2,164,8,32
sm_80,128,0,256,1,0,2,2,164,8,32
sm_80,128,0,384,0,0,1,1,164,5,32
sm_80,128,0,384,1,0,1,1,164,5,32
sm_80,128,0,512,0,0,1,1,164,4,32
sm_80,128,0,512,1,0,1,1,164,4,32
sm_80,128,0,1024,0,0,0,0,164,2,32
sm_80,128,0,1024,1,0,0,0,164,2,32
sm_80,128,128,32,0,0,16,16,145,64,32
sm_80,128,128,32,1,0,16,16,145,64,32
sm_80,128,128,96,0,0,5,5,145,21,32
sm_80,128,128,96,1,0,5,5,145,21,32
sm_80,128,128,128,0,0,4,4,145,16,32
sm_80,128,128,128,1,0,4,4,145,16,32
sm_80,128,128,256,0,0,2,2,145,8,32
sm_80,128,128,256,1,0,2,2,145,8,32
sm_80,128,128,384,0,0,1,1,145,5,32
sm_80,128,128,384,1,0,1,1,145,5,32
sm_80,128,128,512,0,0,1,1,145,4,32
sm_80,128,128,512,1,0,1,1,145,4,32
sm_80,128,128,1024,0,0,0,0,145,2,32
sm_80,128,128,1024,1,0,0,0,145,2,32
sm_80,128,8192,32,0,0,16,16,18,64,32
sm_80,128,8192,32,1,0,16,16,18,64,32
sm_80,128,8192,96,0,0,5,5,18,21,32
sm_80,128,8192,96,1,0,5,5,18,21,32
sm_80,128,8192,128,0,0,4,4,18,16,32
sm_80,128,8192,128,1,0,4,4,18,16,32
sm_80,128,8192,256,0,0,2,2,18,8,32
sm_80,128,8192,256,1,0,2,2,18,8,32
sm_80,128,8192,384,0,0,1,1,18,5,32
sm_80,128,8192,384,1,0,1,1,18,5,32
sm_80,128,8192,512,0,0,1,1,18,4,32
sm_80,128,8192,512,1,0,1,1,18,4,32
sm_80,128,8192,1024,0,0,0,0,18,2,32
sm_80,128,8192,1024,1,0,0,0,18,2,32
sm_80,128,32768,32,0,0,4,16,4,64,32
sm_80,128,32768,32,1,0,4,16,4,64,32
sm_80,128,32768,96,0,0,4,5,4,21,32
sm_80,128,32768,96,1,0,4,5,4,21,32
sm_80,128,32768,128,0,0,4,4,4,16,32
sm_80,128,32768,128,1,0,4,4,4,16,32
sm_80,128,32768,256,0,0,2,2,4,8,32
sm_80,128,32768,256,1,0,2,2,4,8,32
sm_80,128,32768,384,0,0,1,1,4,5,32
sm_80,128,32768,384,1,0,1,1,4,5,32
sm_80,128,32768,512,0,0,1,1,4,4,32
sm_80,128,32768,512,1,0,1,1,4,4,32
sm_80,128,32768,1024,0,0,0,0,4,2,32
sm_80,128,32768,1024,1,0,0,0,4,2,32
sm_80,128,49152,32,0,0,3,16,3,64,32
sm_80,128,49152,32,1,0,3,16,3,64,32
sm_80,128,49152,96,0,0,3,5,3,21,32
sm_80,128,49152,96,1,0,3,5,3,21,32
sm_80,128,49152,128,0,0,3,4,3,16,32
sm_80,128,49152,128,1,0,3,4,3,16,32
sm_80,128,49152,256,0,0,2,2,3,8,32
sm_80,128,49152,256,1,0,2,2,3,8,32
sm_80,128,49152,384,0,0,1,1,3,5,32
sm_80,128,49152,384,1,0,1,1,3,5,32
sm_80,128,49152,512,0,0,1,1,3,4,32
sm_80,128,49152,512,1,0,1,1,3,4,32
sm_80,128,49152,1024,0,0,0,0,3,2,32
sm_80,128,49152,1024,1,0,0,0,3,2,32
sm_80,128,98304,32,0,0,1,16,1,64,32
sm_80,128,98304,32,1,0,1,16,1,64,32
sm_80,128,98304,96,0,0,1,5,1,21,32
sm_80,128,98304,96,1,0,1,5,1,21,32
sm_80,128,98304,128,0,0,1,4,1,16,32
sm_80,128,98304,128,1,0,1,4,1,16,32
sm_80,128,98304,256,0,0,1,2,1,8,32
sm_80,128,98304,256,1,0,1,2,1,8,32
sm_80,128,98304,384,0,0,1,1,1,5,32
sm_80,128,98304,384,1,0,1,1,1,5,32
sm_80,128,98304,512,0,0,1,1,1,4,32
sm_80,128,98304,512,1,0,1,1,1,4,32
sm_80,128,98304,1024,0,0,0,0,1,2,32
sm_80,128,98304,1024,1,0,0,0,1,2,32
sm_80,128,200000,32,0,0,0,16,0,64,32
sm_80,128,200000,32,1,0,0,16,0,64,32
sm_80,128,200000,96,0,0,0,5,0,21,32
sm_80,128,200000,96,1,0,0,5,0,21,32
sm_80,128,200000,128,0,0,0,4,0,16,32
sm_80,128,200000,128,1,0,0,4,0,16,32
sm_80,128,200000,256,0,0,0,2,0,8,32
sm_80,128,200000,256,1,0,0,2,0,8,32
sm_80,128,200000,384,0,0,0,1,0,5,32
sm_80,128,200000,384,1,0,0,1,0,5,32
sm_80,128,200000,512,0,0,0,1,0,4,32
sm_80,128,200000,512,1,0,0,1,0,4,32
sm_80,128,200000,1024,0,0,0,0,0,2,32
sm_80,128,200000,1024,1,0,0,0,0,2,32
sm_80,168,0,32,0,0,12,12,164,64,32
sm_80,168,0,32,1,0,12,12,164,64,32
sm_80,168,0,96,0,0,4,4,164,21,32
sm_80,168,0,96,1,0,4,4,164,21,32
sm_80,168,0,128,0,0,3,3,164,16,32
sm_80,168,0,128,1,0,3,3,164,16,32
sm_80,168,0,256,0,0,1,1,164,8,32
sm_80,168,0,256,1,0,1,1,164,8,32
sm_80,168,0,384,0,0,1,1,164,5,32
sm_80,168,0,384,1,0,1,1,164,5,32
sm_80,168,0,512,0,0,0,0,164,4,32
sm_80,168,0,512,1,0,0,0,164,4,32
sm_80,168,0,1024,0,0,0,0,164,2,32
sm_80,168,0,1024,1,0,0,0,164,2,32
sm_80,168,128,32,0,0,12,12,145,64,32
sm_80,168,128,32,1,0,12,12,145,64,32
sm_80,168,128,96,0,0,4,4,145,21,32
sm_80,168,128,96,1,0,4,4,145,21,32
sm_80,168,128,128,0,0,3,3,145,16,32
sm_80,168,128,128,1,0,3,3,145,16,32
sm_80,168,128,256,0,0,1,1,145,8,32
sm_80,168,128,256,1,0,1,1,145,8,32
sm_80,168,128,384,0,0,1,1,145,5,32
sm_80,168,128,384,1,0,1,1,145,5,32
sm_80,168,128,512,0,0,0,0,145,4,32
sm_80,168,128,512,1,0,0,0,145,4,32
sm_80,168,128,1024,0,0,0,0,145,2,32
sm_80,168,128,1024,1,0,0,0,145,2,32
sm_80,168,8192,32,0,0,12,12,18,64,32
sm_80,168,8192,32,1,0,12,12,18,64,32
sm_80,168,8192,96,0,0,4,4,18,21,32
sm_80,168,8192,96,1,0,4,4,18,21,32
sm_80,168,8192,128,0,0,3,3,18,16,32
sm_80,168,8192,128,1,0,3,3,18,16,32
sm_80,168,8192,256,0,0,1,1,18,8,32
sm_80,168,8192,256,1,0,1,1,18,8,32
sm_80,168,8192,384,0,0,1,1,18,5,32
sm_80,168,8192,384,1,0,1,1,18,5,32
sm_80,168,8192,512,0,0,0,0,18,4,32
sm_80,168,8192,512,1,0,0,0,18,4,32
sm_80,168,8192,1024,0,0,0,0,18,2,32
sm_80,168,8192,1024,1,0,0,0,18,2,32
sm_80,168,32768,32,0,0,4,12,4,64,32
sm_80,168,32768,32,1,0,4,12,4,64,32
sm_80,168,32768,96,0,0,4,4,4,21,32
sm_80,168,32768,96,1,0,4,4,4,21,32
sm_80,168,32768,128,0,0,3,3,4,16,32
sm_80,168,32768,128,1,0,3,3,4,16,32
sm_80,168,32768,256,0,0,1,1,4,8,32
sm_80,168,32768,256,1,0,1,1,4,8,32
sm_80,168,32768,384,0,0,1,1,4,5,32
sm_80,168,32768,384,1,0,1,1,4,5,32
sm_80,168,32768,512,0,0,0,0,4,4,32
sm_80,168,32768,512,1,0,0,0,4,4,32
sm_80,168,32768,1024,0,0,0,0,4,2,32
sm_80,168,32768,1024,1,0,0,0,4,2,32
sm_80,168,49152,32,0,0,3,12,3,64,32
sm_80,168,49152,32,1,0,3,12,3,64,32
sm_80,168,49152,96,0,0,3,4,3,21,32
sm_80,168,49152,96,1,0,3,4,3,21,32
sm_80,168,49152,128,0,0,3,3,3,16,32
sm_80,168,49152,128,1,0,3,3,3,16,32
sm_80,168,49152,256,0,0,1,1,3,8,32
sm_80,168,49152,256,1,0,1,1,3,8,32
sm_80,168,49152,384,0,0,1,1,3,5,32
sm_80,168,49152,384,1,0,1,1,3,5,32
sm_80,168,49152,512,0,0,0,0,3,4,32
sm_80,168,49152,512,1,0,0,0,3,4,32
sm_80,168,49152,1024,0,0,0,0,3,2,32
sm_80,168,49152,1024,1,0,0,0,3,2,32
sm_80,168,98304,32,0,0,1,12,1,64,32
sm_80,168,98304,32,1,0,1,12,1,64,32
sm_80,168,98304,96,0,0,1,4,1,21,32
sm_80,168,98304,96,1,0,1,4,1,21,32
sm_80,168,98304,128,0,0,1,3,1,16,32
sm_80,168,98304,128,1,0,1,3,1,16,32
sm_80,168,98304,256,0,0,1,1,1,8,32
sm_80,168,98304,256,1,0,1,1,1,8,32
sm_80,168,98304,384,0,0,1,1,1,5,32
sm_80,168,98304,384,1,0,1,1,1,5,32
sm_80,168,98304,512,0,0,0,0,1,4,32
sm_80,168,98304,512,1,0,0,0,1,4,32
sm_80,168,98304,1024,0,0,0,0,1,2,32
sm_80,168,98304,1024,1,0,0,0,1,2,32
sm_80,168,200000,32,0,0,0,12,0,64,32
sm_80,168,200000,32,1,0,0,12,0,64,32
sm_80,168,200000,96,0,0,0,4,0,21,32
sm_80,168,200000,96,1,0,0,4,0,21,32
sm_80,168,200000,128,0,0,0,3,0,16,32
sm_80,168,200000,128,1,0,0,3,0,16,32
sm_80,168,200000,256,0,0,0,1,0,8,32
sm_80,168,200000,256,1,0,0,1,0,8,32
sm_80,168,200000,384,0,0,0,1,0,5,32
sm_80,168,200000,384,1,0,0,1,0,5,32
sm_80,168,200000,512,0,0,0,0,0,4,32
sm_80,168,200000,512,1,0,0,0,0,4,32
sm_80,168,200000,1024,0,0,0,0,0,2,32
sm_80,168,200000,1024,1,0,0,0,0,2,32
sm_80,255,0,32,0,0,8,8,164,64,32
sm_80,255,0,32,1,0,8,8,164,64,32
sm_80,255,0,96,0,0,2,2,164,21,32
sm_80,255,0,96,1,0,2,2,164,21,32
sm_80,255,0,128,0,0,2,2,164,16,32
sm_80,255,0,128,1,0,2,2,164,16,32
sm_80,255,0,256,0,0,1,1,164,8,32
sm_80,255,0,256,1,0,1,1,164,8,32
sm_80,255,0,384,0,0,0,0,164,5,32
sm_80,255,0,384,1,0,0,0,164,5,32
sm_80,255,0,512,0,0,0,0,164,4,32
sm_80,255,0,512,1,0,0,0,164,4,32
sm_80,255,0,1024,0,0,0,0,164,2,32
sm_80,255,0,1024,1,0,0,0,164,2,32
sm_80,255,128,32,0,0,8,8,145,64,32
sm_80,255,128,32,1,0,8,8,145,64,32
sm_80,255,128,96,0,0,2,2,145,21,32
sm_80,255,128,96,1,0,2,2,145,21,32
sm_80,255,128,128,0,0,2,2,145,16,32
sm_80,255,128,128,1,0,2,2,145,16,32
sm_80,255,128,256,0,0,1,1,145,8,32
sm_80,255,128,256,1,0,1,1,145,8,32
sm_80,255,128,384,0,0,0,0,145,5,32
sm_80,255,128,384,1,0,0,0,145,5,32
sm_80,255,128,512,0,0,0,0,145,4,32
sm_80,255,128,512,1,0,0,0,145,4,32
sm_80,255,128,1024,0,0,0,0,145,2,32
sm_80,255,128,1024,1,0,0,0,145,2,32
sm_80,255,8192,32,0,0,8,8,18,64,32
sm_80,255,8192,32,1,0,8,8,18,64,32
sm_80,255,8192,96,0,0,2,2,18,21,32
sm_80,255,8192,96,1,0,2,2,18,21,32
sm_80,255,8192,128,0,0,2,2,18,16,32
sm_80,255,8192,128,1,0,2,2,18,16,32
sm_80,255,8192,256,0,0,1,1,18,8,32
sm_80,255,8192,256,1,0,1,1,18,8,32
sm_80,255,8192,384,0,0,0,0,18,5,32
sm_80,255,8192,384,1,0,0,0,18,5,32
sm_80,255,8192,512,0,0,0,0,18,4,32
sm_80,255,8192,512,1,0,0,0,18,4,32
sm_80,255,8192,1024,0,0,0,0,18,2,32
sm_80,255,8192,1024,1,0,0,0,18,2,32
sm_80,255,32768,32,0,0,4,8,4,64,32
sm_80,255,32768,32,1,0,4,8,4,64,32
sm_80,255,32768,96,0,0,2,2,4,21,32
sm_80,255,32768,96,1,0,2,2,4,21,32
sm_80,255,32768,128,0,0,2,2,4,16,32
sm_80,255,32768,128,1,0,2,2,4,16,32
sm_80,255,32768,256,0,0,1,1,4,8,32
sm_80,255,32768,256,1,0,1,1,4,8,32
sm_80,255,32768,384,0,0,0,0,4,5,32
sm_80,255,32768,384,1,0,0,0,4,5,32
sm_80,255,32768,512,0,0,0,0,4,4,32
sm_80,255,32768,512,1,0,0,0,4,4,32
sm_80,255,32768,1024,0,0,0,0,4,2,32
sm_80,255,32768,1024,1,0,0,0,4,2,32
sm_80,255,49152,32,0,0,3,8,3,64,32
sm_80,255,49152,32,1,0,3,8,3,64,32
sm_80,255,49152,96,0,0,2,2,3,21,32
sm_80,255,49152,96,1,0,2,2,3,21,32
sm_80,255,49152,128,0,0,2,2,3,16,32
sm_80,255,49152,128,1,0,2,2,3,16,32
sm_80,255,49152,256,0,0,1,1,3,8,32
sm_80,255,49152,256,1,0,1,1,3,8,32
sm_80,255,49152,384,0,0,0,0,3,5,32
sm_80,255,49152,384,1,0,0,0,3,5,32
sm_80,255,49152,512,0,0,0,0,3,4,32
sm_80,255,49152,512,1,0,0,0,3,4,32
sm_80,255,49152,1024,0,0,0,0,3,2,32
sm_80,255,49152,1024,1,0,0,0,3,2,32
sm_80,255,98304,32,0,0,1,8,1,64,32
sm_80,255,98304,32,1,0,1,8,1,64,32
sm_80,255,98304,96,0,0,1,2,1,21,32
sm_80,255,98304,96,1,0,1,2,1,21,32
sm_80,255,98304,128,0,0,1,2,1,16,32
sm_80,255,98304,128,1,0,1,2,1,16,32
sm_80,255,98304,256,0,0,1,1,1,8,32
sm_80,255,98304,256,1,0,1,1,1,8,32
sm_80,255,98304,384,0,0,0,0,1,5,32
sm_80,255,98304,384,1,0,0,0,1,5,32
sm_80,255,98304,512,0,0,0,0,1,4,32
sm_80,255,98304,512,1,0,0,0,1,4,32
sm_80,255,98304,1024,0,0,0,0,1,2,32
sm_80,255,98304,1024,1,0,0,0,1,2,32
sm_80,255,200000,32,0,0,0,8,0,64,32
sm_80,255,200000,32,1,0,0,8,0,64,32
sm_80,255,200000,96,0,0,0,2,0,21,32
sm_80,255,200000,96,1,0,0,2,0,21,32
sm_80,255,200000,128,0,0,0,2,0,16,32
sm_80,255,200000,128,1,0,0,2,0,16,32
sm_80,255,200000,256,0,0,0,1,0,8,32
sm_80,255,200000,256,1,0,0,1,0,8,32
sm_80,255,200000,384,0,0,0,0,0,5,32
sm_80,255,200000,384,1,0,0,0,0,5,32
sm_80,255,200000,512,0,0,0,0,0,4,32
sm_80,255,200000,512,1,0,0,0,0,4,32
sm_80,255,200000,1024,0,0,0,0,0,2,32
sm_80,255,200000,1024,1,0,0,0,0,2,32
sm_86,16,0,32,0,0,16,128,100,48,16
sm_86,16,0,32,1,0,16,128,100,48,16
sm_86,16,0,96,0,0,16,42,100,16,16
sm_86,16,0,96,1,0,16,42,100,16,16
sm_86,16,0,128,0,0,12,32,100,12,16
sm_86,16,0,128,1,0,12,32,100,12,16
sm_86,16,0,256,0,0,6,16,100,6,16
sm_86,16,0,256,1,0,6,16,100,6,16
sm_86,16,0,384,0,0,4,10,100,4,16
sm_86,16,0,384,1,0,4,10,100,4,16
sm_86,16,0,512,0,0,3,8,100,3,16
sm_86,16,0,512,1,0,3,8,100,3,16
sm_86,16,0,1024,0,0,1,4,100,1,16
sm_86,16,0,1024,1,0,1,4,100,1,16
sm_86,16,128,32,0,0,16,128,88,48,16
sm_86,16,128,32,1,0,16,128,88,48,16
sm_86,16,128,96,0,0,16,42,88,16,16
sm_86,16,128,96,1,0,16,42,88,16,16
sm_86,16,128,128,0,0,12,32,88,12,16
sm_86,16,128,128,1,0,12,32,88,12,16
sm_86,16,128,256,0,0,6,16,88,6,16
sm_86,16,128,256,1,0,6,16,88,6,16
sm_86,16,128,384,0,0,4,10,88,4,16
sm_86,16,128,384,1,0,4,10,88,4,16
sm_86,16,128,512,0,0,3,8,88,3,16
sm_86,16,128,512,1,0,3,8,88,3,16
sm_86,16,128,1024,0,0,1,4,88,1,16
sm_86,16,128,1024,1,0,1,4,88,1,16
sm_86,16,8192,32,0,0,11,128,11,48,16
sm_86,16,8192,32,1,0,11,128,11,48,16
sm_86,16,8192,96,0,0,11,42,11,16,16
sm_86,16,8192,96,1,0,11,42,11,16,16
sm_86,16,8192,128,0,0,11,32,11,12,16
sm_86,16,8192,128,1,0,11,32,11,12,16
sm_86,16,8192,256,0,0,6,16,11,6,16
sm_86,16,8192,256,1,0,6,16,11,6,16
sm_86,16,8192,384,0,0,4,10,11,4,16
sm_86,16,8192,384,1,0,4,10,11,4,16
sm_86,16,8192,512,0,0,3,8,11,3,16
sm_86,16,8192,512,1,0,3,8,11,3,16
sm_86,16,8192,1024,0,0,1,4,11,1,16
sm_86,16,8192,1024,1,0,1,4,11,1,16
sm_86,16,32768,32,0,0,3,128,3,48,16
sm_86,16,32768,32,1,0,3,128,3,48,16
sm_86,16,32768,96,0,0,3,42,3,16,16
sm_86,16,32768,96,1,0,3,42,3,16,16
sm_86,16,32768,128,0,0,3,32,3,12,16
sm_86,16,32768,128,1,0,3,32,3,12,16
sm_86,16,32768,256,0,0,3,16,3,6,16
sm_86,16,32768,256,1,0,3,16,3,6,16
sm_86,16,32768,384,0,0,3,10,3,4,16
sm_86,16,32768,384,1,0,3,10,3,4,16
sm_86,16,32768,512,0,0,3,8,3,3,16
sm_86,16,32768,512,1,0,3,8,3,3,16
sm_86,16,32768,1024,0,0,1,4,3,1,16
sm_86,16,32768,1024,1,0,1,4,3,1,16
sm_86,16,49152,32,0,0,2,128,2,48,16
sm_86,16,49152,32,1,0,2,128,2,48,16
sm_86,16,49152,96,0,0,2,42,2,16,16
sm_86,16,49152,96,1,0,2,42,2,16,16
sm_86,16,49152,128,0,0,2,32,2,12,16
sm_86,16,49152,128,1,0,2,32,2,12,16
sm_86,16,49152,256,0,0,2,16,2,6,16
sm_86,16,49152,256,1,0,2,16,2,6,16
sm_86,16,49152,384,0,0,2,10,2,4,16
sm_86,16,49152,384,1,0,2,10,2,4,16
sm_86,16,49152,512,0,0,2,8,2,3,16
sm_86,16,49152,512,1,0,2,8,2,3,16
sm_86,16,49152,1024,0,0,1,4,2,1,16
sm_86,16,49152,1024,1,0,1,4,2,1,16
sm_86,16,98304,32,0,0,1,128,1,48,16
sm_86,16,98304,32,1,0,1,128,1,48,16
sm_86,16,98304,96,0,0,1,42,1,16,16
sm_86,16,98304,96,1,0,1,42,1,16,16
sm_86,16,98304,128,0,0,1,32,1,12,16
sm_86,16,98304,128,1,0,1,32,1,12,16
sm_86,16,98304,256,0,0,1,16,1,6,16
sm_86,16,98304,256,1,0,1,16,1,6,16
sm_86,16,98304,384,0,0,1,10,1,4,16
sm_86,16,98304,384,1,0,1,10,1,4,16
sm_86,16,98304,512,0,0,1,8,1,3,16
sm_86,16,98304,512,1,0,1,8,1,3,16
sm_86,16,98304,1024,0,0,1,4,1,1,16
sm_86,16,98304,1024,1,0,1,4,1,1,16
sm_86,16,200000,32,0,0,0,128,0,48,16
sm_86,16,200000,32,1,0,0,128,0,48,16
sm_86,16,200000,96,0,0,0,42,0,16,16
sm_86,16,200000,96,1,0,0,42,0,16,16
sm_86,16,200000,128,0,0,0,32,0,12,16
sm_86,16,200000,128,1,0,0,32,0,12,16
sm_86,16,200000,256,0,0,0,16,0,6,16
sm_86,16,200000,256,1,0,0,16,0,6,16
sm_86,16,200000,384,0,0,0,10,0,4,16
sm_86,16,200000,384,1,0,0,10,0,4,16
sm_86,16,200000,512,0,0,0,8,0,3,16
sm_86,16,200000,512,1,0,0,8,0,3,16
sm_86,16,200000,1024,0,0,0,4,0,1,16
sm_86,16,200000,1024,1,0,0,4,0,1,16
sm_86,32,0,32,0,0,16,64,100,48,16
sm_86,32,0,32,1,0,16,64,100,48,16
sm_86,32,0,96,0,0,16,21,100,16,16
sm_86,32,0,96,1,0,16,21,100,16,16
sm_86,32,0,128,0,0,12,16,100,12,16
sm_86,32,0,128,1,0,12,16,100,12,16
sm_86,32,0,256,0,0,6,8,100,6,16
sm_86,32,0,256,1,0,6,8,100,6,16
sm_86,32,0,384,0,0,4,5,100,4,16
sm_86,32,0,384,1,0,4,5,100,4,16
sm_86,32,0,512,0,0,3,4,100,3,16
sm_86,32,0,512,1,0,3,4,100,3,16
sm_86,32,0,1024,0,0,1,2,100,1,16
sm_86,32,0,1024,1,0,1,2,100,1,16
sm_86,32,128,32,0,0,16,64,88,48,16
sm_86,32,128,32,1,0,16,64,88,48,16
sm_86,32,128,96,0,0,16,21,88,16,16
sm_86,32,128,96,1,0,16,21,88,16,16
sm_86,32,128,128,0,0,12,16,88,12,16
sm_86,32,128,128,1,0,12,16,88,12,16
sm_86,32,128,256,0,0,6,8,88,6,16
sm_86,32,128,256,1,0,6,8,88,6,16
sm_86,32,128,384,0,0,4,5,88,4,16
sm_86,32,128,384,1,0,4,5,88,4,16
sm_86,32,128,512,0,0,3,4,88,3,16
sm_86,32,128,512,1,0,3,4,88,3,16
sm_86,32,128,1024,0,0,1,2,88,1,16
sm_86,32,128,1024,1,0,1,2,88,1,16
sm_86,32,8192,32,0,0,11,64,11,48,16
sm_86,32,8192,32,1,0,11,64,11,48,16
sm_86,32,8192,96,0,0,11,21,11,16,16
sm_86,32,8192,96,1,0,11,21,11,16,16
sm_86,32,8192,128,0,0,11,16,11,12,16
sm_86,32,8192,128,1,0,11,16,11,12,16
sm_86,32,8192,256,0,0,6,8,11,6,16
sm_86,32,8192,256,1,0,6,8,11,6,16
sm_86,32,8192,384,0,0,4,5,11,4,16
sm_86,32,8192,384,1,0,4,5,11,4,16
sm_86,32,8192,512,0,0,3,4,11,3,16
sm_86,32,8192,512,1,0,3,4,11,3,16
sm_86,32,8192,1024,0,0,1,2,11,1,16
sm_86,32,8192,1024,1,0,1,2,11,1,16
sm_86,32,32768,32,0,0,3,64,3,48,16
sm_86,32,32768,32,1,0,3,64,3,48,16
sm_86,32,32768,96,0,0,3,21,3,16,16
sm_86,32,32768,96,1,0,3,21,3,16,16
sm_86,32,32768,128,0,0,3,16,3,12,16
sm_86,32,32768,128,1,0,3,16,3,12,16
sm_86,32,32768,256,0,0,3,8,3,6,16
sm_86,32,32768,256,1,0,3,8,3,6,16
sm_86,32,32768,384,0,0,3,5,3,4,16
sm_86,32,32768,384,1,0,3,5,3,4,16
sm_86,32,32768,512,0,0,3,4,3,3,16
sm_86,32,32768,512,1,0,3,4,3,3,16
sm_86,32,32768,1024,0,0,1,2,3,1,16
sm_86,32,32768,1024,1,0,1,2,3,1,16
sm_86,32,49152,32,0,0,2,64,2,48,16
sm_86,32,49152,32,1,0,2,64,2,48,16
sm_86,32,49152,96,0,0,2,21,2,16,16
sm_86,32,49152,96,1,0,2,21,2,16,16
sm_86,32,49152,128,0,0,2,16,2,12,16
sm_86,32,49152,128,1,0,2,16,2,12,16
sm_86,32,49152,256,0,0,2,8,2,6,16
sm_86,32,49152,256,1,0,2,8,2,6,16
sm_86,32,49152,384,0,0,2,5,2,4,16
sm_86,32,49152,384,1,0,2,5,2,4,16
sm_86,32,49152,512,0,0,2,4,2,3,16
sm_86,32,49152,512,1,0,2,4,2,3,16
sm_86,32,49152,1024,0,0,1,2,2,1,16
sm_86,32,49152,1024,1,0,1,2,2,1,16
sm_86,32,98304,32,0,0,1,64,1,48,16
sm_86,32,98304,32,1,0,1,64,1,48,16
sm_86,32,98304,96,0,0,1,21,1,16,16
sm_86,32,98304,96,1,0,1,21,1,16,16
sm_86,32,98304,128,0,0,1,16,1,12,16
sm_86,32,98304,128,1,0,1,16,1,12,16
sm_86,32,98304,256,0,0,1,8,1,6,16
sm_86,32,98304,256,1,0,1,8,1,6,16
sm_86,32,98304,384,0,0,1,5,1,4,16
sm_86,32,98304,384,1,0,1,5,1,4,16
sm_86,32,98304,512,0,0,1,4,1,3,16
sm_86,32,98304,512,1,0,1,4,1,3,16
sm_86,32,98304,1024,0,0,1,2,1,1,16
sm_86,32,98304,1024,1,0,1,2,1,1,16
sm_86,32,200000,32,0,0,0,64,0,48,16
sm_86,32,200000,32,1,0,0,64,0,48,16
sm_86,32,200000,96,0,0,0,21,0,16,16
sm_86,32,200000,96,1,0,0,21,0,16,16
sm_86,32,200000,128,0,0,0,16,0,12,16
sm_86,32,200000,128,1,0,0,16,0,12,16
sm_86,32,200000,256,0,0,0,8,0,6,16
sm_86,32,200000,256,1,0,0,8,0,6,16
sm_86,32,200000,384,0,0,0,5,0,4,16
sm_86,32,200000,384,1,0,0,5,0,4,16
sm_86,32,200000,512,0,0,0,4,0,3,16
sm_86,32,200000,512,1,0,0,4,0,3,16
sm_86,32,200000,1024,0,0,0,2,0,1,16
sm_86,32,200000,1024,1,0,0,2,0,1,16
sm_86,40,0,32,0,0,16,48,100,48,16
sm_86,40,0,32,1,0,16,48,100,48,16
sm_86,40,0,96,0,0,16,16,100,16,16
sm_86,40,0,96,1,0,16,16,100,16,16
sm_86,40,0,128,0,0,12,12,100,12,16
sm_86,40,0,128,1,0,12,12,100,12,16
sm_86,40,0,256,0,0,6,6,100,6,16
sm_86,40,0,256,1,0,6,6,100,6,16
sm_86,40,0,384,0,0,4,4,100,4,16
sm_86,40,0,384,1,0,4,4,100,4,16
sm_86,40,0,512,0,0,3,3,100,3,16
sm_86,40,0,512,1,0,3,3,100,3,16
sm_86,40,0,1024,0,0,1,1,100,1,16
sm_86,40,0,1024,1,0,1,1,100,1,16
sm_86,40,128,32,0,0,16,48,88,48,16
sm_86,40,128,32,1,0,16,48,88,48,16
sm_86,40,128,96,0,0,16,16,88,16,16
sm_86,40,128,96,1,0,16,16,88,16,16
sm_86,40,128,128,0,0,12,12,88,12,16
sm_86,40,128,128,1,0,12,12,88,12,16
sm_86,40,128,256,0,0,6,6,88,6,16
sm_86,40,128,256,1,0,6,6,88,6,16
sm_86,40,128,384,0,0,4,4,88,4,16
sm_86,40,128,384,1,0,4,4,88,4,16
sm_86,40,128,512,0,0,3,3,88,3,16
sm_86,40,128,512,1,0,3,3,88,3,16
sm_86,40,128,1024,0,0,1,1,88,1,16
sm_86,40,128,1024,1,0,1,1,88,1,16
sm_86,40,8192,32,0,0,11,48,11,48,16
sm_86,40,8192,32,1,0,11,48,11,48,16
sm_86,40,8192,96,0,0,11,16,11,16,16
sm_86,40,8192,96,1,0,11,16,11,16,16
sm_86,40,8192,128,0,0,11,12,11,12,16
sm_86,40,8192,128,1,0,11,12,11,12,16
sm_86,40,8192,256,0,0,6,6,11,6,16
sm_86,40,8192,256,1,0,6,6,11,6,16
sm_86,40,8192,384,0,0,4,4,11,4,16
sm_86,40,8192,384,1,0,4,4,11,4,16
sm_86,40,8192,512,0,0,3,3,11,3,16
sm_86,40,8192,512,1,0,3,3,11,3,16
sm_86,40,8192,1024,0,0,1,1,11,1,16
sm_86,40,8192,1024,1,0,1,1,11,1,16
sm_86,40,32768,32,0,0,3,48,3,48,16
sm_86,40,32768,32,1,0,3,48,3,48,16
sm_86,40,32768,96,0,0,3,16,3,16,16
sm_86,40,32768,96,1,0,3,16,3,16,16
sm_86,40,32768,128,0,0,3,12,3,12,16
sm_86,40,32768,128,1,0,3,12,3,12,16
sm_86,40,32768,256,0,0,3,6,3,6,16
sm_86,40,32768,256,1,0,3,6,3,6,16
sm_86,40,32768,384,0,0,3,4,3,4,16
sm_86,40,32768,384,1,0,3,4,3,4,16
sm_86,40,32768,512,0,0,3,3,3,3,16
sm_86,40,32768,512,1,0,3,3,3,3,16
sm_86,40,32768,1024,0,0,1,1,3,1,16
sm_86,40,32768,1024,1,0,1,1,3,1,16
sm_86,40,49152,32,0,0,2,48,2,48,16
sm_86,40,49152,32,1,0,2,48,2,48,16
sm_86,40,49152,96,0,0,2,16,2,16,16
sm_86,40,49152,96,1,0,2,16,2,16,16
sm_86,40,49152,128,0,0,2,12,2,12,16
sm_86,40,49152,128,1,0,2,12,2,12,16
sm_86,40,49152,256,0,0,2,6,2,6,16
sm_86,40,49152,256,1,0,2,6,2,6,16
sm_86,40,49152,384,0,0,2,4,2,4,16
sm_86,40,49152,384,1,0,2,4,2,4,16
sm_86,40,49152,512,0,0,2,3,2,3,16
sm_86,40,49152,512,1,0,2,3,2,3,16
sm_86,40,49152,1024,0,0,1,1,2,1,16
sm_86,40,49152,1024,1,0,1,1,2,1,16
sm_86,40,98304,32,0,0,1,48,1,48,16
sm_86,40,98304,32,1,0,1,48,1,48,16
sm_86,40,98304,96,0,0,1,16,1,16,16
sm_86,40,98304,96,1,0,1,16,1,16,16
sm_86,40,98304,128,0,0,1,12,1,12,16
sm_86,40,98304,128,1,0,1,12,1,12,16
sm_86,40,98304,256,0,0,1,6,1,6,16
sm_86,40,98304,256,1,0,1,6,1,6,16
sm_86,40,98304,384,0,0,1,4,1,4,16
sm_86,40,98304,384,1,0,1,4,1,4,16
sm_86,40,98304,512,0,0,1,3,1,3,16
sm_86,40,98304,512,1,0,1,3,1,3,16
sm_86,40,98304,1024,0,0,1,1,1,1,16
sm_86,40,98304,1024,1,0,1,1,1,1,16
sm_86,40,200000,32,0,0,0,48,0,48,16
sm_86,40,200000,32,1,0,0,48,0,48,16
sm_86,40,200000,96,0,0,0,16,0,16,16
sm_86,40,200000,96,1,0,0,16,0,16,16
sm_86,40,200000,128,0,0,0,12,0,12,16
sm_86,40,200000,128,1,0,0,12,0,12,16
sm_86,40,200000,256,0,0,0,6,0,6,16
sm_86,40,200000,256,1,0,0,6,0,6,16
sm_86,40,200000,384,0,0,0,4,0,4,16
sm_86,40,200000,384,1,0,0,4,0,4,16
sm_86,40,200000,512,0,0,0,3,0,3,16
sm_86,40,200000,512,1,0,0,3,0,3,16
sm_86,40,200000,1024,0,0,0,1,0,1,16
sm_86,40,200000,1024,1,0,0,1,0,1,16
sm_86,64,0,32,0,0,16,32,100,48,16
sm_86,64,0,32,1,0,16,32,100,48,16
sm_86,64,0,96,0,0,10,10,100,16,16
sm_86,64,0,96,1,0,10,10,100,16,16
sm_86,64,0,128,0,0,8,8,100,12,16
sm_86,64,0,128,1,0,8,8,100,12,16
sm_86,64,0,256,0,0,4,4,100,6,16
sm_86,64,0,256,1,0,4,4,100,6,16
sm_86,64,0,384,0,0,2,2,100,4,16
sm_86,64,0,384,1,0,2,2,100,4,16
sm_86,64,0,512,0,0,2,2,100,3,16
sm_86,64,0,512,1,0,2,2,100,3,16
sm_86,64,0,1024,0,0,1,1,100,1,16
sm_86,64,0,1024,1,0,1,1,100,1,16
sm_86,64,128,32,0,0,16,32,88,48,16
sm_86,64,128,32,1,0,16,32,88,48,16
sm_86,64,128,96,0,0,10,10,88,16,16
sm_86,64,128,96,1,0,10,10,88,16,16
sm_86,64,128,128,0,0,8,8,88,12,16
sm_86,64,128,128,1,0,8,8,88,12,16
sm_86,64,128,256,0,0,4,4,88,6,16
sm_86,64,128,256,1,0,4,4,88,6,16
sm_86,64,128,384,0,0,2,2,88,4,16
sm_86,64,128,384,1,0,2,2,88,4,16
sm_86,64,128,512,0,0,2,2,88,3,16
sm_86,64,128,512,1,0,2,2,88,3,16
sm_86,64,128,1024,0,0,1,1,88,1,16
sm_86,64,128,1024,1,0,1,1,88,1,16
sm_86,64,8192,32,0,0,11,32,11,48,16
sm_86,64,8192,32,1,0,11,32,11,48,16
sm_86,64,8192,96,0,0,10,10,11,16,16
sm_86,64,8192,96,1,0,10,10,11,16,16
sm_86,64,8192,128,0,0,8,8,11,12,16
sm_86,64,8192,128,1,0,8,8,11,12,16
sm_86,64,8192,256,0,0,4,4,11,6,16
sm_86,64,8192,256,1,0,4,4,11,6,16
sm_86,64,8192,384,0,0,2,2,11,4,16
sm_86,64,8192,384,1,0,2,2,11,4,16
sm_86,64,8192,512,0,0,2,2,11,3,16
sm_86,64,8192,512,1,0,2,2,11,3,16
sm_86,64,8192,1024,0,0,1,1,11,1,16
sm_86,64,8192,1024,1,0,1,1,11,1,16
sm_86,64,32768,32,0,0,3,32,3,48,16
sm_86,64,32768,32,1,0,3,32,3,48,16
sm_86,64,32768,96,0,0,3,10,3,16,16
sm_86,64,32768,96,1,0,3,10,3,16,16
sm_86,64,32768,128,0,0,3,8,3,12,16
sm_86,64,32768,128,1,0,3,8,3,12,16
sm_86,64,32768,256,0,0,3,4,3,6,16
sm_86,64,32768,256,1,0,3,4,3,6,16
sm_86,64,32768,384,0,0,2,2,3,4,16
sm_86,64,32768,384,1,0,2,2,3,4,16
sm_86,64,32768,512,0,0,2,2,3,3,16
sm_86,64,32768,512,1,0,2,2,3,3,16
sm_86,64,32768,1024,0,0,1,1,3,1,16
sm_86,64,32768,1024,1,0,1,1,3,1,16
sm_86,64,49152,32,0,0,2,32,2,48,16
sm_86,64,49152,32,1,0,2,32,2,48,16
sm_86,64,49152,96,0,0,2,10,2,16,16
sm_86,64,49152,96,1,0,2,10,2,16,16
sm_86,64,49152,128,0,0,2,8,2,12,16
sm_86,64,49152,128,1,0,2,8,2,12,16
sm_86,64,49152,256,0,0,2,4,2,6,16
sm_86,64,49152,256,1,0,2,4,2,6,16
sm_86,64,49152,384,0,0,2,2,2,4,16
sm_86,64,49152,384,1,0,2,2,2,4,16
sm_86,64,49152,512,0,0,2,2,2,3,16
sm_86,64,49152,512,1,0,2,2,2,3,16
sm_86,64,49152,1024,0,0,1,1,2,1,16
sm_86,64,49152,1024,1,0,1,1,2,1,16
sm_86,64,98304,32,0,0,1,32,1,48,16
sm_86,64,98304,32,1,0,1,32,1,48,16
sm_86,64,98304,96,0,0,1,10,1,16,16
sm_86,64,98304,96,1,0,1,10,1,16,16
sm_86,64,98304,128,0,0,1,8,1,12,16
sm_86,64,98304,128,1,0,1,8,1,12,16
sm_86,64,98304,256,0,0,1,4,1,6,16
sm_86,64,98304,256,1,0,1,4,1,6,16
sm_86,64,98304,384,0,0,1,2,1,4,16
sm_86,64,98304,384,1,0,1,2,1,4,16
sm_86,64,98304,512,0,0,1,2,1,3,16
sm_86,64,98304,512,1,0,1,2,1,3,16
sm_86,64,98304,1024,0,0,1,1,1,1,16
sm_86,64,98304,1024,1,0,1,1,1,1,16
sm_86,64,200000,32,0,0,0,32,0,48,16
sm_86,64,200000,32,1,0,0,32,0,48,16
sm_86,64,200000,96,0,0,0,10,0,16,16
sm_86,64,200000,96,1,0,0,10,0,16,16
sm_86,64,200000,128,0,0,0,8,0,12,16
sm_86,64,200000,128,1,0,0,8,0,12,16
sm_86,64,200000,256,0,0,0,4,0,6,16
sm_86,64,200000,256,1,0,0,4,0,6,16
sm_86,64,200000,384,0,0,0,2,0,4,16
sm_86,64,200000,384,1,0,0,2,0,4,16
sm_86,64,200000,512,0,0,0,2,0,3,16
sm_86,64,200000,512,1,0,0,2,0,3,16
sm_86,64,200000,1024,0,0,0,1,0,1,16
sm_86,64,200000,1024,1,0,0,1,0,1,16
sm_86,72,0,32,0,0,16,28,100,48,16
sm_86,72,0,32,1,0,16,28,100,48,16
sm_86,72,0,96,0,0,9,9,100,16,16
sm_86,72,0,96,1,0,9,9,100,16,16
sm_86,72,0,128,0,0,7,7,100,12,16
sm_86,72,0,128,1,0,7,7,100,12,16
sm_86,72,0,256,0,0,3,3,100,6,16
sm_86,72,0,256,1,0,3,3,100,6,16
sm_86,72,0,384,0,0,2,2,100,4,16
sm_86,72,0,384,1,0,2,2,100,4,16
sm_86,72,0,512,0,0,1,1,100,3,16
sm_86,72,0,512,1,0,1,1,100,3,16
sm_86,72,0,1024,0,0,0,0,100,1,16
sm_86,72,0,1024,1,0,0,0,100,1,16
sm_86,72,128,32,0,0,16,28,88,48,16
sm_86,72,128,32,1,0,16,28,88,48,16
sm_86,72,128,96,0,0,9,9,88,16,16
sm_86,72,128,96,1,0,9,9,88,16,16
sm_86,72,128,128,0,0,7,7,88,12,16
sm_86,72,128,128,1,0,7,7,88,12,16
sm_86,72,128,256,0,0,3,3,88,6,16
sm_86,72,128,256,1,0,3,3,88,6,16
sm_86,72,128,384,0,0,2,2,88,4,16
sm_86,72,128,384,1,0,2,2,88,4,16
sm_86,72,128,512,0,0,1,1,88,3,16
sm_86,72,128,512,1,0,1,1,88,3,16
sm_86,72,128,1024,0,0,0,0,88,1,16
sm_86,72,128,1024,1,0,0,0,88,1,16
sm_86,72,8192,32,0,0,11,28,11,48,16
sm_86,72,8192,32,1,0,11,28,11,48,16
sm_86,72,8192,96,0,0,9,9,11,16,16
sm_86,72,8192,96,1,0,9,9,11,16,16
sm_86,72,8192,128,0,0,7,7,11,12,16
sm_86,72,8192,128,1,0,7,7,11,12,16
sm_86,72,8192,256,0,0,3,3,11,6,16
sm_86,72,8192,256,1,0,3,3,11,6,16
sm_86,72,8192,384,0,0,2,2,11,4,16
sm_86,72,8192,384,1,0,2,2,11,4,16
sm_86,72,8192,512,0,0,1,1,11,3,16
sm_86,72,8192,512,1,0,1,1,11,3,16
sm_86,72,8192,1024,0,0,0,0,11,1,16
sm_86,72,8192,1024,1,0,0,0,11,1,16
sm_86,72,32768,32,0,0,3,28,3,48,16
sm_86,72,32768,32,1,0,3,28,3,48,16
sm_86,72,32768,96,0,0,3,9,3,16,16
sm_86,72,32768,96,1,0,3,9,3,16,16
sm_86,72,32768,128,0,0,3,7,3,12,16
sm_86,72,32768,128,1,0,3,7,3,12,16
sm_86,72,32768,256,0,0,3,3,3,6,16
sm_86,72,32768,256,1,0,3,3,3,6,16
sm_86,72,32768,384,0,0,2,2,3,4,16
sm_86,72,32768,384,1,0,2,2,3,4,16
sm_86,72,32768,512,0,0,1,1,3,3,16
sm_86,72,32768,512,1,0,1,1,3,3,16
sm_86,72,32768,1024,0,0,0,0,3,1,16
sm_86,72,32768,1024,1,0,0,0,3,1,16
sm_86,72,49152,32,0,0,2,28,2,48,16
sm_86,72,49152,32,1,0,2,28,2,48,16
sm_86,72,49152,96,0,0,2,9,2,16,16
sm_86,72,49152,96,1,0,2,9,2,16,16
sm_86,72,49152,128,0,0,2,7,2,12,16
sm_86,72,49152,128,1,0,2,7,2,12,16
sm_86,72,49152,256,0,0,2,3,2,6,16
sm_86,72,49152,256,1,0,2,3,2,6,16
sm_86,72,49152,384,0,0,2,2,2,4,16
sm_86,72,49152,384,1,0,2,2,2,4,16
sm_86,72,49152,512,0,0,1,1,2,3,16
sm_86,72,49152,512,1,0,1,1,2,3,16
sm_86,72,49152,1024,0,0,0,0,2,1,16
sm_86,72,49152,1024,1,0,0,0,2,1,16
sm_86,72,98304,32,0,0,1,28,1,48,16
sm_86,72,98304,32,1,0,1,28,1,48,16
sm_86,72,98304,96,0,0,1,9,1,16,16
sm_86,72,98304,96,1,0,1,9,1,16,16
sm_86,72,98304,128,0,0,1,7,1,12,16
sm_86,72,98304,128,1,0,1,7,1,12,16
sm_86,72,98304,256,0,0,1,3,1,6,16
sm_86,72,98304,256,1,0,1,3,1,6,16
sm_86,72,98304,384,0,0,1,2,1,4,16
sm_86,72,98304,384,1,0,1,2,1,4,16
sm_86,72,98304,512,0,0,1,1,1,3,16
sm_86,72,98304,512,1,0,1,1,1,3,16
sm_86,72,98304,1024,0,0,0,0,1,1,16
sm_86,72,98304,1024,1,0,0,0,1,1,16
sm_86,72,200000,32,0,0,0,28,0,48,16
sm_86,72,200000,32,1,0,0,28,0,48,16
sm_86,72,200000,96,0,0,0,9,0,16,16
sm_86,72,200000,96,1,0,0,9,0,16,16
sm_86,72,200000,128,0,0,0,7,0,12,16
sm_86,72,200000,128,1,0,0,7,0,12,16
sm_86,72,200000,256,0,0,0,3,0,6,16
sm_86,72,200000,256,1,0,0,3,0,6,16
sm_86,72,200000,384,0,0,0,2,0,4,16
sm_86,72,200000,384,1,0,0,2,0,4,16
sm_86,72,200000,512,0,0,0,1,0,3,16
sm_86,72,200000,512,1,0,0,1,0,3,16
sm_86,72,200000,1024,0,0,0,0,0,1,16
sm_86,72,200000,1024,1,0,0,0,0,1,16
sm_86,96,0,32,0,0,16,20,100,48,16
sm_86,96,0,32,1,0,16,20,100,48,16
sm_86,96,0,96,0,0,6,6,100,16,16
sm_86,96,0,96,1,0,6,6,100,16,16
sm_86,96,0,128,0,0,5,5,100,12,16
sm_86,96,0,128,1,0,5,5,100,12,16
sm_86,96,0,256,0,0,2,2,100,6,16
sm_86,96,0,256,1,0,2,2,100,6,16
sm_86,96,0,384,0,0,1,1,100,4,16
sm_86,96,0,384,1,0,1,1,100,4,16
sm_86,96,0,512,0,0,1,1,100,3,16
sm_86,96,0,512,1,0,1,1,100,3,16
sm_86,96,0,1024,0,0,0,0,100,1,16
sm_86,96,0,1024,1,0,0,0,100,1,16
sm_86,96,128,32,0,0,16,20,88,48,16
sm_86,96,128,32,1,0,16,20,88,48,16
sm_86,96,128,96,0,0,6,6,88,16,16
sm_86,96,128,96,1,0,6,6,88,16,16
sm_86,96,128,128,0,0,5,5,88,12,16
sm_86,96,128,128,1,0,5,5,88,12,16
sm_86,96,128,256,0,0,2,2,88,6,16
sm_86,96,128,256,1,0,2,2,88,6,16
sm_86,96,128,384,0,0,1,1,88,4,16
sm_86,96,128,384,1,0,1,1,88,4,16
sm_86,96,128,512,0,0,1,1,88,3,16
sm_86,96,128,512,1,0,1,1,88,3,16
sm_86,96,128,1024,0,0,0,0,88,1,16
sm_86,96,128,1024,1,0,0,0,88,1,16
sm_86,96,8192,32,0,0,11,20,11,48,16
sm_86,96,8192,32,1,0,11,20,11,48,16
sm_86,96,8192,96,0,0,6,6,11,16,16
sm_86,96,8192,96,1,0,6,6,11,16,16
sm_86,96,8192,128,0,0,5,5,11,12,16
sm_86,96,8192,128,1,0,5,5,11,12,16
sm_86,96,8192,256,0,0,2,2,11,6,16
sm_86,96,8192,256,1,0,2,2,11,6,16
sm_86,96,8192,384,0,0,1,1,11,4,16
sm_86,96,8192,384,1,0,1,1,11,4,16
sm_86,96,8192,512,0,0,1,1,11,3,16
sm_86,96,8192,512,1,0,1,1,11,3,16
sm_86,96,8192,1024,0,0,0,0,11,1,16
sm_86,96,8192,1024,1,0,0,0,11,1,16
sm_86,96,32768,32,0,0,3,20,3,48,16
sm_86,96,32768,32,1,0,3,20,3,48,16
sm_86,96,32768,96,0,0,3,6,3,16,16
sm_86,96,32768,96,1,0,3,6,3,16,16
sm_86,96,32768,128,0,0,3,5,3,12,16
sm_86,96,32768,128,1,0,3,5,3,12,16
sm_86,96,32768,256,0,0,2,2,3,6,16
sm_86,96,32768,256,1,0,2,2,3,6,16
sm_86,96,32768,384,0,0,1,1,3,4,16
sm_86,96,32768,384,1,0,1,1,3,4,16
sm_86,96,32768,512,0,0,1,1,3,3,16
sm_86,96,32768,512,1,0,1,1,3,3,16
sm_86,96,32768,1024,0,0,0,0,3,1,16
sm_86,96,32768,1024,1,0,0,0,3,1,16
sm_86,96,49152,32,0,0,2,20,2,48,16
sm_86,96,49152,32,1,0,2,20,2,48,16
sm_86,96,49152,96,0,0,2,6,2,16,16
sm_86,96,49152,96,1,0,2,6,2,16,16
sm_86,96,49152,128,0,0,2,5,2,12,16
sm_86,96,49152,128,1,0,2,5,2,12,16
sm_86,96,49152,256,0,0,2,2,2,6,16
sm_86,96,49152,256,1,0,2,2,2,6,16
sm_86,96,49152,384,0,0,1,1,2,4,16
sm_86,96,49152,384,1,0,1,1,2,4,16
sm_86,96,49152,512,0,0,1,1,2,3,16
sm_86,96,49152,512,1,0,1,1,2,3,16
sm_86,96,49152,1024,0,0,0,0,2,1,16
sm_86,96,49152,1024,1,0,0,0,2,1,16
sm_86,96,98304,32,0,0,1,20,1,48,16
sm_86,96,98304,32,1,0,1,20,1,48,16
sm_86,96,98304,96,0,0,1,6,1,16,16
sm_86,96,98304,96,1,0,1,6,1,16,16
sm_86,96,98304,128,0,0,1,5,1,12,16
sm_86,96,98304,128,1,0,1,5,1,12,16
sm_86,96,98304,256,0,0,1,2,1,6,16
sm_86,96,98304,256,1,0,1,2,1,6,16
sm_86,96,98304,384,0,0,1,1,1,4,16
sm_86,96,98304,384,1,0,1,1,1,4,16
sm_86,96,98304,512,0,0,1,1,1,3,16
sm_86,96,98304,512,1,0,1,1,1,3,16
sm_86,96,98304,1024,0,0,0,0,1,1,16
sm_86,96,98304,1024,1,0,0,0,1,1,16
sm_86,96,200000,32,0,0,0,20,0,48,16
sm_86,96,200000,32,1,0,0,20,0,48,16
sm_86,96,200000,96,0,0,0,6,0,16,16
sm_86,96,200000,96,1,0,0,6,0,16,16
sm_86,96,200000,128,0,0,0,5,0,12,16
sm_86,96,200000,128,1,0,0,5,0,12,16
sm_86,96,200000,256,0,0,0,2,0,6,16
sm_86,96,200000,256,1,0,0,2,0,6,16
sm_86,96,200000,384,0,0,0,1,0,4,16
sm_86,96,200000,384,1,0,0,1,0,4,16
sm_86,96,200000,512,0,0,0,1,0,3,16
sm_86,96,200000,512,1,0,0,1,0,3,16
sm_86,96,200000,1024,0,0,0,0,0,1,16
sm_86,96,200000,1024,1,0,0,0,0,1,16
sm_86,128,0,32,0,0,16,16,100,48,16
sm_86,128,0,32,1,0,16,16,100,48,16
sm_86,128,0,96,0,0,5,5,100,16,16
sm_86,128,0,96,1,0,5,5,100,16,16
sm_86,128,0,128,0,0,4,4,100,12,16
sm_86,128,0,128,1,0,4,4,100,12,16
sm_86,128,0,256,0,0,2,2,100,6,16
sm_86,128,0,256,1,0,2,2,100,6,16
sm_86,128,0,384,0,0,1,1,100,4,16
sm_86,128,0,384,1,0,1,1,100,4,16
sm_86,128,0,512,0,0,1,1,100,3,16
sm_86,128,0,512,1,0,1,1,100,3,16
sm_86,128,0,1024,0,0,0,0,100,1,16
sm_86,128,0,1024,1,0,0,0,100,1,16
sm_86,128,128,32,0,0,16,16,88,48,16
sm_86,128,128,32,1,0,16,16,88,48,16
sm_86,128,128,96,0,0,5,5,88,16,16
sm_86,128,128,96,1,0,5,5,88,16,16
sm_86,128,128,128,0,0,4,4,88,12,16
sm_86,128,128,128,1,0,4,4,88,12,16
sm_86,128,128,256,0,0,2,2,88,6,16
sm_86,128,128,256,1,0,2,2,88,6,16
sm_86,128,128,384,0,0,1,1,88,4,16
sm_86,128,128,384,1,0,1,1,88,4,16
sm_86,128,128,512,0,0,1,1,88,3,16
sm_86,128,128,512,1,0,1,1,88,3,16
sm_86,128,128,1024,0,0,0,0,88,1,16
sm_86,128,128,1024,1,0,0,0,88,1,16
sm_86,128,8192,32,0,0,11,16,11,48,16
sm_86,128,8192,32,1,0,11,16,11,48,16
sm_86,128,8192,96,0,0,5,5,11,16,16
sm_86,128,8192,96,1,0,5,5,11,16,16
sm_86,128,8192,128,0,0,4,4,11,12,16
sm_86,128,8192,128,1,0,4,4,11,12,16
sm_86,128,8192,256,0,0,2,2,11,6,16
sm_86,128,8192,256,1,0,2,2,11,6,16
sm_86,128,8192,384,0,0,1,1,11,4,16
sm_86,128,8192,384,1,0,1,1,11,4,16
sm_86,128,8192,512,0,0,1,1,11,3,16
sm_86,128,8192,512,1,0,1,1,11,3,16
sm_86,128,8192,1024,0,0,0,0,11,1,16
sm_86,128,8192,1024,1,0,0,0,11,1,16
sm_86,128,32768,32,0,0,3,16,3,48,16
sm_86,128,32768,32,1,0,3,16,3,48,16
sm_86,128,32768,96,0,0,3,5,3,16,16
sm_86,128,32768,96,1,0,3,5,3,16,16
sm_86,128,32768,128,0,0,3,4,3,12,16
sm_86,128,32768,128,1,0,3,4,3,12,16
sm_86,128,32768,256,0,0,2,2,3,6,16
sm_86,128,32768,256,1,0,2,2,3,6,16
sm_86,128,32768,384,0,0,1,1,3,4,16
sm_86,128,32768,384,1,0,1,1,3,4,16
sm_86,128,32768,512,0,0,1,1,3,3,16
sm_86,128,32768,512,1,0,1,1,3,3,16
sm_86,128,32768,1024,0,0,0,0,3,1,16
sm_86,128,32768,1024,1,0,0,0,3,1,16
sm_86,128,49152,32,0,0,2,16,2,48,16
sm_86,128,49152,32,1,0,2,16,2,48,16
sm_86,128,49152,96,0,0,2,5,2,16,16
sm_86,128,49152,96,1,0,2,5,2,16,16
sm_86,128,49152,128,0,0,2,4,2,12,16
sm_86,128,49152,128,1,0,2,4,2,12,16
sm_86,128,49152,256,0,0,2,2,2,6,16
sm_86,128,49152,256,1,0,2,2,2,6,16
sm_86,128,49152,384,0,0,1,1,2,4,16
sm_86,128,49152,384,1,0,1,1,2,4,16
sm_86,128,49152,512,0,0,1,1,2,3,16
sm_86,128,49152,512,1,0,1,1,2,3,16
sm_86,128,49152,1024,0,0,0,0,2,1,16
sm_86,128,49152,1024,1,0,0,0,2,1,16
sm_86,128,98304,32,0,0,1,16,1,48,16
sm_86,128,98304,32,1,0,1,16,1,48,16
sm_86,128,98304,96,0,0,1,5,1,16,16
sm_86,128,98304,96,1,0,1,5,1,16,16
sm_86,128,98304,128,0,0,1,4,1,12,16
sm_86,128,98304,128,1,0,1,4,1,12,16
sm_86,128,98304,256,0,0,1,2,1,6,16
sm_86,128,98304,256,1,0,1,2,1,6,16
sm_86,128,98304,384,0,0,1,1,1,4,16
sm_86,128,98304,384,1,0,1,1,1,4,16
sm_86,128,98304,512,0,0,1,1,1,3,16
sm_86,128,98304,512,1,0,1,1,1,3,16
sm_86,128,98304,1024,0,0,0,0,1,1,16
sm_86,128,98304,1024,1,0,0,0,1,1,16
sm_86,128,200000,32,0,0,0,16,0,48,16
sm_86,128,200000,32,1,0,0,16,0,48,16
sm_86,128,200000,96,0,0,0,5,0,16,16
sm_86,128,200000,96,1,0,0,5,0,16,16
sm_86,128,200000,128,0,0,0,4,0,12,16
sm_86,128,200000,128,1,0,0,4,0,12,16
sm_86,128,200000,256,0,0,0,2,0,6,16
sm_86,128,200000,256,1,0,0,2,0,6,16
sm_86,128,200000,384,0,0,0,1,0,4,16
sm_86,128,200000,384,1,0,0,1,0,4,16
sm_86,128,200000,512,0,0,0,1,0,3,16
sm_86,128,200000,512,1,0,0,1,0,3,16
sm_86,128,200000,1024,0,0,0,0,0,1,16
sm_86,128,200000,1024,1,0,0,0,0,1,16
sm_86,168,0,32,0,0,12,12,100,48,16
sm_86,168,0,32,1,0,12,12,100,48,16
sm_86,168,0,96,0,0,4,4,100,16,16
sm_86,168,0,96,1,0,4,4,100,16,16
sm_86,168,0,128,0,0,3,3,100,12,16
sm_86,168,0,128,1,0,3,3,100,12,16
sm_86,168,0,256,0,0,1,1,100,6,16
sm_86,168,0,256,1,0,1,1,100,6,16
sm_86,168,0,384,0,0,1,1,100,4,16
sm_86,168,0,384,1,0,1,1,100,4,16
sm_86,168,0,512,0,0,0,0,100,3,16
sm_86,168,0,512,1,0,0,0,100,3,16
sm_86,168,0,1024,0,0,0,0,100,1,16
sm_86,168,0,1024,1,0,0,0,100,1,16
sm_86,168,128,32,0,0,12,12,88,48,16
sm_86,168,128,32,1,0,12,12,88,48,16
sm_86,168,128,96,0,0,4,4,88,16,16
sm_86,168,128,96,1,0,4,4,88,16,16
sm_86,168,128,128,0,0,3,3,88,12,16
sm_86,168,128,128,1,0,3,3,88,12,16
sm_86,168,128,256,0,0,1,1,88,6,16
sm_86,168,128,256,1,0,1,1,88,6,16
sm_86,168,128,384,0,0,1,1,88,4,16
sm_86,168,128,384,1,0,1,1,88,4,16
sm_86,168,128,512,0,0,0,0,88,3,16
sm_86,168,128,512,1,0,0,0,88,3,16
sm_86,168,128,1024,0,0,0,0,88,1,16
sm_86,168,128,1024,1,0,0,0,88,1,16
sm_86,168,8192,32,0,0,11,12,11,48,16
sm_86,168,8192,32,1,0,11,12,11,48,16
sm_86,168,8192,96,0,0,4,4,11,16,16
sm_86,168,8192,96,1,0,4,4,11,16,16
sm_86,168,8192,128,0,0,3,3,11,12,16
sm_86,168,8192,128,1,0,3,3,11,12,16
sm_86,168,8192,256,0,0,1,1,11,6,16
sm_86,168,8192,256,1,0,1,1,11,6,16
sm_86,168,8192,384,0,0,1,1,11,4,16
sm_86,168,8192,384,1,0,1,1,11,4,16
sm_86,168,8192,512,0,0,0,0,11,3,16
sm_86,168,8192,512,1,0,0,0,11,3,16
sm_86,168,8192,1024,0,0,0,0,11,1,16
sm_86,168,8192,1024,1,0,0,0,11,1,16
sm_86,168,32768,32,0,0,3,12,3,48,16
sm_86,168,32768,32,1,0,3,12,3,48,16
sm_86,168,32768,96,0,0,3,4,3,16,16
sm_86,168,32768,96,1,0,3,4,3,16,16
sm_86,168,32768,128,0,0,3,3,3,12,16
sm_86,168,32768,128,1,0,3,3,3,12,16
sm_86,168,32768,256,0,0,1,1,3,6,16
sm_86,168,32768,256,1,0,1,1,3,6,16
sm_86,168,32768,384,0,0,1,1,3,4,16
sm_86,168,32768,384,1,0,1,1,3,4,16
sm_86,168,32768,512,0,0,0,0,3,3,16
sm_86,168,32768,512,1,0,0,0,3,3,16
sm_86,168,32768,1024,0,0,0,0,3,1,16
sm_86,168,32768,1024,1,0,0,0,3,1,16
sm_86,168,49152,32,0,0,2,12,2,48,16
sm_86,168,49152,32,1,0,2,12,2,48,16
sm_86,168,49152,96,0,0,2,4,2,16,16
sm_86,168,49152,96,1,0,2,4,2,16,16
sm_86,168,49152,128,0,0,2,3,2,12,16
sm_86,168,49152,128,1,0,2,3,2,12,16
sm_86,168,49152,256,0,0,1,1,2,6,16
sm_86,168,49152,256,1,0,1,1,2,6,16
sm_86,168,49152,384,0,0,1,1,2,4,16
sm_86,168,49152,384,1,0,1,1,2,4,16
sm_86,168,49152,512,0,0,0,0,2,3,16
sm_86,168,49152,512,1,0,0,0,2,3,16
sm_86,168,49152,1024,0,0,0,0,2,1,16
sm_86,168,49152,1024,1,0,0,0,2,1,16
sm_86,168,98304,32,0,0,1,12,1,48,16
sm_86,168,98304,32,1,0,1,12,1,48,16
sm_86,168,98304,96,0,0,1,4,1,16,16
sm_86,168,98304,96,1,0,1,4,1,16,16
sm_86,168,98304,128,0,0,1,3,1,12,16
sm_86,168,98304,128,1,0,1,3,1,12,16
sm_86,168,98304,256,0,0,1,1,1,6,16
sm_86,168,98304,256,1,0,1,1,1,6,16
sm_86,168,98304,384,0,0,1,1,1,4,16
sm_86,168,98304,384,1,0,1,1,1,4,16
sm_86,168,98304,512,0,0,0,0,1,3,16
sm_86,168,98304,512,1,0,0,0,1,3,16
sm_86,168,98304,1024,0,0,0,0,1,1,16
sm_86,168,98304,1024,1,0,0,0,1,1,16
sm_86,168,200000,32,0,0,0,12,0,48,16
sm_86,168,200000,32,1,0,0,12,0,48,16
sm_86,168,200000,96,0,0,0,4,0,16,16
sm_86,168,200000,96,1,0,0,4,0,16,16
sm_86,168,200000,128,0,0,0,3,0,12,16
sm_86,168,200000,128,1,0,0,3,0,12,16
sm_86,168,200000,256,0,0,0,1,0,6,16
sm_86,168,200000,256,1,0,0,1,0,6,16
sm_86,168,200000,384,0,0,0,1,0,4,16
sm_86,168,200000,384,1,0,0,1,0,4,16
sm_86,168,200000,512,0,0,0,0,0,3,16
sm_86,168,200000,512,1,0,0,0,0,3,16
sm_86,168,200000,1024,0,0,0,0,0,1,16
sm_86,168,200000,1024,1,0,0,0,0,1,16
sm_86,255,0,32,0,0,8,8,100,48,16
sm_86,255,0,32,1,0,8,8,100,48,16
sm_86,255,0,96,0,0,2,2,100,16,16
sm_86,255,0,96,1,0,2,2,100,16,16
sm_86,255,0,128,0,0,2,2,100,12,16
sm_86,255,0,128,1,0,2,2,100,12,16
sm_86,255,0,256,0,0,1,1,100,6,16
sm_86,255,0,256,1,0,1,1,100,6,16
sm_86,255,0,384,0,0,0,0,100,4,16
sm_86,255,0,384,1,0,0,0,100,4,16
sm_86,255,0,512,0,0,0,0,100,3,16
sm_86,255,0,512,1,0,0,0,100,3,16
sm_86,255,0,1024,0,0,0,0,100,1,16
sm_86,255,0,1024,1,0,0,0,100,1,16
sm_86,255,128,32,0,0,8,8,88,48,16
sm_86,255,128,32,1,0,8,8,88,48,16
sm_86,255,128,96,0,0,2,2,88,16,16
sm_86,255,128,96,1,0,2,2,88,16,16
sm_86,255,128,128,0,0,2,2,88,12,16
sm_86,255,128,128,1,0,2,2,88,12,16
sm_86,255,128,256,0,0,1,1,88,6,16
sm_86,255,128,256,1,0,1,1,88,6,16
sm_86,255,128,384,0,0,0,0,88,4,16
sm_86,255,128,384,1,0,0,0,88,4,16
sm_86,255,128,512,0,0,0,0,88,3,16
sm_86,255,128,512,1,0,0,0,88,3,16
sm_86,255,128,1024,0,0,0,0,88,1,16
sm_86,255,128,1024,1,0,0,0,88,1,16
sm_86,255,8192,32,0,0,8,8,11,48,16
sm_86,255,8192,32,1,0,8,8,11,48,16
sm_86,255,8192,96,0,0,2,2,11,16,16
sm_86,255,8192,96,1,0,2,2,11,16,16
sm_86,255,8192,128,0,0,2,2,11,12,16
sm_86,255,8192,128,1,0,2,2,11,12,16
sm_86,255,8192,256,0,0,1,1,11,6,16
sm_86,255,8192,256,1,0,1,1,11,6,16
sm_86,255,8192,384,0,0,0,0,11,4,16
sm_86,255,8192,384,1,0,0,0,11,4,16
sm_86,255,8192,512,0,0,0,0,11,3,16
sm_86,255,8192,512,1,0,0,0,11,3,16
sm_86,255,8192,1024,0,0,0,0,11,1,16
sm_86,255,8192,1024,1,0,0,0,11,1,16
sm_86,255,32768,32,0,0,3,8,3,48,16
sm_86,255,32768,32,1,0,3,8,3,48,16
sm_86,255,32768,96,0,0,2,2,3,16,16
sm_86,255,32768,96,1,0,2,2,3,16,16
sm_86,255,32768,128,0,0,2,2,3,12,16
sm_86,255,32768,128,1,0,2,2,3,12,16
sm_86,255,32768,256,0,0,1,1,3,6,16
sm_86,255,32768,256,1,0,1,1,3,6,16
sm_86,255,32768,384,0,0,0,0,3,4,16
sm_86,255,32768,384,1,0,0,0,3,4,16
sm_86,255,32768,512,0,0,0,0,3,3,16
sm_86,255,32768,512,1,0,0,0,3,3,16
sm_86,255,32768,1024,0,0,0,0,3,1,16
sm_86,255,32768,1024,1,0,0,0,3,1,16
sm_86,255,49152,32,0,0,2,8,2,48,16
sm_86,255,49152,32,1,0,2,8,2,48,16
sm_86,255,49152,96,0,0,2,2,2,16,16
sm_86,255,49152,96,1,0,2,2,2,16,16
sm_86,255,49152,128,0,0,2,2,2,12,16
sm_86,255,49152,128,1,0,2,2,2,12,16
sm_86,255,49152,256,0,0,1,1,2,6,16
sm_86,255,49152,256,1,0,1,1,2,6,16
sm_86,255,49152,384,0,0,0,0,2,4,16
sm_86,255,49152,384,1,0,0,0,2,4,16
sm_86,255,49152,512,0,0,0,0,2,3,16
sm_86,255,49152,512,1,0,0,0,2,3,16
sm_86,255,49152,1024,0,0,0,0,2,1,16
sm_86,255,49152,1024,1,0,0,0,2,1,16
sm_86,255,98304,32,0,0,1,8,1,48,16
sm_86,255,98304,32,1,0,1,8,1,48,16
sm_86,255,98304,96,0,0,1,2,1,16,16
sm_86,255,98304,96,1,0,1,2,1,16,16
sm_86,255,98304,128,0,0,1,2,1,12,16
sm_86,255,98304,128,1,0,1,2,1,12,16
sm_86,255,98304,256,0,0,1,1,1,6,16
sm_86,255,98304,256,1,0,1,1,1,6,16
sm_86,255,98304,384,0,0,0,0,1,4,16
sm_86,255,98304,384,1,0,0,0,1,4,16
sm_86,255,98304,512,0,0,0,0,1,3,16
sm_86,255,98304,512,1,0,0,0,1,3,16
sm_86,255,98304,1024,0,0,0,0,1,1,16
sm_86,255,98304,1024,1,0,0,0,1,1,16
sm_86,255,200000,32,0,0,0,8,0,48,16
sm_86,255,200000,32,1,0,0,8,0,48,16
sm_86,255,200000,96,0,0,0,2,0,16,16
sm_86,255,200000,96,1,0,0,2,0,16,16
sm_86,255,200000,128,0,0,0,2,0,12,16
sm_86,255,200000,128,1,0,0,2,0,12,16
sm_86,255,200000,256,0,0,0,1,0,6,16
sm_86,255,200000,256,1,0,0,1,0,6,16
sm_86,255,200000,384,0,0,0,0,0,4,16
sm_86,255,200000,384,1,0,0,0,0,4,16
sm_86,255,200000,512,0,0,0,0,0,3,16
sm_86,255,200000,512,1,0,0,0,0,3,16
sm_86,255,200000,1024,0,0,0,0,0,1,16
sm_86,255,200000,1024,1,0,0,0,0,1,16
sm_89,16,0,32,0,0,24,128,100,48,24
sm_89,16,0,32,1,0,24,128,100,48,24
sm_89,16,0,96,0,0,16,42,100,16,24
sm_89,16,0,96,1,0,16,42,100,16,24
sm_89,16,0,128,0,0,12,32,100,12,24
sm_89,16,0,128,1,0,12,32,100,12,24
sm_89,16,0,256,0,0,6,16,100,6,24
sm_89,16,0,256,1,0,6,16,100,6,24
sm_89,16,0,384,0,0,4,10,100,4,24
sm_89,16,0,384,1,0,4,10,100,4,24
sm_89,16,0,512,0,0,3,8,100,3,24
sm_89,16,0,512,1,0,3,8,100,3,24
sm_89,16,0,1024,0,0,1,4,100,1,24
sm_89,16,0,1024,1,0,1,4,100,1,24
sm_89,16,128,32,0,0,24,128,88,48,24
sm_89,16,128,32,1,0,24,128,88,48,24
sm_89,16,128,96,0,0,16,42,88,16,24
sm_89,16,128,96,1,0,16,42,88,16,24
sm_89,16,128,128,0,0,12,32,88,12,24
sm_89,16,128,128,1,0,12,32,88,12,24
sm_89,16,128,256,0,0,6,16,88,6,24
sm_89,16,128,256,1,0,6,16,88,6,24
sm_89,16,128,384,0,0,4,10,88,4,24
sm_89,16,128,384,1,0,4,10,88,4,24
sm_89,16,128,512,0,0,3,8,88,3,24
sm_89,16,128,512,1,0,3,8,88,3,24
sm_89,16,128,1024,0,0,1,4,88,1,24
sm_89,16,128,1024,1,0,1,4,88,1,24
sm_89,16,8192,32,0,0,11,128,11,48,24
sm_89,16,8192,32,1,0,11,128,11,48,24
sm_89,16,8192,96,0,0,11,42,11,16,24
sm_89,16,8192,96,1,0,11,42,11,16,24
sm_89,16,8192,128,0,0,11,32,11,12,24
sm_89,16,8192,128,1,0,11,32,11,12,24
sm_89,16,8192,256,0,0,6,16,11,6,24
sm_89,16,8192,256,1,0,6,16,11,6,24
sm_89,16,8192,384,0,0,4,10,11,4,24
sm_89,16,8192,384,1,0,4,10,11,4,24
sm_89,16,8192,512,0,0,3,8,11,3,24
sm_89,16,8192,512,1,0,3,8,11,3,24
sm_89,16,8192,1024,0,0,1,4,11,1,24
sm_89,16,8192,1024,1,0,1,4,11,1,24
sm_89,16,32768,32,0,0,3,128,3,48,24
sm_89,16,32768,32,1,0,3,128,3,48,24
sm_89,16,32768,96,0,0,3,42,3,16,24
sm_89,16,32768,96,1,0,3,42,3,16,24
sm_89,16,32768,128,0,0,3,32,3,12,24
sm_89,16,32768,128,1,0,3,32,3,12,24
sm_89,16,32768,256,0,0,3,16,3,6,24
sm_89,16,32768,256,1,0,3,16,3,6,24
sm_89,16,32768,384,0,0,3,10,3,4,24
sm_89,16,32768,384,1,0,3,10,3,4,24
sm_89,16,32768,512,0,0,3,8,3,3,24
sm_89,16,32768,512,1,0,3,8,3,3,24
sm_89,16,32768,1024,0,0,1,4,3,1,24
sm_89,16,32768,1024,1,0,1,4,3,1,24
sm_89,16,49152,32,0,0,2,128,2,48,24
sm_89,16,49152,32,1,0,2,128,2,48,24
sm_89,16,49152,96,0,0,2,42,2,16,24
sm_89,16,49152,96,1,0,2,42,2,16,24
sm_89,16,49152,128,0,0,2,32,2,12,24
sm_89,16,49152,128,1,0,2,32,2,12,24
sm_89,16,49152,256,0,0,2,16,2,6,24
sm_89,16,49152,256,1,0,2,16,2,6,24
sm_89,16,49152,384,0,0,2,10,2,4,24
sm_89,16,49152,384,1,0,2,10,2,4,24
sm_89,16,49152,512,0,0,2,8,2,3,24
sm_89,16,49152,512,1,0,2,8,2,3,24
sm_89,16,49152,1024,0,0,1,4,2,1,24
sm_89,16,49152,1024,1,0,1,4,2,1,24
sm_89,16,98304,32,0,0,1,128,1,48,24
sm_89,16,98304,32,1,0,1,128,1,48,24
sm_89,16,98304,96,0,0,1,42,1,16,24
sm_89,16,98304,96,1,0,1,42,1,16,24
sm_89,16,98304,128,0,0,1,32,1,12,24
sm_89,16,98304,128,1,0,1,32,1,12,24
sm_89,16,98304,256,0,0,1,16,1,6,24
sm_89,16,98304,256,1,0,1,16,1,6,24
sm_89,16,98304,384,0,0,1,10,1,4,24
sm_89,16,98304,384,1,0,1,10,1,4,24
sm_89,16,98304,512,0,0,1,8,1,3,24
sm_89,16,98304,512,1,0,1,8,1,3,24
sm_89,16,98304,1024,0,0,1,4,1,1,24
sm_89,16,98304,1024,1,0,1,4,1,1,24
sm_89,16,200000,32,0,0,0,128,0,48,24
sm_89,16,200000,32,1,0,0,128,0,48,24
sm_89,16,200000,96,0,0,0,42,0,16,24
sm_89,16,200000,96,1,0,0,42,0,16,24
sm_89,16,200000,128,0,0,0,32,0,12,24
sm_89,16,200000,128,1,0,0,32,0,12,24
sm_89,16,200000,256,0,0,0,16,0,6,24
sm_89,16,200000,256,1,0,0,16,0,6,24
sm_89,16,200000,384,0,0,0,10,0,4,24
sm_89,16,200000,384,1,0,0,10,0,4,24
sm_89,16,200000,512,0,0,0,8,0,3,24
sm_89,16,200000,512,1,0,0,8,0,3,24
sm_89,16,200000,1024,0,0,0,4,0,1,24
sm_89,16,200000,1024,1,0,0,4,0,1,24
sm_89,32,0,32,0,0,24,64,100,48,24
sm_89,32,0,32,1,0,24,64,100,48,24
sm_89,32,0,96,0,0,16,21,100,16,24
sm_89,32,0,96,1,0,16,21,100,16,24
sm_89,32,0,128,0,0,12,16,100,12,24
sm_89,32,0,128,1,0,12,16,100,12,24
sm_89,32,0,256,0,0,6,8,100,6,24
sm_89,32,0,256,1,0,6,8,100,6,24
sm_89,32,0,384,0,0,4,5,100,4,24
sm_89,32,0,384,1,0,4,5,100,4,24
sm_89,32,0,512,0,0,3,4,100,3,24
sm_89,32,0,512,1,0,3,4,100,3,24
sm_89,32,0,1024,0,0,1,2,100,1,24
sm_89,32,0,1024,1,0,1,2,100,1,24
sm_89,32,128,32,0,0,24,64,88,48,24
sm_89,32,128,32,1,0,24,64,88,48,24
sm_89,32,128,96,0,0,16,21,88,16,24
sm_89,32,128,96,1,0,16,21,88,16,24
sm_89,32,128,128,0,0,12,16,88,12,24
sm_89,32,128,128,1,0,12,16,88,12,24
sm_89,32,128,256,0,0,6,8,88,6,24
sm_89,32,128,256,1,0,6,8,88,6,24
sm_89,32,128,384,0,0,4,5,88,4,24
sm_89,32,128,384,1,0,4,5,88,4,24
sm_89,32,128,512,0,0,3,4,88,3,24
sm_89,32,128,512,1,0,3,4,88,3,24
sm_89,32,128,1024,0,0,1,2,88,1,24
sm_89,32,128,1024,1,0,1,2,88,1,24
sm_89,32,8192,32,0,0,11,64,11,48,24
sm_89,32,8192,32,1,0,11,64,11,48,24
sm_89,32,8192,96,0,0,11,21,11,16,24
sm_89,32,8192,96,1,0,11,21,11,16,24
sm_89,32,8192,128,0,0,11,16,11,12,24
sm_89,32,8192,128,1,0,11,16,11,12,24
sm_89,32,8192,256,0,0,6,8,11,6,24
sm_89,32,8192,256,1,0,6,8,11,6,24
sm_89,32,8192,384,0,0,4,5,11,4,24
sm_89,32,8192,384,1,0,4,5,11,4,24
sm_89,32,8192,512,0,0,3,4,11,3,24
sm_89,32,8192,512,1,0,3,4,11,3,24
sm_89,32,8192,1024,0,0,1,2,11,1,24
sm_89,32,8192,1024,1,0,1,2,11,1,24
sm_89,32,32768,32,0,0,3,64,3,48,24
sm_89,32,32768,32,1,0,3,64,3,48,24
sm_89,32,32768,96,0,0,3,21,3,16,24
sm_89,32,32768,96,1,0,3,21,3,16,24
sm_89,32,32768,128,0,0,3,16,3,12,24
sm_89,32,32768,128,1,0,3,16,3,12,24
sm_89,32,32768,256,0,0,3,8,3,6,24
sm_89,32,32768,256,1,0,3,8,3,6,24
sm_89,32,32768,384,0,0,3,5,3,4,24
sm_89,32,32768,384,1,0,3,5,3,4,24
sm_89,32,32768,512,0,0,3,4,3,3,24
sm_89,32,32768,512,1,0,3,4,3,3,24
sm_89,32,32768,1024,0,0,1,2,3,1,24
sm_89,32,32768,1024,1,0,1,2,3,1,24
sm_89,32,49152,32,0,0,2,64,2,48,24
sm_89,32,49152,32,1,0,2,64,2,48,24
sm_89,32,49152,96,0,0,2,21,2,16,24
sm_89,32,49152,96,1,0,2,21,2,16,24
sm_89,32,49152,128,0,0,2,16,2,12,24
sm_89,32,49152,128,1,0,2,16,2,12,24
sm_89,32,49152,256,0,0,2,8,2,6,24
sm_89,32,49152,256,1,0,2,8,2,6,24
sm_89,32,49152,384,0,0,2,5,2,4,24
sm_89,32,49152,384,1,0,2,5,2,4,24
sm_89,32,49152,512,0,0,2,4,2,3,24
sm_89,32,49152,512,1,0,2,4,2,3,24
sm_89,32,49152,1024,0,0,1,2,2,1,24
sm_89,32,49152,1024,1,0,1,2,2,1,24
sm_89,32,98304,32,0,0,1,64,1,48,24
sm_89,32,98304,32,1,0,1,64,1,48,24
sm_89,32,98304,96,0,0,1,21,1,16,24
sm_89,32,98304,96,1,0,1,21,1,16,24
sm_89,32,98304,128,0,0,1,16,1,12,24
sm_89,32,98304,128,1,0,1,16,1,12,24
sm_89,32,98304,256,0,0,1,8,1,6,24
sm_89,32,98304,256,1,0,1,8,1,6,24
sm_89,32,98304,384,0,0,1,5,1,4,24
sm_89,32,98304,384,1,0,1,5,1,4,24
sm_89,32,98304,512,0,0,1,4,1,3,24
sm_89,32,98304,512,1,0,1,4,1,3,24
sm_89,32,98304,1024,0,0,1,2,1,1,24
sm_89,32,98304,1024,1,0,1,2,1,1,24
sm_89,32,200000,32,0,0,0,64,0,48,24
sm_89,32,200000,32,1,0,0,64,0,48,24
sm_89,32,200000,96,0,0,0,21,0,16,24
sm_89,32,200000,96,1,0,0,21,0,16,24
sm_89,32,200000,128,0,0,0,16,0,12,24
sm_89,32,200000,128,1,0,0,16,0,12,24
sm_89,32,200000,256,0,0,0,8,0,6,24
sm_89,32,200000,256,1,0,0,8,0,6,24
sm_89,32,200000,384,0,0,0,5,0,4,24
sm_89,32,200000,384,1,0,0,5,0,4,24
sm_89,32,200000,512,0,0,0,4,0,3,24
sm_89,32,200000,512,1,0,0,4,0,3,24
sm_89,32,200000,1024,0,0,0,2,0,1,24
sm_89,32,200000,1024,1,0,0,2,0,1,24
sm_89,40,0,32,0,0,24,48,100,48,24
sm_89,40,0,32,1,0,24,48,100,48,24
sm_89,40,0,96,0,0,16,16,100,16,24
sm_89,40,0,96,1,0,16,16,100,16,24
sm_89,40,0,128,0,0,12,12,100,12,24
sm_89,40,0,128,1,0,12,12,100,12,24
sm_89,40,0,256,0,0,6,6,100,6,24
sm_89,40,0,256,1,0,6,6,100,6,24
sm_89,40,0,384,0,0,4,4,100,4,24
sm_89,40,0,384,1,0,4,4,100,4,24
sm_89,40,0,512,0,0,3,3,100,3,24
sm_89,40,0,512,1,0,3,3,100,3,24
sm_89,40,0,1024,0,0,1,1,100,1,24
sm_89,40,0,1024,1,0,1,1,100,1,24
sm_89,40,128,32,0,0,24,48,88,48,24
sm_89,40,128,32,1,0,24,48,88,48,24
sm_89,40,128,96,0,0,16,16,88,16,24
sm_89,40,128,96,1,0,16,16,88,16,24
sm_89,40,128,128,0,0,12,12,88,12,24
sm_89,40,128,128,1,0,12,12,88,12,24
sm_89,40,128,256,0,0,6,6,88,6,24
sm_89,40,128,256,1,0,6,6,88,6,24
sm_89,40,128,384,0,0,4,4,88,4,24
sm_89,40,128,384,1,0,4,4,88,4,24
sm_89,40,128,512,0,0,3,3,88,3,24
sm_89,40,128,512,1,0,3,3,88,3,24
sm_89,40,128,1024,0,0,1,1,88,1,24
sm_89,40,128,1024,1,0,1,1,88,1,24
sm_89,40,8192,32,0,0,11,48,11,48,24
sm_89,40,8192,32,1,0,11,48,11,48,24
sm_89,40,8192,96,0,0,11,16,11,16,24
sm_89,40,8192,96,1,0,11,16,11,16,24
sm_89,40,8192,128,0,0,11,12,11,12,24
sm_89,40,8192,128,1,0,11,12,11,12,24
sm_89,40,8192,256,0,0,6,6,11,6,24
sm_89,40,8192,256,1,0,6,6,11,6,24
sm_89,40,8192,384,0,0,4,4,11,4,24
sm_89,40,8192,384,1,0,4,4,11,4,24
sm_89,40,8192,512,0,0,3,3,11,3,24
sm_89,40,8192,512,1,0,3,3,11,3,24
sm_89,40,8192,1024,0,0,1,1,11,1,24
sm_89,40,8192,1024,1,0,1,1,11,1,24
sm_89,40,32768,32,0,0,3,48,3,48,24
sm_89,40,32768,32,1,0,3,48,3,48,24
sm_89,40,32768,96,0,0,3,16,3,16,24
sm_89,40,32768,96,1,0,3,16,3,16,24
sm_89,40,32768,128,0,0,3,12,3,12,24
sm_89,40,32768,128,1,0,3,12,3,12,24
sm_89,40,32768,256,0,0,3,6,3,6,24
sm_89,40,32768,256,1,0,3,6,3,6,24
sm_89,40,32768,384,0,0,3,4,3,4,24
sm_89,40,32768,384,1,0,3,4,3,4,24
sm_89,40,32768,512,0,0,3,3,3,3,24
sm_89,40,32768,512,1,0,3,3,3,3,24
sm_89,40,32768,1024,0,0,1,1,3,1,24
sm_89,40,32768,1024,1,0,1,1,3,1,24
sm_89,40,49152,32,0,0,2,48,2,48,24
sm_89,40,49152,32,1,0,2,48,2,48,24
sm_89,40,49152,96,0,0,2,16,2,16,24
sm_89,40,49152,96,1,0,2,16,2,16,24
sm_89,40,49152,128,0,0,2,12,2,12,24
sm_89,40,49152,128,1,0,2,12,2,12,24
sm_89,40,49152,256,0,0,2,6,2,6,24
sm_89,40,49152,256,1,0,2,6,2,6,24
sm_89,40,49152,384,0,0,2,4,2,4,24
sm_89,40,49152,384,1,0,2,4,2,4,24
sm_89,40,49152,512,0,0,2,3,2,3,24
sm_89,40,49152,512,1,0,2,3,2,3,24
sm_89,40,49152,1024,0,0,1,1,2,1,24
sm_89,40,49152,1024,1,0,1,1,2,1,24
sm_89,40,98304,32,0,0,1,48,1,48,24
sm_89,40,98304,32,1,0,1,48,1,48,24
sm_89,40,98304,96,0,0,1,16,1,16,24
sm_89,40,98304,96,1,0,1,16,1,16,24
sm_89,40,98304,128,0,0,1,12,1,12,24
sm_89,40,98304,128,1,0,1,12,1,12,24
sm_89,40,98304,256,0,0,1,6,1,6,24
sm_89,40,98304,256,1,0,1,6,1,6,24
sm_89,40,98304,384,0,0,1,4,1,4,24
sm_89,40,98304,384,1,0,1,4,1,4,24
sm_89,40,98304,512,0,0,1,3,1,3,24
sm_89,40,98304,512,1,0,1,3,1,3,24
sm_89,40,98304,1024,0,0,1,1,1,1,24
sm_89,40,98304,1024,1,0,1,1,1,1,24
sm_89,40,200000,32,0,0,0,48,0,48,24
sm_89,40,200000,32,1,0,0,48,0,48,24
sm_89,40,200000,96,0,0,0,16,0,16,24
sm_89,40,200000,96,1,0,0,16,0,16,24
sm_89,40,200000,128,0,0,0,12,0,12,24
sm_89,40,200000,128,1,0,0,12,0,12,24
sm_89,40,200000,256,0,0,0,6,0,6,24
sm_89,40,200000,256,1,0,0,6,0,6,24
sm_89,40,200000,384,0,0,0,4,0,4,24
sm_89,40,200000,384,1,0,0,4,0,4,24
sm_89,40,200000,512,0,0,0,3,0,3,24
sm_89,40,200000,512,1,0,0,3,0,3,24
sm_89,40,200000,1024,0,0,0,1,0,1,24
sm_89,40,200000,1024,1,0,0,1,0,1,24
sm_89,64,0,32,0,0,24,32,100,48,24
sm_89,64,0,32,1,0,24,32,100,48,24
sm_89,64,0,96,0,0,10,10,100,16,24
sm_89,64,0,96,1,0,10,10,100,16,24
sm_89,64,0,128,0,0,8,8,100,12,24
sm_89,64,0,128,1,0,8,8,100,12,24
sm_89,64,0,256,0,0,4,4,100,6,24
sm_89,64,0,256,1,0,4,4,100,6,24
sm_89,64,0,384,0,0,2,2,100,4,24
sm_89,64,0,384,1,0,2,2,100,4,24
sm_89,64,0,512,0,0,2,2,100,3,24
sm_89,64,0,512,1,0,2,2,100,3,24
sm_89,64,0,1024,0,0,1,1,100,1,24
sm_89,64,0,1024,1,0,1,1,100,1,24
sm_89,64,128,32,0,0,24,32,88,48,24
sm_89,64,128,32,1,0,24,32,88,48,24
sm_89,64,128,96,0,0,10,10,88,16,24
sm_89,64,128,96,1,0,10,10,88,16,24
sm_89,64,128,128,0,0,8,8,88,12,24
sm_89,64,128,128,1,0,8,8,88,12,24
sm_89,64,128,256,0,0,4,4,88,6,24
sm_89,64,128,256,1,0,4,4,88,6,24
sm_89,64,128,384,0,0,2,2,88,4,24
sm_89,64,128,384,1,0,2,2,88,4,24
sm_89,64,128,512,0,0,2,2,88,3,24
sm_89,64,128,512,1,0,2,2,88,3,24
sm_89,64,128,1024,0,0,1,1,88,1,24
sm_89,64,128,1024,1,0,1,1,88,1,24
sm_89,64,8192,32,0,0,11,32,11,48,24
sm_89,64,8192,32,1,0,11,32,11,48,24
sm_89,64,8192,96,0,0,10,10,11,16,24
sm_89,64,8192,96,1,0,10,10,11,16,24
sm_89,64,8192,128,0,0,8,8,11,12,24
sm_89,64,8192,128,1,0,8,8,11,12,24
sm_89,64,8192,256,0,0,4,4,11,6,24
sm_89,64,8192,256,1,0,4,4,11,6,24
sm_89,64,8192,384,0,0,2,2,11,4,24
sm_89,64,8192,384,1,0,2,2,11,4,24
sm_89,64,8192,512,0,0,2,2,11,3,24
sm_89,64,8192,512,1,0,2,2,11,3,24
sm_89,64,8192,1024,0,0,1,1,11,1,24
sm_89,64,8192,1024,1,0,1,1,11,1,24
sm_89,64,32768,32,0,0,3,32,3,48,24
sm_89,64,32768,32,1,0,3,32,3,48,24
sm_89,64,32768,96,0,0,3,10,3,16,24
sm_89,64,32768,96,1,0,3,10,3,16,24
sm_89,64,32768,128,0,0,3,8,3,12,24
sm_89,64,32768,128,1,0,3,8,3,12,24
sm_89,64,32768,256,0,0,3,4,3,6,24
sm_89,64,32768,256,1,0,3,4,3,6,24
sm_89,64,32768,384,0,0,2,2,3,4,24
sm_89,64,32768,384,1,0,2,2,3,4,24
sm_89,64,32768,512,0,0,2,2,3,3,24
sm_89,64,32768,512,1,0,2,2,3,3,24
sm_89,64,32768,1024,0,0,1,1,3,1,24
sm_89,64,32768,1024,1,0,1,1,3,1,24
sm_89,64,49152,32,0,0,2,32,2,48,24
sm_89,64,49152,32,1,0,2,32,2,48,24
sm_89,64,49152,96,0,0,2,10,2,16,24
sm_89,64,49152,96,1,0,2,10,2,16,24
sm_89,64,49152,128,0,0,2,8,2,12,24
sm_89,64,49152,128,1,0,2,8,2,12,24
sm_89,64,49152,256,0,0,2,4,2,6,24
sm_89,64,49152,256,1,0,2,4,2,6,24
sm_89,64,49152,384,0,0,2,2,2,4,24
sm_89,64,49152,384,1,0,2,2,2,4,24
sm_89,64,49152,512,0,0,2,2,2,3,24
sm_89,64,49152,512,1,0,2,2,2,3,24
sm_89,64,49152,1024,0,0,1,1,2,1,24
sm_89,64,49152,1024,1,0,1,1,2,1,24
sm_89,64,98304,32,0,0,1,32,1,48,24
sm_89,64,98304,32,1,0,1,32,1,48,24
sm_89,64,98304,96,0,0,1,10,1,16,24
sm_89,64,98304,96,1,0,1,10,1,16,24
sm_89,64,98304,128,0,0,1,8,1,12,24
sm_89,64,98304,128,1,0,1,8,1,12,24
sm_89,64,98304,256,0,0,1,4,1,6,24
sm_89,64,98304,256,1,0,1,4,1,6,24
sm_89,64,98304,384,0,0,1,2,1,4,24
sm_89,64,98304,384,1,0,1,2,1,4,24
sm_89,64,98304,512,0,0,1,2,1,3,24
sm_89,64,98304,512,1,0,1,2,1,3,24
sm_89,64,98304,1024,0,0,1,1,1,1,24
sm_89,64,98304,1024,1,0,1,1,1,1,24
sm_89,64,200000,32,0,0,0,32,0,48,24
sm_89,64,200000,32,1,0,0,32,0,48,24
sm_89,64,200000,96,0,0,0,10,0,16,24
sm_89,64,200000,96,1,0,0,10,0,16,24
sm_89,64,200000,128,0,0,0,8,0,12,24
sm_89,64,200000,128,1,0,0,8,0,12,24
sm_89,64,200000,256,0,0,0,4,0,6,24
sm_89,64,200000,256,1,0,0,4,0,6,24
sm_89,64,200000,384,0,0,0,2,0,4,24
sm_89,64,200000,384,1,0,0,2,0,4,24
sm_89,64,200000,512,0,0,0,2,0,3,24
sm_89,64,200000,512,1,0,0,2,0,3,24
sm_89,64,200000,1024,0,0,0,1,0,1,24
sm_89,64,200000,1024,1,0,0,1,0,1,24
sm_89,72,0,32,0,0,24,28,100,48,24
sm_89,72,0,32,1,0,24,28,100,48,24
sm_89,72,0,96,0,0,9,9,100,16,24
sm_89,72,0,96,1,0,9,9,100,16,24
sm_89,72,0,128,0,0,7,7,100,12,24
sm_89,72,0,128,1,0,7,7,100,12,24
sm_89,72,0,256,0,0,3,3,100,6,24
sm_89,72,0,256,1,0,3,3,100,6,24
sm_89,72,0,384,0,0,2,2,100,4,24
sm_89,72,0,384,1,0,2,2,100,4,24
sm_89,72,0,512,0,0,1,1,100,3,24
sm_89,72,0,512,1,0,1,1,100,3,24
sm_89,72,0,1024,0,0,0,0,100,1,24
sm_89,72,0,1024,1,0,0,0,100,1,24
sm_89,72,128,32,0,0,24,28,88,48,24
sm_89,72,128,32,1,0,24,28,88,48,24
sm_89,72,128,96,0,0,9,9,88,16,24
sm_89,72,128,96,1,0,9,9,88,16,24
sm_89,72,128,128,0,0,7,7,88,12,24
sm_89,72,128,128,1,0,7,7,88,12,24
sm_89,72,128,256,0,0,3,3,88,6,24
sm_89,72,128,256,1,0,3,3,88,6,24
sm_89,72,128,384,0,0,2,2,88,4,24
sm_89,72,128,384,1,0,2,2,88,4,24
sm_89,72,128,512,0,0,1,1,88,3,24
sm_89,72,128,512,1,0,1,1,88,3,24
sm_89,72,128,1024,0,0,0,0,88,1,24
sm_89,72,128,1024,1,0,0,0,88,1,24
sm_89,72,8192,32,0,0,11,28,11,48,24
sm_89,72,8192,32,1,0,11,28,11,48,24
sm_89,72,8192,96,0,0,9,9,11,16,24
sm_89,72,8192,96,1,0,9,9,11,16,24
sm_89,72,8192,128,0,0,7,7,11,12,24
sm_89,72,8192,128,1,0,7,7,11,12,24
sm_89,72,8192,256,0,0,3,3,11,6,24
sm_89,72,8192,256,1,0,3,3,11,6,24
sm_89,72,8192,384,0,0,2,2,11,4,24
sm_89,72,8192,384,1,0,2,2,11,4,24
sm_89,72,8192,512,0,0,1,1,11,3,24
sm_89,72,8192,512,1,0,1,1,11,3,24
sm_89,72,8192,1024,0,0,0,0,11,1,24
sm_89,72,8192,1024,1,0,0,0,11,1,24
sm_89,72,32768,32,0,0,3,28,3,48,24
sm_89,72,32768,32,1,0,3,28,3,48,24
sm_89,72,32768,96,0,0,3,9,3,16,24
sm_89,72,32768,96,1,0,3,9,3,16,24
sm_89,72,32768,128,0,0,3,7,3,12,24
sm_89,72,32768,128,1,0,3,7,3,12,24
sm_89,72,32768,256,0,0,3,3,3,6,24
sm_89,72,32768,256,1,0,3,3,3,6,24
sm_89,72,32768,384,0,0,2,2,3,4,24
sm_89,72,32768,384,1,0,2,2,3,4,24
sm_89,72,32768,512,0,0,1,1,3,3,24
sm_89,72,32768,512,1,0,1,1,3,3,24
sm_89,72,32768,1024,0,0,0,0,3,1,24
sm_89,72,32768,1024,1,0,0,0,3,1,24
sm_89,72,49152,32,0,0,2,28,2,48,24
sm_89,72,49152,32,1,0,2,28,2,48,24
sm_89,72,49152,96,0,0,2,9,2,16,24
sm_89,72,49152,96,1,0,2,9,2,16,24
sm_89,72,49152,128,0,0,2,7,2,12,24
sm_89,72,49152,128,1,0,2,7,2,12,24
sm_89,72,49152,256,0,0,2,3,2,6,24
sm_89,72,49152,256,1,0,2,3,2,6,24
sm_89,72,49152,384,0,0,2,2,2,4,24
sm_89,72,49152,384,1,0,2,2,2,4,24
sm_89,72,49152,512,0,0,1,1,2,3,24
sm_89,72,49152,512,1,0,1,1,2,3,24
sm_89,72,49152,1024,0,0,0,0,2,1,24
sm_89,72,49152,1024,1,0,0,0,2,1,24
sm_89,72,98304,32,0,0,1,28,1,48,24
sm_89,72,98304,32,1,0,1,28,1,48,24
sm_89,72,98304,96,0,0,1,9,1,16,24
sm_89,72,98304,96,1,0,1,9,1,16,24
sm_89,72,98304,128,0,0,1,7,1,12,24
sm_89,72,98304,128,1,0,1,7,1,12,24
sm_89,72,98304,256,0,0,1,3,1,6,24
sm_89,72,98304,256,1,0,1,3,1,6,24
sm_89,72,98304,384,0,0,1,2,1,4,24
sm_89,72,98304,384,1,0,1,2,1,4,24
sm_89,72,98304,512,0,0,1,1,1,3,24
sm_89,72,98304,512,1,0,1,1,1,3,24
sm_89,72,98304,1024,0,0,0,0,1,1,24
sm_89,72,98304,1024,1,0,0,0,1,1,24
sm_89,72,200000,32,0,0,0,28,0,48,24
sm_89,72,200000,32,1,0,0,28,0,48,24
sm_89,72,200000,96,0,0,0,9,0,16,24
sm_89,72,200000,96,1,0,0,9,0,16,24
sm_89,72,200000,128,0,0,0,7,0,12,24
sm_89,72,200000,128,1,0,0,7,0,12,24
sm_89,72,200000,256,0,0,0,3,0,6,24
sm_89,72,200000,256,1,0,0,3,0,6,24
sm_89,72,200000,384,0,0,0,2,0,4,24
sm_89,72,200000,384,1,0,0,2,0,4,24
sm_89,72,200000,512,0,0,0,1,0,3,24
sm_89,72,200000,512,1,0,0,1,0,3,24
sm_89,72,200000,1024,0,0,0,0,0,1,24
sm_89,72,200000,1024,1,0,0,0,0,1,24
sm_89,96,0,32,0,0,20,20,100,48,24
sm_89,96,0,32,1,0,20,20,100,48,24
sm_89,96,0,96,0,0,6,6,100,16,24
sm_89,96,0,96,1,0,6,6,100,16,24
sm_89,96,0,128,0,0,5,5,100,12,24
sm_89,96,0,128,1,0,5,5,100,12,24
sm_89,96,0,256,0,0,2,2,100,6,24
sm_89,96,0,256,1,0,2,2,100,6,24
sm_89,96,0,384,0,0,1,1,100,4,24
sm_89,96,0,384,1,0,1,1,100,4,24
sm_89,96,0,512,0,0,1,1,100,3,24
sm_89,96,0,512,1,0,1,1,100,3,24
sm_89,96,0,1024,0,0,0,0,100,1,24
sm_89,96,0,1024,1,0,0,0,100,1,24
sm_89,96,128,32,0,0,20,20,88,48,24
sm_89,96,128,32,1,0,20,20,88,48,24
sm_89,96,128,96,0,0,6,6,88,16,24
sm_89,96,128,96,1,0,6,6,88,16,24
sm_89,96,128,128,0,0,5,5,88,12,24
sm_89,96,128,128,1,0,5,5,88,12,24
sm_89,96,128,256,0,0,2,2,88,6,24
sm_89,96,128,256,1,0,2,2,88,6,24
sm_89,96,128,384,0,0,1,1,88,4,24
sm_89,96,128,384,1,0,1,1,88,4,24
sm_89,96,128,512,0,0,1,1,88,3,24
sm_89,96,128,512,1,0,1,1,88,3,24
sm_89,96,128,1024,0,0,0,0,88,1,24
sm_89,96,128,1024,1,0,0,0,88,1,24
sm_89,96,8192,32,0,0,11,20,11,48,24
sm_89,96,8192,32,1,0,11,20,11,48,24
sm_89,96,8192,96,0,0,6,6,11,16,24
sm_89,96,8192,96,1,0,6,6,11,16,24
sm_89,96,8192,128,0,0,5,5,11,12,24
sm_89,96,8192,128,1,0,5,5,11,12,24
sm_89,96,8192,256,0,0,2,2,11,6,24
sm_89,96,8192,256,1,0,2,2,11,6,24
sm_89,96,8192,384,0,0,1,1,11,4,24
sm_89,96,8192,384,1,0,1,1,11,4,24
sm_89,96,8192,512,0,0,1,1,11,3,24
sm_89,96,8192,512,1,0,1,1,11,3,24
sm_89,96,8192,1024,0,0,0,0,11,1,24
sm_89,96,8192,1024,1,0,0,0,11,1,24
sm_89,96,32768,32,0,0,3,20,3,48,24
sm_89,96,32768,32,1,0,3,20,3,48,24
sm_89,96,32768,96,0,0,3,6,3,16,24
sm_89,96,32768,96,1,0,3,6,3,16,24
sm_89,96,32768,128,0,0,3,5,3,12,24
sm_89,96,32768,128,1,0,3,5,3,12,24
sm_89,96,32768,256,0,0,2,2,3,6,24
sm_89,96,32768,256,1,0,2,2,3,6,24
sm_89,96,32768,384,0,0,1,1,3,4,24
sm_89,96,32768,384,1,0,1,1,3,4,24
sm_89,96,32768,512,0,0,1,1,3,3,24
sm_89,96,32768,512,1,0,1,1,3,3,24
sm_89,96,32768,1024,0,0,0,0,3,1,24
sm_89,96,32768,1024,1,0,0,0,3,1,24
sm_89,96,49152,32,0,0,2,20,2,48,24
sm_89,96,49152,32,1,0,2,20,2,48,24
sm_89,96,49152,96,0,0,2,6,2,16,24
sm_89,96,49152,96,1,0,2,6,2,16,24
sm_89,96,49152,128,0,0,2,5,2,12,24
sm_89,96,49152,128,1,0,2,5,2,12,24
sm_89,96,49152,256,0,0,2,2,2,6,24
sm_89,96,49152,256,1,0,2,2,2,6,24
sm_89,96,49152,384,0,0,1,1,2,4,24
sm_89,96,49152,384,1,0,1,1,2,4,24
sm_89,96,49152,512,0,0,1,1,2,3,24
sm_89,96,49152,512,1,0,1,1,2,3,24
sm_89,96,49152,1024,0,0,0,0,2,1,24
sm_89,96,49152,1024,1,0,0,0,2,1,24
sm_89,96,98304,32,0,0,1,20,1,48,24
sm_89,96,98304,32,1,0,1,20,1,48,24
sm_89,96,98304,96,0,0,1,6,1,16,24
sm_89,96,98304,96,1,0,1,6,1,16,24
sm_89,96,98304,128,0,0,1,5,1,12,24
sm_89,96,98304,128,1,0,1,5,1,12,24
sm_89,96,98304,256,0,0,1,2,1,6,24
sm_89,96,98304,256,1,0,1,2,1,6,24
sm_89,96,98304,384,0,0,1,1,1,4,24
sm_89,96,98304,384,1,0,1,1,1,4,24
sm_89,96,98304,512,0,0,1,1,1,3,24
sm_89,96,98304,512,1,0,1,1,1,3,24
sm_89,96,98304,1024,0,0,0,0,1,1,24
sm_89,96,98304,1024,1,0,0,0,1,1,24
sm_89,96,200000,32,0,0,0,20,0,48,24
sm_89,96,200000,32,1,0,0,20,0,48,24
sm_89,96,200000,96,0,0,0,6,0,16,24
sm_89,96,200000,96,1,0,0,6,0,16,24
sm_89,96,200000,128,0,0,0,5,0,12,24
sm_89,96,200000,128,1,0,0,5,0,12,24
sm_89,96,200000,256,0,0,0,2,0,6,24
sm_89,96,200000,256,1,0,0,2,0,6,24
sm_89,96,200000,384,0,0,0,1,0,4,24
sm_89,96,200000,384,1,0,0,1,0,4,24
sm_89,96,200000,512,0,0,0,1,0,3,24
sm_89,96,200000,512,1,0,0,1,0,3,24
sm_89,96,200000,1024,0,0,0,0,0,1,24
sm_89,96,200000,1024,1,0,0,0,0,1,24
sm_89,128,0,32,0,0,16,16,100,48,24
sm_89,128,0,32,1,0,16,16,100,48,24
sm_89,128,0,96,0,0,5,5,100,16,24
sm_89,128,0,96,1,0,5,5,100,16,24
sm_89,128,0,128,0,0,4,4,100,12,24
sm_89,128,0,128,1,0,4,4,100,12,24
sm_89,128,0,256,0,0,2,2,100,6,24
sm_89,128,0,256,1,0,2,2,100,6,24
sm_89,128,0,384,0,0,1,1,100,4,24
sm_89,128,0,384,1,0,1,1,100,4,24
sm_89,128,0,512,0,0,1,1,100,3,24
sm_89,128,0,512,1,0,1,1,100,3,24
sm_89,128,0,1024,0,0,0,0,100,1,24
sm_89,128,0,1024,1,0,0,0,100,1,24
sm_89,128,128,32,0,0,16,16,88,48,24
sm_89,128,128,32,1,0,16,16,88,48,24
sm_89,128,128,96,0,0,5,5,88,16,24
sm_89,128,128,96,1,0,5,5,88,16,24
sm_89,128,128,128,0,0,4,4,88,12,24
sm_89,128,128,128,1,0,4,4,88,12,24
sm_89,128,128,256,0,0,2,2,88,6,24
sm_89,128,128,256,1,0,2,2,88,6,24
sm_89,128,128,384,0,0,1,1,88,4,24
sm_89,128,128,384,1,0,1,1,88,4,24
sm_89,128,128,512,0,0,1,1,88,3,24
sm_89,128,128,512,1,0,1,1,88,3,24
sm_89,128,128,1024,0,0,0,0,88,1,24
sm_89,128,128,1024,1,0,0,0,88,1,24
sm_89,128,8192,32,0,0,11,16,11,48,24
sm_89,128,8192,32,1,0,11,16,11,48,24
sm_89,128,8192,96,0,0,5,5,11,16,24
sm_89,128,8192,96,1,0,5,5,11,16,24
sm_89,128,8192,128,0,0,4,4,11,12,24
sm_89,128,8192,128,1,0,4,4,11,12,24
sm_89,128,8192,256,0,0,2,2,11,6,24
sm_89,128,8192,256,1,0,2,2,11,6,24
sm_89,128,8192,384,0,0,1,1,11,4,24
sm_89,128,8192,384,1,0,1,1,11,4,24
sm_89,128,8192,512,0,0,1,1,11,3,24
sm_89,128,8192,512,1,0,1,1,11,3,24
sm_89,128,8192,1024,0,0,0,0,11,1,24
sm_89,128,8192,1024,1,0,0,0,11,1,24
sm_89,128,32768,32,0,0,3,16,3,48,24
sm_89,128,32768,32,1,0,3,16,3,48,24
sm_89,128,32768,96,0,0,3,5,3,16,24
sm_89,128,32768,96,1,0,3,5,3,16,24
sm_89,128,32768,128,0,0,3,4,3,12,24
sm_89,128,32768,128,1,0,3,4,3,12,24
sm_89,128,32768,256,0,0,2,2,3,6,24
sm_89,128,32768,256,1,0,2,2,3,6,24
sm_89,128,32768,384,0,0,1,1,3,4,24
sm_89,128,32768,384,1,0,1,1,3,4,24
sm_89,128,32768,512,0,0,1,1,3,3,24
sm_89,128,32768,512,1,0,1,1,3,3,24
sm_89,128,32768,1024,0,0,0,0,3,1,24
sm_89,128,32768,1024,1,0,0,0,3,1,24
sm_89,128,49152,32,0,0,2,16,2,48,24
sm_89,128,49152,32,1,0,2,16,2,48,24
sm_89,128,49152,96,0,0,2,5,2,16,24
sm_89,128,49152,96,1,0,2,5,2,16,24
sm_89,128,49152,128,0,0,2,4,2,12,24
sm_89,128,49152,128,1,0,2,4,2,12,24
sm_89,128,49152,256,0,0,2,2,2,6,24
sm_89,128,49152,256,1,0,2,2,2,6,24
sm_89,128,49152,384,0,0,1,1,2,4,24
sm_89,128,49152,384,1,0,1,1,2,4,24
sm_89,128,49152,512,0,0,1,1,2,3,24
sm_89,128,49152,512,1,0,1,1,2,3,24
sm_89,128,49152,1024,0,0,0,0,2,1,24
sm_89,128,49152,1024,1,0,0,0,2,1,24
sm_89,128,98304,32,0,0,1,16,1,48,24
sm_89,128,98304,32,1,0,1,16,1,48,24
sm_89,128,98304,96,0,0,1,5,1,16,24
sm_89,128,98304,96,1,0,1,5,1,16,24
sm_89,128,98304,128,0,0,1,4,1,12,24
sm_89,128,98304,128,1,0,1,4,1,12,24
sm_89,128,98304,256,0,0,1,2,1,6,24
sm_89,128,98304,256,1,0,1,2,1,6,24
sm_89,128,98304,384,0,0,1,1,1,4,24
sm_89,128,98304,384,1,0,1,1,1,4,24
sm_89,128,98304,512,0,0,1,1,1,3,24
sm_89,128,98304,512,1,0,1,1,1,3,24
sm_89,128,98304,1024,0,0,0,0,1,1,24
sm_89,128,98304,1024,1,0,0,0,1,1,24
sm_89,128,200000,32,0,0,0,16,0,48,24
sm_89,128,200000,32,1,0,0,16,0,48,24
sm_89,128,200000,96,0,0,0,5,0,16,24
sm_89,128,200000,96,1,0,0,5,0,16,24
sm_89,128,200000,128,0,0,0,4,0,12,24
sm_89,128,200000,128,1,0,0,4,0,12,24
sm_89,128,200000,256,0,0,0,2,0,6,24
sm_89,128,200000,256,1,0,0,2,0,6,24
sm_89,128,200000,384,0,0,0,1,0,4,24
sm_89,128,200000,384,1,0,0,1,0,4,24
sm_89,128,200000,512,0,0,0,1,0,3,24
sm_89,128,200000,512,1,0,0,1,0,3,24
sm_89,128,200000,1024,0,0,0,0,0,1,24
sm_89,128,200000,1024,1,0,0,0,0,1,24
sm_89,168,0,32,0,0,12,12,100,48,24
sm_89,168,0,32,1,0,12,12,100,48,24
sm_89,168,0,96,0,0,4,4,100,16,24
sm_89,168,0,96,1,0,4,4,100,16,24
sm_89,168,0,128,0,0,3,3,100,12,24
sm_89,168,0,128,1,0,3,3,100,12,24
sm_89,168,0,256,0,0,1,1,100,6,24
sm_89,168,0,256,1,0,1,1,100,6,24
sm_89,168,0,384,0,0,1,1,100,4,24
sm_89,168,0,384,1,0,1,1,100,4,24
sm_89,168,0,512,0,0,0,0,100,3,24
sm_89,168,0,512,1,0,0,0,100,3,24
sm_89,168,0,1024,0,0,0,0,100,1,24
sm_89,168,0,1024,1,0,0,0,100,1,24
sm_89,168,128,32,0,0,12,12,88,48,24
sm_89,168,128,32,1,0,12,12,88,48,24
sm_89,168,128,96,0,0,4,4,88,16,24
sm_89,168,128,96,1,0,4,4,88,16,24
sm_89,168,128,128,0,0,3,3,88,12,24
sm_89,168,128,128,1,0,3,3,88,12,24
sm_89,168,128,256,0,0,1,1,88,6,24
sm_89,168,128,256,1,0,1,1,88,6,24
sm_89,168,128,384,0,0,1,1,88,4,24
sm_89,168,128,384,1,0,1,1,88,4,24
sm_89,168,128,512,0,0,0,0,88,3,24
sm_89,168,128,512,1,0,0,0,88,3,24
sm_89,168,128,1024,0,0,0,0,88,1,24
sm_89,168,128,1024,1,0,0,0,88,1,24
sm_89,168,8192,32,0,0,11,12,11,48,24
sm_89,168,8192,32,1,0,11,12,11,48,24
sm_89,168,8192,96,0,0,4,4,11,16,24
sm_89,168,8192,96,1,0,4,4,11,16,24
sm_89,168,8192,128,0,0,3,3,11,12,24
sm_89,168,8192,128,1,0,3,3,11,12,24
sm_89,168,8192,256,0,0,1,1,11,6,24
sm_89,168,8192,256,1,0,1,1,11,6,24
sm_89,168,8192,384,0,0,1,1,11,4,24
sm_89,168,8192,384,1,0,1,1,11,4,24
sm_89,168,8192,512,0,0,0,0,11,3,24
sm_89,168,8192,512,1,0,0,0,11,3,24
sm_89,168,8192,1024,0,0,0,0,11,1,24
sm_89,168,8192,1024,1,0,0,0,11,1,24
sm_89,168,32768,32,0,0,3,12,3,48,24
sm_89,168,32768,32,1,0,3,12,3,48,24
sm_89,168,32768,96,0,0,3,4,3,16,24
sm_89,168,32768,96,1,0,3,4,3,16,24
sm_89,168,32768,128,0,0,3,3,3,12,24
sm_89,168,32768,128,1,0,3,3,3,12,24
sm_89,168,32768,256,0,0,1,1,3,6,24
sm_89,168,32768,256,1,0,1,1,3,6,24
sm_89,168,32768,384,0,0,1,1,3,4,24
sm_89,168,32768,384,1,0,1,1,3,4,24
sm_89,168,32768,512,0,0,0,0,3,3,24
sm_89,168,32768,512,1,0,0,0,3,3,24
sm_89,168,32768,1024,0,0,0,0,3,1,24
sm_89,168,32768,1024,1,0,0,0,3,1,24
sm_89,168,49152,32,0,0,2,12,2,48,24
sm_89,168,49152,32,1,0,2,12,2,48,24
sm_89,168,49152,96,0,0,2,4,2,16,24
sm_89,168,49152,96,1,0,2,4,2,16,24
sm_89,168,49152,128,0,0,2,3,2,12,24
sm_89,168,49152,128,1,0,2,3,2,12,24
sm_89,168,49152,256,0,0,1,1,2,6,24
sm_89,168,49152,256,1,0,1,1,2,6,24
sm_89,168,49152,384,0,0,1,1,2,4,24
sm_89,168,49152,384,1,0,1,1,2,4,24
sm_89,168,49152,512,0,0,0,0,2,3,24
sm_89,168,49152,512,1,0,0,0,2,3,24
sm_89,168,49152,1024,0,0,0,0,2,1,24
sm_89,168,49152,1024,1,0,0,0,2,1,24
sm_89,168,98304,32,0,0,1,12,1,48,24
sm_89,168,98304,32,1,0,1,12,1,48,24
sm_89,168,98304,96,0,0,1,4,1,16,24
sm_89,168,98304,96,1,0,1,4,1,16,24
sm_89,168,98304,128,0,0,1,3,1,12,24
sm_89,168,98304,128,1,0,1,3,1,12,24
sm_89,168,98304,256,0,0,1,1,1,6,24
sm_89,168,98304,256,1,0,1,1,1,6,24
sm_89,168,98304,384,0,0,1,1,1,4,24
sm_89,168,98304,384,1,0,1,1,1,4,24
sm_89,168,98304,512,0,0,0,0,1,3,24
sm_89,168,98304,512,1,0,0,0,1,3,24
sm_89,168,98304,1024,0,0,0,0,1,1,24
sm_89,168,98304,1024,1,0,0,0,1,1,24
sm_89,168,200000,32,0,0,0,12,0,48,24
sm_89,168,200000,32,1,0,0,12,0,48,24
sm_89,168,200000,96,0,0,0,4,0,16,24
sm_89,168,200000,96,1,0,0,4,0,16,24
sm_89,168,200000,128,0,0,0,3,0,12,24
sm_89,168,200000,128,1,0,0,3,0,12,24
sm_89,168,200000,256,0,0,0,1,0,6,24
sm_89,168,200000,256,1,0,0,1,0,6,24
sm_89,168,200000,384,0,0,0,1,0,4,24
sm_89,168,200000,384,1,0,0,1,0,4,24
sm_89,168,200000,512,0,0,0,0,0,3,24
sm_89,168,200000,512,1,0,0,0,0,3,24
sm_89,168,200000,1024,0,0,0,0,0,1,24
sm_89,168,200000,1024,1,0,0,0,0,1,24
sm_89,255,0,32,0,0,8,8,100,48,24
sm_89,255,0,32,1,0,8,8,100,48,24
sm_89,255,0,96,0,0,2,2,100,16,24
sm_89,255,0,96,1,0,2,2,100,16,24
sm_89,255,0,128,0,0,2,2,100,12,24
sm_89,255,0,128,1,0,2,2,100,12,24
sm_89,255,0,256,0,0,1,1,100,6,24
sm_89,255,0,256,1,0,1,1,100,6,24
sm_89,255,0,384,0,0,0,0,100,4,24
sm_89,255,0,384,1,0,0,0,100,4,24
sm_89,255,0,512,0,0,0,0,100,3,24
sm_89,255,0,512,1,0,0,0,100,3,24
sm_89,255,0,1024,0,0,0,0,100,1,24
sm_89,255,0,1024,1,0,0,0,100,1,24
sm_89,255,128,32,0,0,8,8,88,48,24
sm_89,255,128,32,1,0,8,8,88,48,24
sm_89,255,128,96,0,0,2,2,88,16,24
sm_89,255,128,96,1,0,2,2,88,16,24
sm_89,255,128,128,0,0,2,2,88,12,24
sm_89,255,128,128,1,0,2,2,88,12,24
sm_89,255,128,256,0,0,1,1,88,6,24
sm_89,255,128,256,1,0,1,1,88,6,24
sm_89,255,128,384,0,0,0,0,88,4,24
sm_89,255,128,384,1,0,0,0,88,4,24
sm_89,255,128,512,0,0,0,0,88,3,24
sm_89,255,128,512,1,0,0,0,88,3,24
sm_89,255,128,1024,0,0,0,0,88,1,24
sm_89,255,128,1024,1,0,0,0,88,1,24
sm_89,255,8192,32,0,0,8,8,11,48,24
sm_89,255,8192,32,1,0,8,8,11,48,24
sm_89,255,8192,96,0,0,2,2,11,16,24
sm_89,255,8192,96,1,0,2,2,11,16,24
sm_89,255,8192,128,0,0,2,2,11,12,24
sm_89,255,8192,128,1,0,2,2,11,12,24
sm_89,255,8192,256,0,0,1,1,11,6,24
sm_89,255,8192,256,1,0,1,1,11,6,24
sm_89,255,8192,384,0,0,0,0,11,4,24
sm_89,255,8192,384,1,0,0,0,11,4,24
sm_89,255,8192,512,0,0,0,0,11,3,24
sm_89,255,8192,512,1,0,0,0,11,3,24
sm_89,255,8192,1024,0,0,0,0,11,1,24
sm_89,255,8192,1024,1,0,0,0,11,1,24
sm_89,255,32768,32,0,0,3,8,3,48,24
sm_89,255,32768,32,1,0,3,8,3,48,24
sm_89,255,32768,96,0,0,2,2,3,16,24
sm_89,255,32768,96,1,0,2,2,3,16,24
sm_89,255,32768,128,0,0,2,2,3,12,24
sm_89,255,32768,128,1,0,2,2,3,12,24
sm_89,255,32768,256,0,0,1,1,3,6,24
sm_89,255,32768,256,1,0,1,1,3,6,24
sm_89,255,32768,384,0,0,0,0,3,4,24
sm_89,255,32768,384,1,0,0,0,3,4,24
sm_89,255,32768,512,0,0,0,0,3,3,24
sm_89,255,32768,512,1,0,0,0,3,3,24
sm_89,255,32768,1024,0,0,0,0,3,1,24
sm_89,255,32768,1024,1,0,0,0,3,1,24
sm_89,255,49152,32,0,0,2,8,2,48,24
sm_89,255,49152,32,1,0,2,8,2,48,24
sm_89,255,49152,96,0,0,2,2,2,16,24
sm_89,255,49152,96,1,0,2,2,2,16,24
sm_89,255,49152,128,0,0,2,2,2,12,24
sm_89,255,49152,128,1,0,2,2,2,12,24
sm_89,255,49152,256,0,0,1,1,2,6,24
sm_89,255,49152,256,1,0,1,1,2,6,24
sm_89,255,49152,384,0,0,0,0,2,4,24
sm_89,255,49152,384,1,0,0,0,2,4,24
sm_89,255,49152,512,0,0,0,0,2,3,24
sm_89,255,49152,512,1,0,0,0,2,3,24
sm_89,255,49152,1024,0,0,0,0,2,1,24
sm_89,255,49152,1024,1,0,0,0,2,1,24
sm_89,255,98304,32,0,0,1,8,1,48,24
sm_89,255,98304,32,1,0,1,8,1,48,24
sm_89,255,98304,96,0,0,1,2,1,16,24
sm_89,255,98304,96,1,0,1,2,1,16,24
sm_89,255,98304,128,0,0,1,2,1,12,24
sm_89,255,98304,128,1,0,1,2,1,12,24
sm_89,255,98304,256,0,0,1,1,1,6,24
sm_89,255,98304,256,1,0,1,1,1,6,24
sm_89,255,98304,384,0,0,0,0,1,4,24
sm_89,255,98304,384,1,0,0,0,1,4,24
sm_89,255,98304,512,0,0,0,0,1,3,24
sm_89,255,98304,512,1,0,0,0,1,3,24
sm_89,255,98304,1024,0,0,0,0,1,1,24
sm_89,255,98304,1024,1,0,0,0,1,1,24
sm_89,255,200000,32,0,0,0,8,0,48,24
sm_89,255,200000,32,1,0,0,8,0,48,24
sm_89,255,200000,96,0,0,0,2,0,16,24
sm_89,255,200000,96,1,0,0,2,0,16,24
sm_89,255,200000,128,0,0,0,2,0,12,24
sm_89,255,200000,128,1,0,0,2,0,12,24
sm_89,255,200000,256,0,0,0,1,0,6,24
sm_89,255,200000,256,1,0,0,1,0,6,24
sm_89,255,200000,384,0,0,0,0,0,4,24
sm_89,255,200000,384,1,0,0,0,0,4,24
sm_89,255,200000,512,0,0,0,0,0,3,24
sm_89,255,200000,512,1,0,0,0,0,3,24
sm_89,255,200000,1024,0,0,0,0,0,1,24
sm_89,255,200000,1024,1,0,0,0,0,1,24
sm_90a,16,0,32,0,0,32,128,228,64,32
sm_90a,16,0,32,1,0,32,128,228,64,32
sm_90a,16,0,96,0,0,21,42,228,21,32
sm_90a,16,0,96,1,0,21,42,228,21,32
sm_90a,16,0,128,0,0,16,32,228,16,32
sm_90a,16,0,128,1,0,16,32,228,16,32
sm_90a,16,0,256,0,0,8,16,228,8,32
sm_90a,16,0,256,1,0,8,16,228,8,32
sm_90a,16,0,384,0,0,5,10,228,5,32
sm_90a,16,0,384,1,0,5,10,228,5,32
sm_90a,16,0,512,0,0,4,8,228,4,32
sm_90a,16,0,512,1,0,4,8,228,4,32
sm_90a,16,0,1024,0,0,2,4,228,2,32
sm_90a,16,0,1024,1,0,2,4,228,2,32
sm_90a,16,128,32,0,0,32,128,202,64,32
sm_90a,16,128,32,1,0,32,128,202,64,32
sm_90a,16,128,96,0,0,21,42,202,21,32
sm_90a,16,128,96,1,0,21,42,202,21,32
sm_90a,16,128,128,0,0,16,32,202,16,32
sm_90a,16,128,128,1,0,16,32,202,16,32
sm_90a,16,128,256,0,0,8,16,202,8,32
sm_90a,16,128,256,1,0,8,16,202,8,32
sm_90a,16,128,384,0,0,5,10,202,5,32
sm_90a,16,128,384,1,0,5,10,202,5,32
sm_90a,16,128,512,0,0,4,8,202,4,32
sm_90a,16,128,512,1,0,4,8,202,4,32
sm_90a,16,128,1024,0,0,2,4,202,2,32
sm_90a,16,128,1024,1,0,2,4,202,2,32
sm_90a,16,8192,32,0,0,25,128,25,64,32
sm_90a,16,8192,32,1,0,25,128,25,64,32
sm_90a,16,8192,96,0,0,21,42,25,21,32
sm_90a,16,8192,96,1,0,21,42,25,21,32
sm_90a,16,8192,128,0,0,16,32,25,16,32
sm_90a,16,8192,128,1,0,16,32,25,16,32
sm_90a,16,8192,256,0,0,8,16,25,8,32
sm_90a,16,8192,256,1,0,8,16,25,8,32
sm_90a,16,8192,384,0,0,5,10,25,5,32
sm_90a,16,8192,384,1,0,5,10,25,5,32
sm_90a,16,8192,512,0,0,4,8,25,4,32
sm_90a,16,8192,512,1,0,4,8,25,4,32
sm_90a,16,8192,1024,0,0,2,4,25,2,32
sm_90a,16,8192,1024,1,0,2,4,25,2,32
sm_90a,16,32768,32,0,0,6,128,6,64,32
sm_90a,16,32768,32,1,0,6,128,6,64,32
sm_90a,16,32768,96,0,0,6,42,6,21,32
sm_90a,16,32768,96,1,0,6,42,6,21,32
sm_90a,16,32768,128,0,0,6,32,6,16,32
sm_90a,16,32768,128,1,0,6,32,6,16,32
sm_90a,16,32768,256,0,0,6,16,6,8,32
sm_90a,16,32768,256,1,0,6,16,6,8,32
sm_90a,16,32768,384,0,0,5,10,6,5,32
sm_90a,16,32768,384,1,0,5,10,6,5,32
sm_90a,16,32768,512,0,0,4,8,6,4,32
sm_90a,16,32768,512,1,0,4,8,6,4,32
sm_90a,16,32768,1024,0,0,2,4,6,2,32
sm_90a,16,32768,1024,1,0,2,4,6,2,32
sm_90a,16,49152,32,0,0,4,128,4,64,32
sm_90a,16,49152,32,1,0,4,128,4,64,32
sm_90a,16,49152,96,0,0,4,42,4,21,32
sm_90a,16,49152,96,1,0,4,42,4,21,32
sm_90a,16,49152,128,0,0,4,32,4,16,32
sm_90a,16,49152,128,1,0,4,32,4,16,32
sm_90a,16,49152,256,0,0,4,16,4,8,32
sm_90a,16,49152,256,1,0,4,16,4,8,32
sm_90a,16,49152,384,0,0,4,10,4,5,32
sm_90a,16,49152,384,1,0,4,10,4,5,32
sm_90a,16,49152,512,0,0,4,8,4,4,32
sm_90a,16,49152,512,1,0,4,8,4,4,32
sm_90a,16,49152,1024,0,0,2,4,4,2,32
sm_90a,16,49152,1024,1,0,2,4,4,2,32
sm_90a,16,98304,32,0,0,2,128,2,64,32
sm_90a,16,98304,32,1,0,2,128,2,64,32
sm_90a,16,98304,96,0,0,2,42,2,21,32
sm_90a,16,98304,96,1,0,2,42,2,21,32
sm_90a,16,98304,128,0,0,2,32,2,16,32
sm_90a,16,98304,128,1,0,2,32,2,16,32
sm_90a,16,98304,256,0,0,2,16,2,8,32
sm_90a,16,98304,256,1,0,2,16,2,8,32
sm_90a,16,98304,384,0,0,2,10,2,5,32
sm_90a,16,98304,384,1,0,2,10,2,5,32
sm_90a,16,98304,512,0,0,2,8,2,4,32
sm_90a,16,98304,512,1,0,2,8,2,4,32
sm_90a,16,98304,1024,0,0,2,4,2,2,32
sm_90a,16,98304,1024,1,0,2,4,2,2,32
sm_90a,16,200000,32,0,0,1,128,1,64,32
sm_90a,16,200000,32,1,0,1,128,1,64,32
sm_90a,16,200000,96,0,0,1,42,1,21,32
sm_90a,16,200000,96,1,0,1,42,1,21,32
sm_90a,16,200000,128,0,0,1,32,1,16,32
sm_90a,16,200000,128,1,0,1,32,1,16,32
sm_90a,16,200000,256,0,0,1,16,1,8,32
sm_90a,16,200000,256,1,0,1,16,1,8,32
sm_90a,16,200000,384,0,0,1,10,1,5,32
sm_90a,16,200000,384,1,0,1,10,1,5,32
sm_90a,16,200000,512,0,0,1,8,1,4,32
sm_90a,16,200000,512,1,0,1,8,1,4,32
sm_90a,16,200000,1024,0,0,1,4,1,2,32
sm_90a,16,200000,1024,1,0,1,4,1,2,32
sm_90a,32,0,32,0,0,32,64,228,64,32
sm_90a,32,0,32,1,0,32,64,228,64,32
sm_90a,32,0,96,0,0,21,21,228,21,32
sm_90a,32,0,96,1,0,21,21,228,21,32
sm_90a,32,0,128,0,0,16,16,228,16,32
sm_90a,32,0,128,1,0,16,16,228,16,32
sm_90a,32,0,256,0,0,8,8,228,8,32
sm_90a,32,0,256,1,0,8,8,228,8,32
sm_90a,32,0,384,0,0,5,5,228,5,32
sm_90a,32,0,384,1,0,5,5,228,5,32
sm_90a,32,0,512,0,0,4,4,228,4,32
sm_90a,32,0,512,1,0,4,4,228,4,32
sm_90a,32,0,1024,0,0,2,2,228,2,32
sm_90a,32,0,1024,1,0,2,2,228,2,32
sm_90a,32,128,32,0,0,32,64,202,64,32
sm_90a,32,128,32,1,0,32,64,202,64,32
sm_90a,32,128,96,0,0,21,21,202,21,32
sm_90a,32,128,96,1,0,21,21,202,21,32
sm_90a,32,128,128,0,0,16,16,202,16,32
sm_90a,32,128,128,1,0,16,16,202,16,32
sm_90a,32,128,256,0,0,8,8,202,8,32
sm_90a,32,128,256,1,0,8,8,202,8,32
sm_90a,32,128,384,0,0,5,5,202,5,32
sm_90a,32,128,384,1,0,5,5,202,5,32
sm_90a,32,128,512,0,0,4,4,202,4,32
sm_90a,32,128,512,1,0,4,4,202,4,32
sm_90a,32,128,1024,0,0,2,2,202,2,32
sm_90a,32,128,1024,1,0,2,2,202,2,32
sm_90a,32,8192,32,0,0,25,64,25,64,32
sm_90a,32,8192,32,1,0,25,64,25,64,32
sm_90a,32,8192,96,0,0,21,21,25,21,32
sm_90a,32,8192,96,1,0,21,21,25,21,32
sm_90a,32,8192,128,0,0,16,16,25,16,32
sm_90a,32,8192,128,1,0,16,16,25,16,32
sm_90a,32,8192,256,0,0,8,8,25,8,32
sm_90a,32,8192,256,1,0,8,8,25,8,32
sm_90a,32,8192,384,0,0,5,5,25,5,32
sm_90a,32,8192,384,1,0,5,5,25,5,32
sm_90a,32,8192,512,0,0,4,4,25,4,32
sm_90a,32,8192,512,1,0,4,4,25,4,32
sm_90a,32,8192,1024,0,0,2,2,25,2,32
sm_90a,32,8192,1024,1,0,2,2,25,2,32
sm_90a,32,32768,32,0,0,6,64,6,64,32
sm_90a,32,32768,32,1,0,6,64,6,64,32
sm_90a,32,32768,96,0,0,6,21,6,21,32
sm_90a,32,32768,96,1,0,6,21,6,21,32
sm_90a,32,32768,128,0,0,6,16,6,16,32
sm_90a,32,32768,128,1,0,6,16,6,16,32
sm_90a,32,32768,256,0,0,6,8,6,8,32
sm_90a,32,32768,256,1,0,6,8,6,8,32
sm_90a,32,32768,384,0,0,5,5,6,5,32
sm_90a,32,32768,384,1,0,5,5,6,5,32
sm_90a,32,32768,512,0,0,4,4,6,4,32
sm_90a,32,32768,512,1,0,4,4,6,4,32
sm_90a,32,32768,1024,0,0,2,2,6,2,32
sm_90a,32,32768,1024,1,0,2,2,6,2,32
sm_90a,32,49152,32,0,0,4,64,4,64,32
sm_90a,32,49152,32,1,0,4,64,4,64,32
sm_90a,32,49152,96,0,0,4,21,4,21,32
sm_90a,32,49152,96,1,0,4,21,4,21,32
sm_90a,32,49152,128,0,0,4,16,4,16,32
sm_90a,32,49152,128,1,0,4,16,4,16,32
sm_90a,32,49152,256,0,0,4,8,4,8,32
sm_90a,32,49152,256,1,0,4,8,4,8,32
sm_90a,32,49152,384,0,0,4,5,4,5,32
sm_90a,32,49152,384,1,0,4,5,4,5,32
sm_90a,32,49152,512,0,0,4,4,4,4,32
sm_90a,32,49152,512,1,0,4,4,4,4,32
sm_90a,32,49152,1024,0,0,2,2,4,2,32
sm_90a,32,49152,1024,1,0,2,2,4,2,32
sm_90a,32,98304,32,0,0,2,64,2,64,32
sm_90a,32,98304,32,1,0,2,64,2,64,32
sm_90a,32,98304,96,0,0,2,21,2,21,32
sm_90a,32,98304,96,1,0,2,21,2,21,32
sm_90a,32,98304,128,0,0,2,16,2,16,32
sm_90a,32,98304,128,1,0,2,16,2,16,32
sm_90a,32,98304,256,0,0,2,8,2,8,32
sm_90a,32,98304,256,1,0,2,8,2,8,32
sm_90a,32,98304,384,0,0,2,5,2,5,32
sm_90a,32,98304,384,1,0,2,5,2,5,32
sm_90a,32,98304,512,0,0,2,4,2,4,32
sm_90a,32,98304,512,1,0,2,4,2,4,32
sm_90a,32,98304,1024,0,0,2,2,2,2,32
sm_90a,32,98304,1024,1,0,2,2,2,2,32
sm_90a,32,200000,32,0,0,1,64,1,64,32
sm_90a,32,200000,32,1,0,1,64,1,64,32
sm_90a,32,200000,96,0,0,1,21,1,21,32
sm_90a,32,200000,96,1,0,1,21,1,21,32
sm_90a,32,200000,128,0,0,1,16,1,16,32
sm_90a,32,200000,128,1,0,1,16,1,16,32
sm_90a,32,200000,256,0,0,1,8,1,8,32
sm_90a,32,200000,256,1,0,1,8,1,8,32
sm_90a,32,200000,384,0,0,1,5,1,5,32
sm_90a,32,200000,384,1,0,1,5,1,5,32
sm_90a,32,200000,512,0,0,1,4,1,4,32
sm_90a,32,200000,512,1,0,1,4,1,4,32
sm_90a,32,200000,1024,0,0,1,2,1,2,32
sm_90a,32,200000,1024,1,0,1,2,1,2,32
sm_90a,40,0,32,0,0,32,48,228,64,32
sm_90a,40,0,32,1,0,32,48,228,64,32
sm_90a,40,0,96,0,0,16,16,228,21,32
sm_90a,40,0,96,1,0,16,16,228,21,32
sm_90a,40,0,128,0,0,12,12,228,16,32
sm_90a,40,0,128,1,0,12,12,228,16,32
sm_90a,40,0,256,0,0,6,6,228,8,32
sm_90a,40,0,256,1,0,6,6,228,8,32
sm_90a,40,0,384,0,0,4,4,228,5,32
sm_90a,40,0,384,1,0,4,4,228,5,32
sm_90a,40,0,512,0,0,3,3,228,4,32
sm_90a,40,0,512,1,0,3,3,228,4,32
sm_90a,40,0,1024,0,0,1,1,228,2,32
sm_90a,40,0,1024,1,0,1,1,228,2,32
sm_90a,40,128,32,0,0,32,48,202,64,32
sm_90a,40,128,32,1,0,32,48,202,64,32
sm_90a,40,128,96,0,0,16,16,202,21,32
sm_90a,40,128,96,1,0,16,16,202,21,32
sm_90a,40,128,128,0,0,12,12,202,16,32
sm_90a,40,128,128,1,0,12,12,202,16,32
sm_90a,40,128,256,0,0,6,6,202,8,32
sm_90a,40,128,256,1,0,6,6,202,8,32
sm_90a,40,128,384,0,0,4,4,202,5,32
sm_90a,40,128,384,1,0,4,4,202,5,32
sm_90a,40,128,512,0,0,3,3,202,4,32
sm_90a,40,128,512,1,0,3,3,202,4,32
sm_90a,40,128,1024,0,0,1,1,202,2,32
sm_90a,40,128,1024,1,0,1,1,202,2,32
sm_90a,40,8192,32,0,0,25,48,25,64,32
sm_90a,40,8192,32,1,0,25,48,25,64,32
sm_90a,40,8192,96,0,0,16,16,25,21,32
sm_90a,40,8192,96,1,0,16,16,25,21,32
sm_90a,40,8192,128,0,0,12,12,25,16,32
sm_90a,40,8192,128,1,0,12,12,25,16,32
sm_90a,40,8192,256,0,0,6,6,25,8,32
sm_90a,40,8192,256,1,0,6,6,25,8,32
sm_90a,40,8192,384,0,0,4,4,25,5,32
sm_90a,40,8192,384,1,0,4,4,25,5,32
sm_90a,40,8192,512,0,0,3,3,25,4,32
sm_90a,40,8192,512,1,0,3,3,25,4,32
sm_90a,40,8192,1024,0,0,1,1,25,2,32
sm_90a,40,8192,1024,1,0,1,1,25,2,32
sm_90a,40,32768,32,0,0,6,48,6,64,32
sm_90a,40,32768,32,1,0,6,48,6,64,32
sm_90a,40,32768,96,0,0,6,16,6,21,32
sm_90a,40,32768,96,1,0,6,16,6,21,32
sm_90a,40,32768,128,0,0,6,12,6,16,32
sm_90a,40,32768,128,1,0,6,12,6,16,32
sm_90a,40,32768,256,0,0,6,6,6,8,32
sm_90a,40,32768,256,1,0,6,6,6,8,32
sm_90a,40,32768,384,0,0,4,4,6,5,32
sm_90a,40,32768,384,1,0,4,4,6,5,32
sm_90a,40,32768,512,0,0,3,3,6,4,32
sm_90a,40,32768,512,1,0,3,3,6,4,32
sm_90a,40,32768,1024,0,0,1,1,6,2,32
sm_90a,40,32768,1024,1,0,1,1,6,2,32
sm_90a,40,49152,32,0,0,4,48,4,64,32
sm_90a,40,49152,32,1,0,4,48,4,64,32
sm_90a,40,49152,96,0,0,4,16,4,21,32
sm_90a,40,49152,96,1,0,4,16,4,21,32
sm_90a,40,49152,128,0,0,4,12,4,16,32
sm_90a,40,49152,128,1,0,4,12,4,16,32
sm_90a,40,49152,256,0,0,4,6,4,8,32
sm_90a,40,49152,256,1,0,4,6,4,8,32
sm_90a,40,49152,384,0,0,4,4,4,5,32
sm_90a,40,49152,384,1,0,4,4,4,5,32
sm_90a,40,49152,512,0,0,3,3,4,4,32
sm_90a,40,49152,512,1,0,3,3,4,4,32
sm_90a,40,49152,1024,0,0,1,1,4,2,32
sm_90a,40,49152,1024,1,0,1,1,4,2,32
sm_90a,40,98304,32,0,0,2,48,2,64,32
sm_90a,40,98304,32,1,0,2,48,2,64,32
sm_90a,40,98304,96,0,0,2,16,2,21,32
sm_90a,40,98304,96,1,0,2,16,2,21,32
sm_90a,40,98304,128,0,0,2,12,2,16,32
sm_90a,40,98304,128,1,0,2,12,2,16,32
sm_90a,40,98304,256,0,0,2,6,2,8,32
sm_90a,40,98304,256,1,0,2,6,2,8,32
sm_90a,40,98304,384,0,0,2,4,2,5,32
sm_90a,40,98304,384,1,0,2,4,2,5,32
sm_90a,40,98304,512,0,0,2,3,2,4,32
sm_90a,40,98304,512,1,0,2,3,2,4,32
sm_90a,40,98304,1024,0,0,1,1,2,2,32
sm_90a,40,98304,1024,1,0,1,1,2,2,32
sm_90a,40,200000,32,0,0,1,48,1,64,32
sm_90a,40,200000,32,1,0,1,48,1,64,32
sm_90a,40,200000,96,0,0,1,16,1,21,32
sm_90a,40,200000,96,1,0,1,16,1,21,32
sm_90a,40,200000,128,0,0,1,12,1,16,32
sm_90a,40,200000,128,1,0,1,12,1,16,32
sm_90a,40,200000,256,0,0,1,6,1,8,32
sm_90a,40,200000,256,1,0,1,6,1,8,32
sm_90a,40,200000,384,0,0,1,4,1,5,32
sm_90a,40,200000,384,1,0,1,4,1,5,32
sm_90a,40,200000,512,0,0,1,3,1,4,32
sm_90a,40,200000,512,1,0,1,3,1,4,32
sm_90a,40,200000,1024,0,0,1,1,1,2,32
sm_90a,40,200000,1024,1,0,1,1,1,2,32
sm_90a,64,0,32,0,0,32,32,228,64,32
sm_90a,64,0,32,1,0,32,32,228,64,32
sm_90a,64,0,96,0,0,10,10,228,21,32
sm_90a,64,0,96,1,0,10,10,228,21,32
sm_90a,64,0,128,0,0,8,8,228,16,32
sm_90a,64,0,128,1,0,8,8,228,16,32
sm_90a,64,0,256,0,0,4,4,228,8,32
sm_90a,64,0,256,1,0,4,4,228,8,32
sm_90a,64,0,384,0,0,2,2,228,5,32
sm_90a,64,0,384,1,0,2,2,228,5,32
sm_90a,64,0,512,0,0,2,2,228,4,32
sm_90a,64,0,512,1,0,2,2,228,4,32
sm_90a,64,0,1024,0,0,1,1,228,2,32
sm_90a,64,0,1024,1,0,1,1,228,2,32
sm_90a,64,128,32,0,0,32,32,202,64,32
sm_90a,64,128,32,1,0,32,32,202,64,32
sm_90a,64,128,96,0,0,10,10,202,21,32
sm_90a,64,128,96,1,0,10,10,202,21,32
sm_90a,64,128,128,0,0,8,8,202,16,32
sm_90a,64,128,128,1,0,8,8,202,16,32
sm_90a,64,128,256,0,0,4,4,202,8,32
sm_90a,64,128,256,1,0,4,4,202,8,32
sm_90a,64,128,384,0,0,2,2,202,5,32
sm_90a,64,128,384,1,0,2,2,202,5,32
sm_90a,64,128,512,0,0,2,2,202,4,32
sm_90a,64,128,512,1,0,2,2,202,4,32
sm_90a,64,128,1024,0,0,1,1,202,2,32
sm_90a,64,128,1024,1,0,1,1,202,2,32
sm_90a,64,8192,32,0,0,25,32,25,64,32
sm_90a,64,8192,32,1,0,25,32,25,64,32
sm_90a,64,8192,96,0,0,10,10,25,21,32
sm_90a,64,8192,96,1,0,10,10,25,21,32
sm_90a,64,8192,128,0,0,8,8,25,16,32
sm_90a,64,8192,128,1,0,8,8,25,16,32
sm_90a,64,8192,256,0,0,4,4,25,8,32
sm_90a,64,8192,256,1,0,4,4,25,8,32
sm_90a,64,8192,384,0,0,2,2,25,5,32
sm_90a,64,8192,384,1,0,2,2,25,5,32
sm_90a,64,8192,512,0,0,2,2,25,4,32
sm_90a,64,8192,512,1,0,2,2,25,4,32
sm_90a,64,8192,1024,0,0,1,1,25,2,32
sm_90a,64,8192,1024,1,0,1,1,25,2,32
sm_90a,64,32768,32,0,0,6,32,6,64,32
sm_90a,64,32768,32,1,0,6,32,6,64,32
sm_90a,64,32768,96,0,0,6,10,6,21,32
sm_90a,64,32768,96,1,0,6,10,6,21,32
sm_90a,64,32768,128,0,0,6,8,6,16,32
sm_90a,64,32768,128,1,0,6,8,6,16,32
sm_90a,64,32768,256,0,0,4,4,6,8,32
sm_90a,64,32768,256,1,0,4,4,6,8,32
sm_90a,64,32768,384,0,0,2,2,6,5,32
sm_90a,64,32768,384,1,0,2,2,6,5,32
sm_90a,64,32768,512,0,0,2,2,6,4,32
sm_90a,64,32768,512,1,0,2,2,6,4,32
sm_90a,64,32768,1024,0,0,1,1,6,2,32
sm_90a,64,32768,1024,1,0,1,1,6,2,32
sm_90a,64,49152,32,0,0,4,32,4,64,32
sm_90a,64,49152,32,1,0,4,32,4,64,32
sm_90a,64,49152,96,0,0,4,10,4,21,32
sm_90a,64,49152,96,1,0,4,10,4,21,32
sm_90a,64,49152,128,0,0,4,8,4,16,32
sm_90a,64,49152,128,1,0,4,8,4,16,32
sm_90a,64,49152,256,0,0,4,4,4,8,32
sm_90a,64,49152,256,1,0,4,4,4,8,32
sm_90a,64,49152,384,0,0,2,2,4,5,32
sm_90a,64,49152,384,1,0,2,2,4,5,32
sm_90a,64,49152,512,0,0,2,2,4,4,32
sm_90a,64,49152,512,1,0,2,2,4,4,32
sm_90a,64,49152,1024,0,0,1,1,4,2,32
sm_90a,64,49152,1024,1,0,1,1,4,2,32
sm_90a,64,98304,32,0,0,2,32,2,64,32
sm_90a,64,98304,32,1,0,2,32,2,64,32
sm_90a,64,98304,96,0,0,2,10,2,21,32
sm_90a,64,98304,96,1,0,2,10,2,21,32
sm_90a,64,98304,128,0,0,2,8,2,16,32
sm_90a,64,98304,128,1,0,2,8,2,16,32
sm_90a,64,98304,256,0,0,2,4,2,8,32
sm_90a,64,98304,256,1,0,2,4,2,8,32
sm_90a,64,98304,384,0,0,2,2,2,5,32
sm_90a,64,98304,384,1,0,2,2,2,5,32
sm_90a,64,98304,512,0,0,2,2,2,4,32
sm_90a,64,98304,512,1,0,2,2,2,4,32
sm_90a,64,98304,1024,0,0,1,1,2,2,32
sm_90a,64,98304,1024,1,0,1,1,2,2,32
sm_90a,64,200000,32,0,0,1,32,1,64,32
sm_90a,64,200000,32,1,0,1,32,1,64,32
sm_90a,64,200000,96,0,0,1,10,1,21,32
sm_90a,64,200000,96,1,0,1,10,1,21,32
sm_90a,64,200000,128,0,0,1,8,1,16,32
sm_90a,64,200000,128,1,0,1,8,1,16,32
sm_90a,64,200000,256,0,0,1,4,1,8,32
sm_90a,64,200000,256,1,0,1,4,1,8,32
sm_90a,64,200000,384,0,0,1,2,1,5,32
sm_90a,64,200000,384,1,0,1,2,1,5,32
sm_90a,64,200000,512,0,0,1,2,1,4,32
sm_90a,64,200000,512,1,0,1,2,1,4,32
sm_90a,64,200000,1024,0,0,1,1,1,2,32
sm_90a,64,200000,1024,1,0,1,1,1,2,32
sm_90a,72,0,32,0,0,28,28,228,64,32
sm_90a,72,0,32,1,0,28,28,228,64,32
sm_90a,72,0,96,0,0,9,9,228,21,32
sm_90a,72,0,96,1,0,9,9,228,21,32
sm_90a,72,0,128,0,0,7,7,228,16,32
sm_90a,72,0,128,1,0,7,7,228,16,32
sm_90a,72,0,256,0,0,3,3,228,8,32
sm_90a,72,0,256,1,0,3,3,228,8,32
sm_90a,72,0,384,0,0,2,2,228,5,32
sm_90a,72,0,384,1,0,2,2,228,5,32
sm_90a,72,0,512,0,0,1,1,228,4,32
sm_90a,72,0,512,1,0,1,1,228,4,32
sm_90a,72,0,1024,0,0,0,0,228,2,32
sm_90a,72,0,1024,1,0,0,0,228,2,32
sm_90a,72,128,32,0,0,28,28,202,64,32
sm_90a,72,128,32,1,0,28,28,202,64,32
sm_90a,72,128,96,0,0,9,9,202,21,32
sm_90a,72,128,96,1,0,9,9,202,21,32
sm_90a,72,128,128,0,0,7,7,202,16,32
sm_90a,72,128,128,1,0,7,7,202,16,32
sm_90a,72,128,256,0,0,3,3,202,8,32
sm_90a,72,128,256,1,0,3,3,202,8,32
sm_90a,72,128,384,0,0,2,2,202,5,32
sm_90a,72,128,384,1,0,2,2,202,5,32
sm_90a,72,128,512,0,0,1,1,202,4,32
sm_90a,72,128,512,1,0,1,1,202,4,32
sm_90a,72,128,1024,0,0,0,0,202,2,32
sm_90a,72,128,1024,1,0,0,0,202,2,32
sm_90a,72,8192,32,0,0,25,28,25,64,32
sm_90a,72,8192,32,1,0,25,28,25,64,32
sm_90a,72,8192,96,0,0,9,9,25,21,32
sm_90a,72,8192,96,1,0,9,9,25,21,32
sm_90a,72,8192,128,0,0,7,7,25,16,32
sm_90a,72,8192,128,1,0,7,7,25,16,32
sm_90a,72,8192,256,0,0,3,3,25,8,32
sm_90a,72,8192,256,1,0,3,3,25,8,32
sm_90a,72,8192,384,0,0,2,2,25,5,32
sm_90a,72,8192,384,1,0,2,2,25,5,32
sm_90a,72,8192,512,0,0,1,1,25,4,32
sm_90a,72,8192,512,1,0,1,1,25,4,32
sm_90a,72,8192,1024,0,0,0,0,25,2,32
sm_90a,72,8192,1024,1,0,0,0,25,2,32
sm_90a,72,32768,32,0,0,6,28,6,64,32
sm_90a,72,32768,32,1,0,6,28,6,64,32
sm_90a,72,32768,96,0,0,6,9,6,21,32
sm_90a,72,32768,96,1,0,6,9,6,21,32
sm_90a,72,32768,128,0,0,6,7,6,16,32
sm_90a,72,32768,128,1,0,6,7,6,16,32
sm_90a,72,32768,256,0,0,3,3,6,8,32
sm_90a,72,32768,256,1,0,3,3,6,8,32
sm_90a,72,32768,384,0,0,2,2,6,5,32
sm_90a,72,32768,384,1,0,2,2,6,5,32
sm_90a,72,32768,512,0,0,1,1,6,4,32
sm_90a,72,32768,512,1,0,1,1,6,4,32
sm_90a,72,32768,1024,0,0,0,0,6,2,32
sm_90a,72,32768,1024,1,0,0,0,6,2,32
sm_90a,72,49152,32,0,0,4,28,4,64,32
sm_90a,72,49152,32,1,0,4,28,4,64,32
sm_90a,72,49152,96,0,0,4,9,4,21,32
sm_90a,72,49152,96,1,0,4,9,4,21,32
sm_90a,72,49152,128,0,0,4,7,4,16,32
sm_90a,72,49152,128,1,0,4,7,4,16,32
sm_90a,72,49152,256,0,0,3,3,4,8,32
sm_90a,72,49152,256,1,0,3,3,4,8,32
sm_90a,72,49152,384,0,0,2,2,4,5,32
sm_90a,72,49152,384,1,0,2,2,4,5,32
sm_90a,72,49152,512,0,0,1,1,4,4,32
sm_90a,72,49152,512,1,0,1,1,4,4,32
sm_90a,72,49152,1024,0,0,0,0,4,2,32
sm_90a,72,49152,1024,1,0,0,0,4,2,32
sm_90a,72,98304,32,0,0,2,28,2,64,32
sm_90a,72,98304,32,1,0,2,28,2,64,32
sm_90a,72,98304,96,0,0,2,9,2,21,32
sm_90a,72,98304,96,1,0,2,9,2,21,32
sm_90a,72,98304,128,0,0,2,7,2,16,32
sm_90a,72,98304,128,1,0,2,7,2,16,32
sm_90a,72,98304,256,0,0,2,3,2,8,32
sm_90a,72,98304,256,1,0,2,3,2,8,32
sm_90a,72,98304,384,0,0,2,2,2,5,32
sm_90a,72,98304,384,1,0,2,2,2,5,32
sm_90a,72,98304,512,0,0,1,1,2,4,32
sm_90a,72,98304,512,1,0,1,1,2,4,32
sm_90a,72,98304,1024,0,0,0,0,2,2,32
sm_90a,72,98304,1024,1,0,0,0,2,2,32
sm_90a,72,200000,32,0,0,1,28,1,64,32
sm_90a,72,200000,32,1,0,1,28,1,64,32
sm_90a,72,200000,96,0,0,1,9,1,21,32
sm_90a,72,200000,96,1,0,1,9,1,21,32
sm_90a,72,200000,128,0,0,1,7,1,16,32
sm_90a,72,200000,128,1,0,1,7,1,16,32
sm_90a,72,200000,256,0,0,1,3,1,8,32
sm_90a,72,200000,256,1,0,1,3,1,8,32
sm_90a,72,200000,384,0,0,1,2,1,5,32
sm_90a,72,200000,384,1,0,1,2,1,5,32
sm_90a,72,200000,512,0,0,1,1,1,4,32
sm_90a,72,200000,512,1,0,1,1,1,4,32
sm_90a,72,200000,1024,0,0,0,0,1,2,32
sm_90a,72,200000,1024,1,0,0,0,1,2,32
sm_90a,96,0,32,0,0,20,20,228,64,32
sm_90a,96,0,32,1,0,20,20,228,64,32
sm_90a,96,0,96,0,0,6,6,228,21,32
sm_90a,96,0,96,1,0,6,6,228,21,32
sm_90a,96,0,128,0,0,5,5,228,16,32
sm_90a,96,0,128,1,0,5,5,228,16,32
sm_90a,96,0,256,0,0,2,2,228,8,32
sm_90a,96,0,256,1,0,2,2,228,8,32
sm_90a,96,0,384,0,0,1,1,228,5,32
sm_90a,96,0,384,1,0,1,1,228,5,32
sm_90a,96,0,512,0,0,1,1,228,4,32
sm_90a,96,0,512,1,0,1,1,228,4,32
sm_90a,96,0,1024,0,0,0,0,228,2,32
sm_90a,96,0,1024,1,0,0,0,228,2,32
sm_90a,96,128,32,0,0,20,20,202,64,32
sm_90a,96,128,32,1,0,20,20,202,64,32
sm_90a,96,128,96,0,0,6,6,202,21,32
sm_90a,96,128,96,1,0,6,6,202,21,32
sm_90a,96,128,128,0,0,5,5,202,16,32
sm_90a,96,128,128,1,0,5,5,202,16,32
sm_90a,96,128,256,0,0,2,2,202,8,32
sm_90a,96,128,256,1,0,2,2,202,8,32
sm_90a,96,128,384,0,0,1,1,202,5,32
sm_90a,96,128,384,1,0,1,1,202,5,32
sm_90a,96,128,512,0,0,1,1,202,4,32
sm_90a,96,128,512,1,0,1,1,202,4,32
sm_90a,96,128,1024,0,0,0,0,202,2,32
sm_90a,96,128,1024,1,0,0,0,202,2,32
sm_90a,96,8192,32,0,0,20,20,25,64,32
sm_90a,96,8192,32,1,0,20,20,25,64,32
sm_90a,96,8192,96,0,0,6,6,25,21,32
sm_90a,96,8192,96,1,0,6,6,25,21,32
sm_90a,96,8192,128,0,0,5,5,25,16,32
sm_90a,96,8192,128,1,0,5,5,25,16,32
sm_90a,96,8192,256,0,0,2,2,25,8,32
sm_90a,96,8192,256,1,0,2,2,25,8,32
sm_90a,96,8192,384,0,0,1,1,25,5,32
sm_90a,96,8192,384,1,0,1,1,25,5,32
sm_90a,96,8192,512,0,0,1,1,25,4,32
sm_90a,96,8192,512,1,0,1,1,25,4,32
sm_90a,96,8192,1024,0,0,0,0,25,2,32
sm_90a,96,8192,1024,1,0,0,0,25,2,32
sm_90a,96,32768,32,0,0,6,20,6,64,32
sm_90a,96,32768,32,1,0,6,20,6,64,32
sm_90a,96,32768,96,0,0,6,6,6,21,32
sm_90a,96,32768,96,1,0,6,6,6,21,32
sm_90a,96,32768,128,0,0,5,5,6,16,32
sm_90a,96,32768,128,1,0,5,5,6,16,32
sm_90a,96,32768,256,0,0,2,2,6,8,32
sm_90a,96,32768,256,1,0,2,2,6,8,32
sm_90a,96,32768,384,0,0,1,1,6,5,32
sm_90a,96,32768,384,1,0,1,1,6,5,32
sm_90a,96,32768,512,0,0,1,1,6,4,32
sm_90a,96,32768,512,1,0,1,1,6,4,32
sm_90a,96,32768,1024,0,0,0,0,6,2,32
sm_90a,96,32768,1024,1,0,0,0,6,2,32
sm_90a,96,49152,32,0,0,4,20,4,64,32
sm_90a,96,49152,32,1,0,4,20,4,64,32
sm_90a,96,49152,96,0,0,4,6,4,21,32
sm_90a,96,49152,96,1,0,4,6,4,21,32
sm_90a,96,49152,128,0,0,4,5,4,16,32
sm_90a,96,49152,128,1,0,4,5,4,16,32
sm_90a,96,49152,256,0,0,2,2,4,8,32
sm_90a,96,49152,256,1,0,2,2,4,8,32
sm_90a,96,49152,384,0,0,1,1,4,5,32
sm_90a,96,49152,384,1,0,1,1,4,5,32
sm_90a,96,49152,512,0,0,1,1,4,4,32
sm_90a,96,49152,512,1,0,1,1,4,4,32
sm_90a,96,49152,1024,0,0,0,0,4,2,32
sm_90a,96,49152,1024,1,0,0,0,4,2,32
sm_90a,96,98304,32,0,0,2,20,2,64,32
sm_90a,96,98304,32,1,0,2,20,2,64,32
sm_90a,96,98304,96,0,0,2,6,2,21,32
sm_90a,96,98304,96,1,0,2,6,2,21,32
sm_90a,96,98304,128,0,0,2,5,2,16,32
sm_90a,96,98304,128,1,0,2,5,2,16,32
sm_90a,96,98304,256,0,0,2,2,2,8,32
sm_90a,96,98304,256,1,0,2,2,2,8,32
sm_90a,96,98304,384,0,0,1,1,2,5,32
sm_90a,96,98304,384,1,0,1,1,2,5,32
sm_90a,96,98304,512,0,0,1,1,2,4,32
sm_90a,96,98304,512,1,0,1,1,2,4,32
sm_90a,96,98304,1024,0,0,0,0,2,2,32
sm_90a,96,98304,1024,1,0,0,0,2,2,32
sm_90a,96,200000,32,0,0,1,20,1,64,32
sm_90a,96,200000,32,1,0,1,20,1,64,32
sm_90a,96,200000,96,0,0,1,6,1,21,32
sm_90a,96,200000,96,1,0,1,6,1,21,32
sm_90a,96,200000,128,0,0,1,5,1,16,32
sm_90a,96,200000,128,1,0,1,5,1,16,32
sm_90a,96,200000,256,0,0,1,2,1,8,32
sm_90a,96,200000,256,1,0,1,2,1,8,32
sm_90a,96,200000,384,0,0,1,1,1,5,32
sm_90a,96,200000,384,1,0,1,1,1,5,32
sm_90a,96,200000,512,0,0,1,1,1,4,32
sm_90a,96,200000,512,1,0,1,1,1,4,32
sm_90a,96,200000,1024,0,0,0,0,1,2,32
sm_90a,96,200000,1024,1,0,0,0,1,2,32
sm_90a,128,0,32,0,0,16,16,228,64,32
sm_90a,128,0,32,1,0,16,16,228,64,32
sm_90a,128,0,96,0,0,5,5,228,21,32
sm_90a,128,0,96,1,0,5,5,228,21,32
sm_90a,128,0,128,0,0,4,4,228,16,32
sm_90a,128,0,128,1,0,4,4,228,16,32
sm_90a,128,0,256,0,0,2,2,228,8,32
sm_90a,128,0,256,1,0,2,2,228,8,32
sm_90a,128,0,384,0,0,1,1,228,5,32
sm_90a,128,0,384,1,0,1,1,228,5,32
sm_90a,128,0,512,0,0,1,1,228,4,32
sm_90a,128,0,512,1,0,1,1,228,4,32
sm_90a,128,0,1024,0,0,0,0,228,2,32
sm_90a,128,0,1024,1,0,0,0,228,2,32
sm_90a,128,128,32,0,0,16,16,202,64,32
sm_90a,128,128,32,1,0,16,16,202,64,32
sm_90a,128,128,96,0,0,5,5,202,21,32
sm_90a,128,128,96,1,0,5,5,202,21,32
sm_90a,128,128,128,0,0,4,4,202,16,32
sm_90a,128,128,128,1,0,4,4,202,16,32
sm_90a,128,128,256,0,0,2,2,202,8,32
sm_90a,128,128,256,1,0,2,2,202,8,32
sm_90a,128,128,384,0,0,1,1,202,5,32
sm_90a,128,128,384,1,0,1,1,202,5,32
sm_90a,128,128,512,0,0,1,1,202,4,32
sm_90a,128,128,512,1,0,1,1,202,4,32
sm_90a,128,128,1024,0,0,0,0,202,2,32
sm_90a,128,128,1024,1,0,0,0,202,2,32
sm_90a,128,8192,32,0,0,16,16,25,64,32
sm_90a,128,8192,32,1,0,16,16,25,64,32
sm_90a,128,8192,96,0,0,5,5,25,21,32
sm_90a,128,8192,96,1,0,5,5,25,21,32
sm_90a,128,8192,128,0,0,4,4,25,16,32
sm_90a,128,8192,128,1,0,4,4,25,16,32
sm_90a,128,8192,256,0,0,2,2,25,8,32
sm_90a,128,8192,256,1,0,2,2,25,8,32
sm_90a,128,8192,384,0,0,1,1,25,5,32
sm_90a,128,8192,384,1,0,1,1,25,5,32
sm_90a,128,8192,512,0,0,1,1,25,4,32
sm_90a,128,8192,512,1,0,1,1,25,4,32
sm_90a,128,8192,1024,0,0,0,0,25,2,32
sm_90a,128,8192,1024,1,0,0,0,25,2,32
sm_90a,128,32768,32,0,0,6,16,6,64,32
sm_90a,128,32768,32,1,0,6,16,6,64,32
sm_90a,128,32768,96,0,0,5,5,6,21,32
sm_90a,128,32768,96,1,0,5,5,6,21,32
sm_90a,128,32768,128,0,0,4,4,6,16,32
sm_90a,128,32768,128,1,0,4,4,6,16,32
sm_90a,128,32768,256,0,0,2,2,6,8,32
sm_90a,128,32768,256,1,0,2,2,6,8,32
sm_90a,128,32768,384,0,0,1,1,6,5,32
sm_90a,128,32768,384,1,0,1,1,6,5,32
sm_90a,128,32768,512,0,0,1,1,6,4,32
sm_90a,128,32768,512,1,0,1,1,6,4,32
sm_90a,128,32768,1024,0,0,0,0,6,2,32
sm_90a,128,32768,1024,1,0,0,0,6,2,32
sm_90a,128,49152,32,0,0,4,16,4,64,32
sm_90a,128,49152,32,1,0,4,16,4,64,32
sm_90a,128,49152,96,0,0,4,5,4,21,32
sm_90a,128,49152,96,1,0,4,5,4,21,32
sm_90a,128,49152,128,0,0,4,4,4,16,32
sm_90a,128,49152,128,1,0,4,4,4,16,32
sm_90a,128,49152,256,0,0,2,2,4,8,32
sm_90a,128,49152,256,1,0,2,2,4,8,32
sm_90a,128,49152,384,0,0,1,1,4,5,32
sm_90a,128,49152,384,1,0,1,1,4,5,32
sm_90a,128,49152,512,0,0,1,1,4,4,32
sm_90a,128,49152,512,1,0,1,1,4,4,32
sm_90a,128,49152,1024,0,0,0,0,4,2,32
sm_90a,128,49152,1024,1,0,0,0,4,2,32
sm_90a,128,98304,32,0,0,2,16,2,64,32
sm_90a,128,98304,32,1,0,2,16,2,64,32
sm_90a,128,98304,96,0,0,2,5,2,21,32
sm_90a,128,98304,96,1,0,2,5,2,21,32
sm_90a,128,98304,128,0,0,2,4,2,16,32
sm_90a,128,98304,128,1,0,2,4,2,16,32
sm_90a,128,98304,256,0,0,2,2,2,8,32
sm_90a,128,98304,256,1,0,2,2,2,8,32
sm_90a,128,98304,384,0,0,1,1,2,5,32
sm_90a,128,98304,384,1,0,1,1,2,5,32
sm_90a,128,98304,512,0,0,1,1,2,4,32
sm_90a,128,98304,512,1,0,1,1,2,4,32
sm_90a,128,98304,1024,0,0,0,0,2,2,32
sm_90a,128,98304,1024,1,0,0,0,2,2,32
sm_90a,128,200000,32,0,0,1,16,1,64,32
sm_90a,128,200000,32,1,0,1,16,1,64,32
sm_90a,128,200000,96,0,0,1,5,1,21,32
sm_90a,128,200000,96,1,0,1,5,1,21,32
sm_90a,128,200000,128,0,0,1,4,1,16,32
sm_90a,128,200000,128,1,0,1,4,1,16,32
sm_90a,128,200000,256,0,0,1,2,1,8,32
sm_90a,128,200000,256,1,0,1,2,1,8,32
sm_90a,128,200000,384,0,0,1,1,1,5,32
sm_90a,128,200000,384,1,0,1,1,1,5,32
sm_90a,128,200000,512,0,0,1,1,1,4,32
sm_90a,128,200000,512,1,0,1,1,1,4,32
sm_90a,128,200000,1024,0,0,0,0,1,2,32
sm_90a,128,200000,1024,1,0,0,0,1,2,32
sm_90a,168,0,32,0,0,12,12,228,64,32
sm_90a,168,0,32,1,0,12,12,228,64,32
sm_90a,168,0,96,0,0,4,4,228,21,32
sm_90a,168,0,96,1,0,4,4,228,21,32
sm_90a,168,0,128,0,0,3,3,228,16,32
sm_90a,168,0,128,1,0,3,3,228,16,32
sm_90a,168,0,256,0,0,1,1,228,8,32
sm_90a,168,0,256,1,0,1,1,228,8,32
sm_90a,168,0,384,0,0,1,1,228,5,32
sm_90a,168,0,384,1,0,1,1,228,5,32
sm_90a,168,0,512,0,0,0,0,228,4,32
sm_90a,168,0,512,1,0,0,0,228,4,32
sm_90a,168,0,1024,0,0,0,0,228,2,32
sm_90a,168,0,1024,1,0,0,0,228,2,32
sm_90a,168,128,32,0,0,12,12,202,64,32
sm_90a,168,128,32,1,0,12,12,202,64,32
sm_90a,168,128,96,0,0,4,4,202,21,32
sm_90a,168,128,96,1,0,4,4,202,21,32
sm_90a,168,128,128,0,0,3,3,202,16,32
sm_90a,168,128,128,1,0,3,3,202,16,32
sm_90a,168,128,256,0,0,1,1,202,8,32
sm_90a,168,128,256,1,0,1,1,202,8,32
sm_90a,168,128,384,0,0,1,1,202,5,32
sm_90a,168,128,384,1,0,1,1,202,5,32
sm_90a,168,128,512,0,0,0,0,202,4,32
sm_90a,168,128,512,1,0,0,0,202,4,32
sm_90a,168,128,1024,0,0,0,0,202,2,32
sm_90a,168,128,1024,1,0,0,0,202,2,32
sm_90a,168,8192,32,0,0,12,12,25,64,32
sm_90a,168,8192,32,1,0,12,12,25,64,32
sm_90a,168,8192,96,0,0,4,4,25,21,32
sm_90a,168,8192,96,1,0,4,4,25,21,32
sm_90a,168,8192,128,0,0,3,3,25,16,32
sm_90a,168,8192,128,1,0,3,3,25,16,32
sm_90a,168,8192,256,0,0,1,1,25,8,32
sm_90a,168,8192,256,1,0,1,1,25,8,32
sm_90a,168,8192,384,0,0,1,1,25,5,32
sm_90a,168,8192,384,1,0,1,1,25,5,32
sm_90a,168,8192,512,0,0,0,0,25,4,32
sm_90a,168,8192,512,1,0,0,0,25,4,32
sm_90a,168,8192,1024,0,0,0,0,25,2,32
sm_90a,168,8192,1024,1,0,0,0,25,2,32
sm_90a,168,32768,32,0,0,6,12,6,64,32
sm_90a,168,32768,32,1,0,6,12,6,64,32
sm_90a,168,32768,96,0,0,4,4,6,21,32
sm_90a,168,32768,96,1,0,4,4,6,21,32
sm_90a,168,32768,128,0,0,3,3,6,16,32
sm_90a,168,32768,128,1,0,3,3,6,16,32
sm_90a,168,32768,256,0,0,1,1,6,8,32
sm_90a,168,32768,256,1,0,1,1,6,8,32
sm_90a,168,32768,384,0,0,1,1,6,5,32
sm_90a,168,32768,384,1,0,1,1,6,5,32
sm_90a,168,32768,512,0,0,0,0,6,4,32
sm_90a,168,32768,512,1,0,0,0,6,4,32
sm_90a,168,32768,1024,0,0,0,0,6,2,32
sm_90a,168,32768,1024,1,0,0,0,6,2,32
sm_90a,168,49152,32,0,0,4,12,4,64,32
sm_90a,168,49152,32,1,0,4,12,4,64,32
sm_90a,168,49152,96,0,0,4,4,4,21,32
sm_90a,168,49152,96,1,0,4,4,4,21,32
sm_90a,168,49152,128,0,0,3,3,4,16,32
sm_90a,168,49152,128,1,0,3,3,4,16,32
sm_90a,168,49152,256,0,0,1,1,4,8,32
sm_90a,168,49152,256,1,0,1,1,4,8,32
sm_90a,168,49152,384,0,0,1,1,4,5,32
sm_90a,168,49152,384,1,0,1,1,4,5,32
sm_90a,168,49152,512,0,0,0,0,4,4,32
sm_90a,168,49152,512,1,0,0,0,4,4,32
sm_90a,168,49152,1024,0,0,0,0,4,2,32
sm_90a,168,49152,1024,1,0,0,0,4,2,32
sm_90a,168,98304,32,0,0,2,12,2,64,32
sm_90a,168,98304,32,1,0,2,12,2,64,32
sm_90a,168,98304,96,0,0,2,4,2,21,32
sm_90a,168,98304,96,1,0,2,4,2,21,32
sm_90a,168,98304,128,0,0,2,3,2,16,32
sm_90a,168,98304,128,1,0,2,3,2,16,32
sm_90a,168,98304,256,0,0,1,1,2,8,32
sm_90a,168,98304,256,1,0,1,1,2,8,32
sm_90a,168,98304,384,0,0,1,1,2,5,32
sm_90a,168,98304,384,1,0,1,1,2,5,32
sm_90a,168,98304,512,0,0,0,0,2,4,32
sm_90a,168,98304,512,1,0,0,0,2,4,32
sm_90a,168,98304,1024,0,0,0,0,2,2,32
sm_90a,168,98304,1024,1,0,0,0,2,2,32
sm_90a,168,200000,32,0,0,1,12,1,64,32
sm_90a,168,200000,32,1,0,1,12,1,64,32
sm_90a,168,200000,96,0,0,1,4,1,21,32
sm_90a,168,200000,96,1,0,1,4,1,21,32
sm_90a,168,200000,128,0,0,1,3,1,16,32
sm_90a,168,200000,128,1,0,1,3,1,16,32
sm_90a,168,200000,256,0,0,1,1,1,8,32
sm_90a,168,200000,256,1,0,1,1,1,8,32
sm_90a,168,200000,384,0,0,1,1,1,5,32
sm_90a,168,200000,384,1,0,1,1,1,5,32
sm_90a,168,200000,512,0,0,0,0,1,4,32
sm_90a,168,200000,512,1,0,0,0,1,4,32
sm_90a,168,200000,1024,0,0,0,0,1,2,32
sm_90a,168,200000,1024,1,0,0,0,1,2,32
sm_90a,255,0,32,0,0,8,8,228,64,32
sm_90a,255,0,32,1,0,8,8,228,64,32
sm_90a,255,0,96,0,0,2,2,228,21,32
sm_90a,255,0,96,1,0,2,2,228,21,32
sm_90a,255,0,128,0,0,2,2,228,16,32
sm_90a,255,0,128,1,0,2,2,228,16,32
sm_90a,255,0,256,0,0,1,1,228,8,32
sm_90a,255,0,256,1,0,1,1,228,8,32
sm_90a,255,0,384,0,0,0,0,228,5,32
sm_90a,255,0,384,1,0,0,0,228,5,32
sm_90a,255,0,512,0,0,0,0,228,4,32
sm_90a,255,0,512,1,0,0,0,228,4,32
sm_90a,255,0,1024,0,0,0,0,228,2,32
sm_90a,255,0,1024,1,0,0,0,228,2,32
sm_90a,255,128,32,0,0,8,8,202,64,32
sm_90a,255,128,32,1,0,8,8,202,64,32
sm_90a,255,128,96,0,0,2,2,202,21,32
sm_90a,255,128,96,1,0,2,2,202,21,32
sm_90a,255,128,128,0,0,2,2,202,16,32
sm_90a,255,128,128,1,0,2,2,202,16,32
sm_90a,255,128,256,0,0,1,1,202,8,32
sm_90a,255,128,256,1,0,1,1,202,8,32
sm_90a,255,128,384,0,0,0,0,202,5,32
sm_90a,255,128,384,1,0,0,0,202,5,32
sm_90a,255,128,512,0,0,0,0,202,4,32
sm_90a,255,128,512,1,0,0,0,202,4,32
sm_90a,255,128,1024,0,0,0,0,202,2,32
sm_90a,255,128,1024,1,0,0,0,202,2,32
sm_90a,255,8192,32,0,0,8,8,25,64,32
sm_90a,255,8192,32,1,0,8,8,25,64,32
sm_90a,255,8192,96,0,0,2,2,25,21,32
sm_90a,255,8192,96,1,0,2,2,25,21,32
sm_90a,255,8192,128,0,0,2,2,25,16,32
sm_90a,255,8192,128,1,0,2,2,25,16,32
sm_90a,255,8192,256,0,0,1,1,25,8,32
sm_90a,255,8192,256,1,0,1,1,25,8,32
sm_90a,255,8192,384,0,0,0,0,25,5,32
sm_90a,255,8192,384,1,0,0,0,25,5,32
sm_90a,255,8192,512,0,0,0,0,25,4,32
sm_90a,255,8192,512,1,0,0,0,25,4,32
sm_90a,255,8192,1024,0,0,0,0,25,2,32
sm_90a,255,8192,1024,1,0,0,0,25,2,32
sm_90a,255,32768,32,0,0,6,8,6,64,32
sm_90a,255,32768,32,1,0,6,8,6,64,32
sm_90a,255,32768,96,0,0,2,2,6,21,32
sm_90a,255,32768,96,1,0,2,2,6,21,32
sm_90a,255,32768,128,0,0,2,2,6,16,32
sm_90a,255,32768,128,1,0,2,2,6,16,32
sm_90a,255,32768,256,0,0,1,1,6,8,32
sm_90a,255,32768,256,1,0,1,1,6,8,32
sm_90a,255,32768,384,0,0,0,0,6,5,32
sm_90a,255,32768,384,1,0,0,0,6,5,32
sm_90a,255,32768,512,0,0,0,0,6,4,32
sm_90a,255,32768,512,1,0,0,0,6,4,32
sm_90a,255,32768,1024,0,0,0,0,6,2,32
sm_90a,255,32768,1024,1,0,0,0,6,2,32
sm_90a,255,49152,32,0,0,4,8,4,64,32
sm_90a,255,49152,32,1,0,4,8,4,64,32
sm_90a,255,49152,96,0,0,2,2,4,21,32
sm_90a,255,49152,96,1,0,2,2,4,21,32
sm_90a,255,49152,128,0,0,2,2,4,16,32
sm_90a,255,49152,128,1,0,2,2,4,16,32
sm_90a,255,49152,256,0,0,1,1,4,8,32
sm_90a,255,49152,256,1,0,1,1,4,8,32
sm_90a,255,49152,384,0,0,0,0,4,5,32
sm_90a,255,49152,384,1,0,0,0,4,5,32
sm_90a,255,49152,512,0,0,0,0,4,4,32
sm_90a,255,49152,512,1,0,0,0,4,4,32
sm_90a,255,49152,1024,0,0,0,0,4,2,32
sm_90a,255,49152,1024,1,0,0,0,4,2,32
sm_90a,255,98304,32,0,0,2,8,2,64,32
sm_90a,255,98304,32,1,0,2,8,2,64,32
sm_90a,255,98304,96,0,0,2,2,2,21,32
sm_90a,255,98304,96,1,0,2,2,2,21,32
sm_90a,255,98304,128,0,0,2,2,2,16,32
sm_90a,255,98304,128,1,0,2,2,2,16,32
sm_90a,255,98304,256,0,0,1,1,2,8,32
sm_90a,255,98304,256,1,0,1,1,2,8,32
sm_90a,255,98304,384,0,0,0,0,2,5,32
sm_90a,255,98304,384,1,0,0,0,2,5,32
sm_90a,255,98304,512,0,0,0,0,2,4,32
sm_90a,255,98304,512,1,0,0,0,2,4,32
sm_90a,255,98304,1024,0,0,0,0,2,2,32
sm_90a,255,98304,1024,1,0,0,0,2,2,32
sm_90a,255,200000,32,0,0,1,8,1,64,32
sm_90a,255,200000,32,1,0,1,8,1,64,32
sm_90a,255,200000,96,0,0,1,2,1,21,32
sm_90a,255,200000,96,1,0,1,2,1,21,32
sm_90a,255,200000,128,0,0,1,2,1,16,32
sm_90a,255,200000,128,1,0,1,2,1,16,32
sm_90a,255,200000,256,0,0,1,1,1,8,32
sm_90a,255,200000,256,1,0,1,1,1,8,32
sm_90a,255,200000,384,0,0,0,0,1,5,32
sm_90a,255,200000,384,1,0,0,0,1,5,32
sm_90a,255,200000,512,0,0,0,0,1,4,32
sm_90a,255,200000,512,1,0,0,0,1,4,32
sm_90a,255,200000,1024,0,0,0,0,1,2,32
sm_90a,255,200000,1024,1,0,0,0,1,2,32
sm_100a,16,0,32,0,0,32,128,228,64,32
sm_100a,16,0,32,1,0,32,128,228,64,32
sm_100a,16,0,96,0,0,21,42,228,21,32
sm_100a,16,0,96,1,0,21,42,228,21,32
sm_100a,16,0,128,0,0,16,32,228,16,32
sm_100a,16,0,128,1,0,16,32,228,16,32
sm_100a,16,0,256,0,0,8,16,228,8,32
sm_100a,16,0,256,1,0,8,16,228,8,32
sm_100a,16,0,384,0,0,5,10,228,5,32
sm_100a,16,0,384,1,0,5,10,228,5,32
sm_100a,16,0,512,0,0,4,8,228,4,32
sm_100a,16,0,512,1,0,4,8,228,4,32
sm_100a,16,0,1024,0,0,2,4,228,2,32
sm_100a,16,0,1024,1,0,2,4,228,2,32
sm_100a,16,128,32,0,0,32,128,202,64,32
sm_100a,16,128,32,1,0,32,128,202,64,32
sm_100a,16,128,96,0,0,21,42,202,21,32
sm_100a,16,128,96,1,0,21,42,202,21,32
sm_100a,16,128,128,0,0,16,32,202,16,32
sm_100a,16,128,128,1,0,16,32,202,16,32
sm_100a,16,128,256,0,0,8,16,202,8,32
sm_100a,16,128,256,1,0,8,16,202,8,32
sm_100a,16,128,384,0,0,5,10,202,5,32
sm_100a,16,128,384,1,0,5,10,202,5,32
sm_100a,16,128,512,0,0,4,8,202,4,32
sm_100a,16,128,512,1,0,4,8,202,4,32
sm_100a,16,128,1024,0,0,2,4,202,2,32
sm_100a,16,128,1024,1,0,2,4,202,2,32
sm_100a,16,8192,32,0,0,25,128,25,64,32
sm_100a,16,8192,32,1,0,25,128,25,64,32
sm_100a,16,8192,96,0,0,21,42,25,21,32
sm_100a,16,8192,96,1,0,21,42,25,21,32
sm_100a,16,8192,128,0,0,16,32,25,16,32
sm_100a,16,8192,128,1,0,16,32,25,16,32
sm_100a,16,8192,256,0,0,8,16,25,8,32
sm_100a,16,8192,256,1,0,8,16,25,8,32
sm_100a,16,8192,384,0,0,5,10,25,5,32
sm_100a,16,8192,384,1,0,5,10,25,5,32
sm_100a,16,8192,512,0,0,4,8,25,4,32
sm_100a,16,8192,512,1,0,4,8,25,4,32
sm_100a,16,8192,1024,0,0,2,4,25,2,32
sm_100a,16,8192,1024,1,0,2,4,25,2,32
sm_100a,16,32768,32,0,0,6,128,6,64,32
sm_100a,16,32768,32,1,0,6,128,6,64,32
sm_100a,16,32768,96,0,0,6,42,6,21,32
sm_100a,16,32768,96,1,0,6,42,6,21,32
sm_100a,16,32768,128,0,0,6,32,6,16,32
sm_100a,16,32768,128,1,0,6,32,6,16,32
sm_100a,16,32768,256,0,0,6,16,6,8,32
sm_100a,16,32768,256,1,0,6,16,6,8,32
sm_100a,16,32768,384,0,0,5,10,6,5,32
sm_100a,16,32768,384,1,0,5,10,6,5,32
sm_100a,16,32768,512,0,0,4,8,6,4,32
sm_100a,16,32768,512,1,0,4,8,6,4,32
sm_100a,16,32768,1024,0,0,2,4,6,2,32
sm_100a,16,32768,1024,1,0,2,4,6,2,32
sm_100a,16,49152,32,0,0,4,128,4,64,32
sm_100a,16,49152,32,1,0,4,128,4,64,32
sm_100a,16,49152,96,0,0,4,42,4,21,32
sm_100a,16,49152,96,1,0,4,42,4,21,32
sm_100a,16,49152,128,0,0,4,32,4,16,32
sm_100a,16,49152,128,1,0,4,32,4,16,32
sm_100a,16,49152,256,0,0,4,16,4,8,32
sm_100a,16,49152,256,1,0,4,16,4,8,32
sm_100a,16,49152,384,0,0,4,10,4,5,32
sm_100a,16,49152,384,1,0,4,10,4,5,32
sm_100a,16,49152,512,0,0,4,8,4,4,32
sm_100a,16,49152,512,1,0,4,8,4,4,32
sm_100a,16,49152,1024,0,0,2,4,4,2,32
sm_100a,16,49152,1024,1,0,2,4,4,2,32
sm_100a,16,98304,32,0,0,2,128,2,64,32
sm_100a,16,98304,32,1,0,2,128,2,64,32
sm_100a,16,98304,96,0,0,2,42,2,21,32
sm_100a,16,98304,96,1,0,2,42,2,21,32
sm_100a,16,98304,128,0,0,2,32,2,16,32
sm_100a,16,98304,128,1,0,2,32,2,16,32
sm_100a,16,98304,256,0,0,2,16,2,8,32
sm_100a,16,98304,256,1,0,2,16,2,8,32
sm_100a,16,98304,384,0,0,2,10,2,5,32
sm_100a,16,98304,384,1,0,2,10,2,5,32
sm_100a,16,98304,512,0,0,2,8,2,4,32
sm_100a,16,98304,512,1,0,2,8,2,4,32
sm_100a,16,98304,1024,0,0,2,4,2,2,32
sm_100a,16,98304,1024,1,0,2,4,2,2,32
sm_100a,16,200000,32,0,0,1,128,1,64,32
sm_100a,16,200000,32,1,0,1,128,1,64,32
sm_100a,16,200000,96,0,0,1,42,1,21,32
sm_100a,16,200000,96,1,0,1,42,1,21,32
sm_100a,16,200000,128,0,0,1,32,1,16,32
sm_100a,16,200000,128,1,0,1,32,1,16,32
sm_100a,16,200000,256,0,0,1,16,1,8,32
sm_100a,16,200000,256,1,0,1,16,1,8,32
sm_100a,16,200000,384,0,0,1,10,1,5,32
sm_100a,16,200000,384,1,0,1,10,1,5,32
sm_100a,16,200000,512,0,0,1,8,1,4,32
sm_100a,16,200000,512,1,0,1,8,1,4,32
sm_100a,16,200000,1024,0,0,1,4,1,2,32
sm_100a,16,200000,1024,1,0,1,4,1,2,32
sm_100a,32,0,32,0,0,32,64,228,64,32
sm_100a,32,0,32,1,0,32,64,228,64,32
sm_100a,32,0,96,0,0,21,21,228,21,32
sm_100a,32,0,96,1,0,21,21,228,21,32
sm_100a,32,0,128,0,0,16,16,228,16,32
sm_100a,32,0,128,1,0,16,16,228,16,32
sm_100a,32,0,256,0,0,8,8,228,8,32
sm_100a,32,0,256,1,0,8,8,228,8,32
sm_100a,32,0,384,0,0,5,5,228,5,32
sm_100a,32,0,384,1,0,5,5,228,5,32
sm_100a,32,0,512,0,0,4,4,228,4,32
sm_100a,32,0,512,1,0,4,4,228,4,32
sm_100a,32,0,1024,0,0,2,2,228,2,32
sm_100a,32,0,1024,1,0,2,2,228,2,32
sm_100a,32,128,32,0,0,32,64,202,64,32
sm_100a,32,128,32,1,0,32,64,202,64,32
sm_100a,32,128,96,0,0,21,21,202,21,32
sm_100a,32,128,96,1,0,21,21,202,21,32
sm_100a,32,128,128,0,0,16,16,202,16,32
sm_100a,32,128,128,1,0,16,16,202,16,32
sm_100a,32,128,256,0,0,8,8,202,8,32
sm_100a,32,128,256,1,0,8,8,202,8,32
sm_100a,32,128,384,0,0,5,5,202,5,32
sm_100a,32,128,384,1,0,5,5,202,5,32
sm_100a,32,128,512,0,0,4,4,202,4,32
sm_100a,32,128,512,1,0,4,4,202,4,32
sm_100a,32,128,1024,0,0,2,2,202,2,32
sm_100a,32,128,1024,1,0,2,2,202,2,32
sm_100a,32,8192,32,0,0,25,64,25,64,32
sm_100a,32,8192,32,1,0,25,64,25,64,32
sm_100a,32,8192,96,0,0,21,21,25,21,32
sm_100a,32,8192,96,1,0,21,21,25,21,32
sm_100a,32,8192,128,0,0,16,16,25,16,32
sm_100a,32,8192,128,1,0,16,16,25,16,32
sm_100a,32,8192,256,0,0,8,8,25,8,32
sm_100a,32,8192,256,1,0,8,8,25,8,32
sm_100a,32,8192,384,0,0,5,5,25,5,32
sm_100a,32,8192,384,1,0,5,5,25,5,32
sm_100a,32,8192,512,0,0,4,4,25,4,32
sm_100a,32,8192,512,1,0,4,4,25,4,32
sm_100a,32,8192,1024,0,0,2,2,25,2,32
sm_100a,32,8192,1024,1,0,2,2,25,2,32
sm_100a,32,32768,32,0,0,6,64,6,64,32
sm_100a,32,32768,32,1,0,6,64,6,64,32
sm_100a,32,32768,96,0,0,6,21,6,21,32
sm_100a,32,32768,96,1,0,6,21,6,21,32
sm_100a,32,32768,128,0,0,6,16,6,16,32
sm_100a,32,32768,128,1,0,6,16,6,16,32
sm_100a,32,32768,256,0,0,6,8,6,8,32
sm_100a,32,32768,256,1,0,6,8,6,8,32
sm_100a,32,32768,384,0,0,5,5,6,5,32
sm_100a,32,32768,384,1,0,5,5,6,5,32
sm_100a,32,32768,512,0,0,4,4,6,4,32
sm_100a,32,32768,512,1,0,4,4,6,4,32
sm_100a,32,32768,1024,0,0,2,2,6,2,32
sm_100a,32,32768,1024,1,0,2,2,6,2,32
sm_100a,32,49152,32,0,0,4,64,4,64,32
sm_100a,32,49152,32,1,0,4,64,4,64,32
sm_100a,32,49152,96,0,0,4,21,4,21,32
sm_100a,32,49152,96,1,0,4,21,4,21,32
sm_100a,32,49152,128,0,0,4,16,4,16,32
sm_100a,32,49152,128,1,0,4,16,4,16,32
sm_100a,32,49152,256,0,0,4,8,4,8,32
sm_100a,32,49152,256,1,0,4,8,4,8,32
sm_100a,32,49152,384,0,0,4,5,4,5,32
sm_100a,32,49152,384,1,0,4,5,4,5,32
sm_100a,32,49152,512,0,0,4,4,4,4,32
sm_100a,32,49152,512,1,0,4,4,4,4,32
sm_100a,32,49152,1024,0,0,2,2,4,2,32
sm_100a,32,49152,1024,1,0,2,2,4,2,32
sm_100a,32,98304,32,0,0,2,64,2,64,32
sm_100a,32,98304,32,1,0,2,64,2,64,32
sm_100a,32,98304,96,0,0,2,21,2,21,32
sm_100a,32,98304,96,1,0,2,21,2,21,32
sm_100a,32,98304,128,0,0,2,16,2,16,32
sm_100a,32,98304,128,1,0,2,16,2,16,32
sm_100a,32,98304,256,0,0,2,8,2,8,32
sm_100a,32,98304,256,1,0,2,8,2,8,32
sm_100a,32,98304,384,0,0,2,5,2,5,32
sm_100a,32,98304,384,1,0,2,5,2,5,32
sm_100a,32,98304,512,0,0,2,4,2,4,32
sm_100a,32,98304,512,1,0,2,4,2,4,32
sm_100a,32,98304,1024,0,0,2,2,2,2,32
sm_100a,32,98304,1024,1,0,2,2,2,2,32
sm_100a,32,200000,32,0,0,1,64,1,64,32
sm_100a,32,200000,32,1,0,1,64,1,64,32
sm_100a,32,200000,96,0,0,1,21,1,21,32
sm_100a,32,200000,96,1,0,1,21,1,21,32
sm_100a,32,200000,128,0,0,1,16,1,16,32
sm_100a,32,200000,128,1,0,1,16,1,16,32
sm_100a,32,200000,256,0,0,1,8,1,8,32
sm_100a,32,200000,256,1,0,1,8,1,8,32
sm_100a,32,200000,384,0,0,1,5,1,5,32
sm_100a,32,200000,384,1,0,1,5,1,5,32
sm_100a,32,200000,512,0,0,1,4,1,4,32
sm_100a,32,200000,512,1,0,1,4,1,4,32
sm_100a,32,200000,1024,0,0,1,2,1,2,32
sm_100a,32,200000,1024,1,0,1,2,1,2,32
sm_100a,40,0,32,0,0,32,48,228,64,32
sm_100a,40,0,32,1,0,32,48,228,64,32
sm_100a,40,0,96,0,0,16,16,228,21,32
sm_100a,40,0,96,1,0,16,16,228,21,32
sm_100a,40,0,128,0,0,12,12,228,16,32
sm_100a,40,0,128,1,0,12,12,228,16,32
sm_100a,40,0,256,0,0,6,6,228,8,32
sm_100a,40,0,256,1,0,6,6,228,8,32
sm_100a,40,0,384,0,0,4,4,228,5,32
sm_100a,40,0,384,1,0,4,4,228,5,32
sm_100a,40,0,512,0,0,3,3,228,4,32
sm_100a,40,0,512,1,0,3,3,228,4,32
sm_100a,40,0,1024,0,0,1,1,228,2,32
sm_100a,40,0,1024,1,0,1,1,228,2,32
sm_100a,40,128,32,0,0,32,48,202,64,32
sm_100a,40,128,32,1,0,32,48,202,64,32
sm_100a,40,128,96,0,0,16,16,202,21,32
sm_100a,40,128,96,1,0,16,16,202,21,32
sm_100a,40,128,128,0,0,12,12,202,16,32
sm_100a,40,128,128,1,0,12,12,202,16,32
sm_100a,40,128,256,0,0,6,6,202,8,32
sm_100a,40,128,256,1,0,6,6,202,8,32
sm_100a,40,128,384,0,0,4,4,202,5,32
sm_100a,40,128,384,1,0,4,4,202,5,32
sm_100a,40,128,512,0,0,3,3,202,4,32
sm_100a,40,128,512,1,0,3,3,202,4,32
sm_100a,40,128,1024,0,0,1,1,202,2,32
sm_100a,40,128,1024,1,0,1,1,202,2,32
sm_100a,40,8192,32,0,0,25,48,25,64,32
sm_100a,40,8192,32,1,0,25,48,25,64,32
sm_100a,40,8192,96,0,0,16,16,25,21,32
sm_100a,40,8192,96,1,0,16,16,25,21,32
sm_100a,40,8192,128,0,0,12,12,25,16,32
sm_100a,40,8192,128,1,0,12,12,25,16,32
sm_100a,40,8192,256,0,0,6,6,25,8,32
sm_100a,40,8192,256,1,0,6,6,25,8,32
sm_100a,40,8192,384,0,0,4,4,25,5,32
sm_100a,40,8192,384,1,0,4,4,25,5,32
sm_100a,40,8192,512,0,0,3,3,25,4,32
sm_100a,40,8192,512,1,0,3,3,25,4,32
sm_100a,40,8192,1024,0,0,1,1,25,2,32
sm_100a,40,8192,1024,1,0,1,1,25,2,32
sm_100a,40,32768,32,0,0,6,48,6,64,32
sm_100a,40,32768,32,1,0,6,48,6,64,32
sm_100a,40,32768,96,0,0,6,16,6,21,32
sm_100a,40,32768,96,1,0,6,16,6,21,32
sm_100a,40,32768,128,0,0,6,12,6,16,32
sm_100a,40,32768,128,1,0,6,12,6,16,32
sm_100a,40,32768,256,0,0,6,6,6,8,32
sm_100a,40,32768,256,1,0,6,6,6,8,32
sm_100a,40,32768,384,0,0,4,4,6,5,32
sm_100a,40,32768,384,1,0,4,4,6,5,32
sm_100a,40,32768,512,0,0,3,3,6,4,32
sm_100a,40,32768,512,1,0,3,3,6,4,32
sm_100a,40,32768,1024,0,0,1,1,6,2,32
sm_100a,40,32768,1024,1,0,1,1,6,2,32
sm_100a,40,49152,32,0,0,4,48,4,64,32
sm_100a,40,49152,32,1,0,4,48,4,64,32
sm_100a,40,49152,96,0,0,4,16,4,21,32
sm_100a,40,49152,96,1,0,4,16,4,21,32
sm_100a,40,49152,128,0,0,4,12,4,16,32
sm_100a,40,49152,128,1,0,4,12,4,16,32
sm_100a,40,49152,256,0,0,4,6,4,8,32
sm_100a,40,49152,256,1,0,4,6,4,8,32
sm_100a,40,49152,384,0,0,4,4,4,5,32
sm_100a,40,49152,384,1,0,4,4,4,5,32
sm_100a,40,49152,512,0,0,3,3,4,4,32
sm_100a,40,49152,512,1,0,3,3,4,4,32
sm_100a,40,49152,1024,0,0,1,1,4,2,32
sm_100a,40,49152,1024,1,0,1,1,4,2,32
sm_100a,40,98304,32,0,0,2,48,2,64,32
sm_100a,40,98304,32,1,0,2,48,2,64,32
sm_100a,40,98304,96,0,0,2,16,2,21,32
sm_100a,40,98304,96,1,0,2,16,2,21,32
sm_100a,40,98304,128,0,0,2,12,2,16,32
sm_100a,40,98304,128,1,0,2,12,2,16,32
sm_100a,40,98304,256,0,0,2,6,2,8,32
sm_100a,40,98304,256,1,0,2,6,2,8,32
sm_100a,40,98304,384,0,0,2,4,2,5,32
sm_100a,40,98304,384,1,0,2,4,2,5,32
sm_100a,40,98304,512,0,0,2,3,2,4,32
sm_100a,40,98304,512,1,0,2,3,2,4,32
sm_100a,40,98304,1024,0,0,1,1,2,2,32
sm_100a,40,98304,1024,1,0,1,1,2,2,32
sm_100a,40,200000,32,0,0,1,48,1,64,32
sm_100a,40,200000,32,1,0,1,48,1,64,32
sm_100a,40,200000,96,0,0,1,16,1,21,32
sm_100a,40,200000,96,1,0,1,16,1,21,32
sm_100a,40,200000,128,0,0,1,12,1,16,32
sm_100a,40,200000,128,1,0,1,12,1,16,32
sm_100a,40,200000,256,0,0,1,6,1,8,32
sm_100a,40,200000,256,1,0,1,6,1,8,32
sm_100a,40,200000,384,0,0,1,4,1,5,32
sm_100a,40,200000,384,1,0,1,4,1,5,32
sm_100a,40,200000,512,0,0,1,3,1,4,32
sm_100a,40,200000,512,1,0,1,3,1,4,32
sm_100a,40,200000,1024,0,0,1,1,1,2,32
sm_100a,40,200000,1024,1,0,1,1,1,2,32
sm_100a,64,0,32,0,0,32,32,228,64,32
sm_100a,64,0,32,1,0,32,32,228,64,32
sm_100a,64,0,96,0,0,10,10,228,21,32
sm_100a,64,0,96,1,0,10,10,228,21,32
sm_100a,64,0,128,0,0,8,8,228,16,32
sm_100a,64,0,128,1,0,8,8,228,16,32
sm_100a,64,0,256,0,0,4,4,228,8,32
sm_100a,64,0,256,1,0,4,4,228,8,32
sm_100a,64,0,384,0,0,2,2,228,5,32
sm_100a,64,0,384,1,0,2,2,228,5,32
sm_100a,64,0,512,0,0,2,2,228,4,32
sm_100a,64,0,512,1,0,2,2,228,4,32
sm_100a,64,0,1024,0,0,1,1,228,2,32
sm_100a,64,0,1024,1,0,1,1,228,2,32
sm_100a,64,128,32,0,0,32,32,202,64,32
sm_100a,64,128,32,1,0,32,32,202,64,32
sm_100a,64,128,96,0,0,10,10,202,21,32
sm_100a,64,128,96,1,0,10,10,202,21,32
sm_100a,64,128,128,0,0,8,8,202,16,32
sm_100a,64,128,128,1,0,8,8,202,16,32
sm_100a,64,128,256,0,0,4,4,202,8,32
sm_100a,64,128,256,1,0,4,4,202,8,32
sm_100a,64,128,384,0,0,2,2,202,5,32
sm_100a,64,128,384,1,0,2,2,202,5,32
sm_100a,64,128,512,0,0,2,2,202,4,32
sm_100a,64,128,512,1,0,2,2,202,4,32
sm_100a,64,128,1024,0,0,1,1,202,2,32
sm_100a,64,128,1024,1,0,1,1,202,2,32
sm_100a,64,8192,32,0,0,25,32,25,64,32
sm_100a,64,8192,32,1,0,25,32,25,64,32
sm_100a,64,8192,96,0,0,10,10,25,21,32
sm_100a,64,8192,96,1,0,10,10,25,21,32
sm_100a,64,8192,128,0,0,8,8,25,16,32
sm_100a,64,8192,128,1,0,8,8,25,16,32
sm_100a,64,8192,256,0,0,4,4,25,8,32
sm_100a,64,8192,256,1,0,4,4,25,8,32
sm_100a,64,8192,384,0,0,2,2,25,5,32
sm_100a,64,8192,384,1,0,2,2,25,5,32
sm_100a,64,8192,512,0,0,2,2,25,4,32
sm_100a,64,8192,512,1,0,2,2,25,4,32
sm_100a,64,8192,1024,0,0,1,1,25,2,32
sm_100a,64,8192,1024,1,0,1,1,25,2,32
sm_100a,64,32768,32,0,0,6,32,6,64,32
sm_100a,64,32768,32,1,0,6,32,6,64,32
sm_100a,64,32768,96,0,0,6,10,6,21,32
sm_100a,64,32768,96,1,0,6,10,6,21,32
sm_100a,64,32768,128,0,0,6,8,6,16,32
sm_100a,64,32768,128,1,0,6,8,6,16,32
sm_100a,64,32768,256,0,0,4,4,6,8,32
sm_100a,64,32768,256,1,0,4,4,6,8,32
sm_100a,64,32768,384,0,0,2,2,6,5,32
sm_100a,64,32768,384,1,0,2,2,6,5,32
sm_100a,64,32768,512,0,0,2,2,6,4,32
sm_100a,64,32768,512,1,0,2,2,6,4,32
sm_100a,64,32768,1024,0,0,1,1,6,2,32
sm_100a,64,32768,1024,1,0,1,1,6,2,32
sm_100a,64,49152,32,0,0,4,32,4,64,32
sm_100a,64,49152,32,1,0,4,32,4,64,32
sm_100a,64,49152,96,0,0,4,10,4,21,32
sm_100a,64,49152,96,1,0,4,10,4,21,32
sm_100a,64,49152,128,0,0,4,8,4,16,32
sm_100a,64,49152,128,1,0,4,8,4,16,32
sm_100a,64,49152,256,0,0,4,4,4,8,32
sm_100a,64,49152,256,1,0,4,4,4,8,32
sm_100a,64,49152,384,0,0,2,2,4,5,32
sm_100a,64,49152,384,1,0,2,2,4,5,32
sm_100a,64,49152,512,0,0,2,2,4,4,32
sm_100a,64,49152,512,1,0,2,2,4,4,32
sm_100a,64,49152,1024,0,0,1,1,4,2,32
sm_100a,64,49152,1024,1,0,1,1,4,2,32
sm_100a,64,98304,32,0,0,2,32,2,64,32
sm_100a,64,98304,32,1,0,2,32,2,64,32
sm_100a,64,98304,96,0,0,2,10,2,21,32
sm_100a,64,98304,96,1,0,2,10,2,21,32
sm_100a,64,98304,128,0,0,2,8,2,16,32
sm_100a,64,98304,128,1,0,2,8,2,16,32
sm_100a,64,98304,256,0,0,2,4,2,8,32
sm_100a,64,98304,256,1,0,2,4,2,8,32
sm_100a,64,98304,384,0,0,2,2,2,5,32
sm_100a,64,98304,384,1,0,2,2,2,5,32
sm_100a,64,98304,512,0,0,2,2,2,4,32
sm_100a,64,98304,512,1,0,2,2,2,4,32
sm_100a,64,98304,1024,0,0,1,1,2,2,32
sm_100a,64,98304,1024,1,0,1,1,2,2,32
sm_100a,64,200000,32,0,0,1,32,1,64,32
sm_100a,64,200000,32,1,0,1,32,1,64,32
sm_100a,64,200000,96,0,0,1,10,1,21,32
sm_100a,64,200000,96,1,0,1,10,1,21,32
sm_100a,64,200000,128,0,0,1,8,1,16,32
sm_100a,64,200000,128,1,0,1,8,1,16,32
sm_100a,64,200000,256,0,0,1,4,1,8,32
sm_100a,64,200000,256,1,0,1,4,1,8,32
sm_100a,64,200000,384,0,0,1,2,1,5,32
sm_100a,64,200000,384,1,0,1,2,1,5,32
sm_100a,64,200000,512,0,0,1,2,1,4,32
sm_100a,64,200000,512,1,0,1,2,1,4,32
sm_100a,64,200000,1024,0,0,1,1,1,2,32
sm_100a,64,200000,1024,1,0,1,1,1,2,32
sm_100a,72,0,32,0,0,28,28,228,64,32
sm_100a,72,0,32,1,0,28,28,228,64,32
sm_100a,72,0,96,0,0,9,9,228,21,32
sm_100a,72,0,96,1,0,9,9,228,21,32
sm_100a,72,0,128,0,0,7,7,228,16,32
sm_100a,72,0,128,1,0,7,7,228,16,32
sm_100a,72,0,256,0,0,3,3,228,8,32
sm_100a,72,0,256,1,0,3,3,228,8,32
sm_100a,72,0,384,0,0,2,2,228,5,32
sm_100a,72,0,384,1,0,2,2,228,5,32
sm_100a,72,0,512,0,0,1,1,228,4,32
sm_100a,72,0,512,1,0,1,1,228,4,32
sm_100a,72,0,1024,0,0,0,0,228,2,32
sm_100a,72,0,1024,1,0,0,0,228,2,32
sm_100a,72,128,32,0,0,28,28,202,64,32
sm_100a,72,128,32,1,0,28,28,202,64,32
sm_100a,72,128,96,0,0,9,9,202,21,32
sm_100a,72,128,96,1,0,9,9,202,21,32
sm_100a,72,128,128,0,0,7,7,202,16,32
sm_100a,72,128,128,1,0,7,7,202,16,32
sm_100a,72,128,256,0,0,3,3,202,8,32
sm_100a,72,128,256,1,0,3,3,202,8,32
sm_100a,72,128,384,0,0,2,2,202,5,32
sm_100a,72,128,384,1,0,2,2,202,5,32
sm_100a,72,128,512,0,0,1,1,202,4,32
sm_100a,72,128,512,1,0,1,1,202,4,32
sm_100a,72,128,1024,0,0,0,0,202,2,32
sm_100a,72,128,1024,1,0,0,0,202,2,32
sm_100a,72,8192,32,0,0,25,28,25,64,32
sm_100a,72,8192,32,1,0,25,28,25,64,32
sm_100a,72,8192,96,0,0,9,9,25,21,32
sm_100a,72,8192,96,1,0,9,9,25,21,32
sm_100a,72,8192,128,0,0,7,7,25,16,32
sm_100a,72,8192,128,1,0,7,7,25,16,32
sm_100a,72,8192,256,0,0,3,3,25,8,32
sm_100a,72,8192,256,1,0,3,3,25,8,32
sm_100a,72,8192,384,0,0,2,2,25,5,32
sm_100a,72,8192,384,1,0,2,2,25,5,32
sm_100a,72,8192,512,0,0,1,1,25,4,32
sm_100a,72,8192,512,1,0,1,1,25,4,32
sm_100a,72,8192,1024,0,0,0,0,25,2,32
sm_100a,72,8192,1024,1,0,0,0,25,2,32
sm_100a,72,32768,32,0,0,6,28,6,64,32
sm_100a,72,32768,32,1,0,6,28,6,64,32
sm_100a,72,32768,96,0,0,6,9,6,21,32
sm_100a,72,32768,96,1,0,6,9,6,21,32
sm_100a,72,32768,128,0,0,6,7,6,16,32
sm_100a,72,32768,128,1,0,6,7,6,16,32
sm_100a,72,32768,256,0,0,3,3,6,8,32
sm_100a,72,32768,256,1,0,3,3,6,8,32
sm_100a,72,32768,384,0,0,2,2,6,5,32
sm_100a,72,32768,384,1,0,2,2,6,5,32
sm_100a,72,32768,512,0,0,1,1,6,4,32
sm_100a,72,32768,512,1,0,1,1,6,4,32
sm_100a,72,32768,1024,0,0,0,0,6,2,32
sm_100a,72,32768,1024,1,0,0,0,6,2,32
sm_100a,72,49152,32,0,0,4,28,4,64,32
sm_100a,72,49152,32,1,0,4,28,4,64,32
sm_100a,72,49152,96,0,0,4,9,4,21,32
sm_100a,72,49152,96,1,0,4,9,4,21,32
sm_100a,72,49152,128,0,0,4,7,4,16,32
sm_100a,72,49152,128,1,0,4,7,4,16,32
sm_100a,72,49152,256,0,0,3,3,4,8,32
sm_100a,72,49152,256,1,0,3,3,4,8,32
sm_100a,72,49152,384,0,0,2,2,4,5,32
sm_100a,72,49152,384,1,0,2,2,4,5,32
sm_100a,72,49152,512,0,0,1,1,4,4,32
sm_100a,72,49152,512,1,0,1,1,4,4,32
sm_100a,72,49152,1024,0,0,0,0,4,2,32
sm_100a,72,49152,1024,1,0,0,0,4,2,32
sm_100a,72,98304,32,0,0,2,28,2,64,32
sm_100a,72,98304,32,1,0,2,28,2,64,32
sm_100a,72,98304,96,0,0,2,9,2,21,32
sm_100a,72,98304,96,1,0,2,9,2,21,32
sm_100a,72,98304,128,0,0,2,7,2,16,32
sm_100a,72,98304,128,1,0,2,7,2,16,32
sm_100a,72,98304,256,0,0,2,3,2,8,32
sm_100a,72,98304,256,1,0,2,3,2,8,32
sm_100a,72,98304,384,0,0,2,2,2,5,32
sm_100a,72,98304,384,1,0,2,2,2,5,32
sm_100a,72,98304,512,0,0,1,1,2,4,32
sm_100a,72,98304,512,1,0,1,1,2,4,32
sm_100a,72,98304,1024,0,0,0,0,2,2,32
sm_100a,72,98304,1024,1,0,0,0,2,2,32
sm_100a,72,200000,32,0,0,1,28,1,64,32
sm_100a,72,200000,32,1,0,1,28,1,64,32
sm_100a,72,200000,96,0,0,1,9,1,21,32
sm_100a,72,200000,96,1,0,1,9,1,21,32
sm_100a,72,200000,128,0,0,1,7,1,16,32
sm_100a,72,200000,128,1,0,1,7,1,16,32
sm_100a,72,200000,256,0,0,1,3,1,8,32
sm_100a,72,200000,256,1,0,1,3,1,8,32
sm_100a,72,200000,384,0,0,1,2,1,5,32
sm_100a,72,200000,384,1,0,1,2,1,5,32
sm_100a,72,200000,512,0,0,1,1,1,4,32
sm_100a,72,200000,512,1,0,1,1,1,4,32
sm_100a,72,200000,1024,0,0,0,0,1,2,32
sm_100a,72,200000,1024,1,0,0,0,1,2,32
sm_100a,96,0,32,0,0,20,20,228,64,32
sm_100a,96,0,32,1,0,20,20,228,64,32
sm_100a,96,0,96,0,0,6,6,228,21,32
sm_100a,96,0,96,1,0,6,6,228,21,32
sm_100a,96,0,128,0,0,5,5,228,16,32
sm_100a,96,0,128,1,0,5,5,228,16,32
sm_100a,96,0,256,0,0,2,2,228,8,32
sm_100a,96,0,256,1,0,2,2,228,8,32
sm_100a,96,0,384,0,0,1,1,228,5,32
sm_100a,96,0,384,1,0,1,1,228,5,32
sm_100a,96,0,512,0,0,1,1,228,4,32
sm_100a,96,0,512,1,0,1,1,228,4,32
sm_100a,96,0,1024,0,0,0,0,228,2,32
sm_100a,96,0,1024,1,0,0,0,228,2,32
sm_100a,96,128,32,0,0,20,20,202,64,32
sm_100a,96,128,32,1,0,20,20,202,64,32
sm_100a,96,128,96,0,0,6,6,202,21,32
sm_100a,96,128,96,1,0,6,6,202,21,32
sm_100a,96,128,128,0,0,5,5,202,16,32
sm_100a,96,128,128,1,0,5,5,202,16,32
sm_100a,96,128,256,0,0,2,2,202,8,32
sm_100a,96,128,256,1,0,2,2,202,8,32
sm_100a,96,128,384,0,0,1,1,202,5,32
sm_100a,96,128,384,1,0,1,1,202,5,32
sm_100a,96,128,512,0,0,1,1,202,4,32
sm_100a,96,128,512,1,0,1,1,202,4,32
sm_100a,96,128,1024,0,0,0,0,202,2,32
sm_100a,96,128,1024,1,0,0,0,202,2,32
sm_100a,96,8192,32,0,0,20,20,25,64,32
sm_100a,96,8192,32,1,0,20,20,25,64,32
sm_100a,96,8192,96,0,0,6,6,25,21,32
sm_100a,96,8192,96,1,0,6,6,25,21,32
sm_100a,96,8192,128,0,0,5,5,25,16,32
sm_100a,96,8192,128,1,0,5,5,25,16,32
sm_100a,96,8192,256,0,0,2,2,25,8,32
sm_100a,96,8192,256,1,0,2,2,25,8,32
sm_100a,96,8192,384,0,0,1,1,25,5,32
sm_100a,96,8192,384,1,0,1,1,25,5,32
sm_100a,96,8192,512,0,0,1,1,25,4,32
sm_100a,96,8192,512,1,0,1,1,25,4,32
sm_100a,96,8192,1024,0,0,0,0,25,2,32
sm_100a,96,8192,1024,1,0,0,0,25,2,32
sm_100a,96,32768,32,0,0,6,20,6,64,32
sm_100a,96,32768,32,1,0,6,20,6,64,32
sm_100a,96,32768,96,0,0,6,6,6,21,32
sm_100a,96,32768,96,1,0,6,6,6,21,32
sm_100a,96,32768,128,0,0,5,5,6,16,32
sm_100a,96,32768,128,1,0,5,5,6,16,32
sm_100a,96,32768,256,0,0,2,2,6,8,32
sm_100a,96,32768,256,1,0,2,2,6,8,32
sm_100a,96,32768,384,0,0,1,1,6,5,32
sm_100a,96,32768,384,1,0,1,1,6,5,32
sm_100a,96,32768,512,0,0,1,1,6,4,32
sm_100a,96,32768,512,1,0,1,1,6,4,32
sm_100a,96,32768,1024,0,0,0,0,6,2,32
sm_100a,96,32768,1024,1,0,0,0,6,2,32
sm_100a,96,49152,32,0,0,4,20,4,64,32
sm_100a,96,49152,32,1,0,4,20,4,64,32
sm_100a,96,49152,96,0,0,4,6,4,21,32
sm_100a,96,49152,96,1,0,4,6,4,21,32
sm_100a,96,49152,128,0,0,4,5,4,16,32
sm_100a,96,49152,128,1,0,4,5,4,16,32
sm_100a,96,49152,256,0,0,2,2,4,8,32
sm_100a,96,49152,256,1,0,2,2,4,8,32
sm_100a,96,49152,384,0,0,1,1,4,5,32
sm_100a,96,49152,384,1,0,1,1,4,5,32
sm_100a,96,49152,512,0,0,1,1,4,4,32
sm_100a,96,49152,512,1,0,1,1,4,4,32
sm_100a,96,49152,1024,0,0,0,0,4,2,32
sm_100a,96,49152,1024,1,0,0,0,4,2,32
sm_100a,96,98304,32,0,0,2,20,2,64,32
sm_100a,96,98304,32,1,0,2,20,2,64,32
sm_100a,96,98304,96,0,0,2,6,2,21,32
sm_100a,96,98304,96,1,0,2,6,2,21,32
sm_100a,96,98304,128,0,0,2,5,2,16,32
sm_100a,96,98304,128,1,0,2,5,2,16,32
sm_100a,96,98304,256,0,0,2,2,2,8,32
sm_100a,96,98304,256,1,0,2,2,2,8,32
sm_100a,96,98304,384,0,0,1,1,2,5,32
sm_100a,96,98304,384,1,0,1,1,2,5,32
sm_100a,96,98304,512,0,0,1,1,2,4,32
sm_100a,96,98304,512,1,0,1,1,2,4,32
sm_100a,96,98304,1024,0,0,0,0,2,2,32
sm_100a,96,98304,1024,1,0,0,0,2,2,32
sm_100a,96,200000,32,0,0,1,20,1,64,32
sm_100a,96,200000,32,1,0,1,20,1,64,32
sm_100a,96,200000,96,0,0,1,6,1,21,32
sm_100a,96,200000,96,1,0,1,6,1,21,32
sm_100a,96,200000,128,0,0,1,5,1,16,32
sm_100a,96,200000,128,1,0,1,5,1,16,32
sm_100a,96,200000,256,0,0,1,2,1,8,32
sm_100a,96,200000,256,1,0,1,2,1,8,32
sm_100a,96,200000,384,0,0,1,1,1,5,32
sm_100a,96,200000,384,1,0,1,1,1,5,32
sm_100a,96,200000,512,0,0,1,1,1,4,32
sm_100a,96,200000,512,1,0,1,1,1,4,32
sm_100a,96,200000,1024,0,0,0,0,1,2,32
sm_100a,96,200000,1024,1,0,0,0,1,2,32
sm_100a,128,0,32,0,0,16,16,228,64,32
sm_100a,128,0,32,1,0,16,16,228,64,32
sm_100a,128,0,96,0,0,5,5,228,21,32
sm_100a,128,0,96,1,0,5,5,228,21,32
sm_100a,128,0,128,0,0,4,4,228,16,32
sm_100a,128,0,128,1,0,4,4,228,16,32
sm_100a,128,0,256,0,0,2,2,228,8,32
sm_100a,128,0,256,1,0,2,2,228,8,32
sm_100a,128,0,384,0,0,1,1,228,5,32
sm_100a,128,0,384,1,0,1,1,228,5,32
sm_100a,128,0,512,0,0,1,1,228,4,32
sm_100a,128,0,512,1,0,1,1,228,4,32
sm_100a,128,0,1024,0,0,0,0,228,2,32
sm_100a,128,0,1024,1,0,0,0,228,2,32
sm_100a,128,128,32,0,0,16,16,202,64,32
sm_100a,128,128,32,1,0,16,16,202,64,32
sm_100a,128,128,96,0,0,5,5,202,21,32
sm_100a,128,128,96,1,0,5,5,202,21,32
sm_100a,128,128,128,0,0,4,4,202,16,32
sm_100a,128,128,128,1,0,4,4,202,16,32
sm_100a,128,128,256,0,0,2,2,202,8,32
sm_100a,128,128,256,1,0,2,2,202,8,32
sm_100a,128,128,384,0,0,1,1,202,5,32
sm_100a,128,128,384,1,0,1,1,202,5,32
sm_100a,128,128,512,0,0,1,1,202,4,32
sm_100a,128,128,512,1,0,1,1,202,4,32
sm_100a,128,128,1024,0,0,0,0,202,2,32
sm_100a,128,128,1024,1,0,0,0,202,2,32
sm_100a,128,8192,32,0,0,16,16,25,64,32
sm_100a,128,8192,32,1,0,16,16,25,64,32
sm_100a,128,8192,96,0,0,5,5,25,21,32
sm_100a,128,8192,96,1,0,5,5,25,21,32
sm_100a,128,8192,128,0,0,4,4,25,16,32
sm_100a,128,8192,128,1,0,4,4,25,16,32
sm_100a,128,8192,256,0,0,2,2,25,8,32
sm_100a,128,8192,256,1,0,2,2,25,8,32
sm_100a,128,8192,384,0,0,1,1,25,5,32
sm_100a,128,8192,384,1,0,1,1,25,5,32
sm_100a,128,8192,512,0,0,1,1,25,4,32
sm_100a,128,8192,512,1,0,1,1,25,4,32
sm_100a,128,8192,1024,0,0,0,0,25,2,32
sm_100a,128,8192,1024,1,0,0,0,25,2,32
sm_100a,128,32768,32,0,0,6,16,6,64,32
sm_100a,128,32768,32,1,0,6,16,6,64,32
sm_100a,128,32768,96,0,0,5,5,6,21,32
sm_100a,128,32768,96,1,0,5,5,6,21,32
sm_100a,128,32768,128,0,0,4,4,6,16,32
sm_100a,128,32768,128,1,0,4,4,6,16,32
sm_100a,128,32768,256,0,0,2,2,6,8,32
sm_100a,128,32768,256,1,0,2,2,6,8,32
sm_100a,128,32768,384,0,0,1,1,6,5,32
sm_100a,128,32768,384,1,0,1,1,6,5,32
sm_100a,128,32768,512,0,0,1,1,6,4,32
sm_100a,128,32768,512,1,0,1,1,6,4,32
sm_100a,128,32768,1024,0,0,0,0,6,2,32
sm_100a,128,32768,1024,1,0,0,0,6,2,32
sm_100a,128,49152,32,0,0,4,16,4,64,32
sm_100a,128,49152,32,1,0,4,16,4,64,32
sm_100a,128,49152,96,0,0,4,5,4,21,32
sm_100a,128,49152,96,1,0,4,5,4,21,32
sm_100a,128,49152,128,0,0,4,4,4,16,32
sm_100a,128,49152,128,1,0,4,4,4,16,32
sm_100a,128,49152,256,0,0,2,2,4,8,32
sm_100a,128,49152,256,1,0,2,2,4,8,32
sm_100a,128,49152,384,0,0,1,1,4,5,32
sm_100a,128,49152,384,1,0,1,1,4,5,32
sm_100a,128,49152,512,0,0,1,1,4,4,32
sm_100a,128,49152,512,1,0,1,1,4,4,32
sm_100a,128,49152,1024,0,0,0,0,4,2,32
sm_100a,128,49152,1024,1,0,0,0,4,2,32
sm_100a,128,98304,32,0,0,2,16,2,64,32
sm_100a,128,98304,32,1,0,2,16,2,64,32
sm_100a,128,98304,96,0,0,2,5,2,21,32
sm_100a,128,98304,96,1,0,2,5,2,21,32
sm_100a,128,98304,128,0,0,2,4,2,16,32
sm_100a,128,98304,128,1,0,2,4,2,16,32
sm_100a,128,98304,256,0,0,2,2,2,8,32
sm_100a,128,98304,256,1,0,2,2,2,8,32
sm_100a,128,98304,384,0,0,1,1,2,5,32
sm_100a,128,98304,384,1,0,1,1,2,5,32
sm_100a,128,98304,512,0,0,1,1,2,4,32
sm_100a,128,98304,512,1,0,1,1,2,4,32
sm_100a,128,98304,1024,0,0,0,0,2,2,32
sm_100a,128,98304,1024,1,0,0,0,2,2,32
sm_100a,128,200000,32,0,0,1,16,1,64,32
sm_100a,128,200000,32,1,0,1,16,1,64,32
sm_100a,128,200000,96,0,0,1,5,1,21,32
sm_100a,128,200000,96,1,0,1,5,1,21,32
sm_100a,128,200000,128,0,0,1,4,1,16,32
sm_100a,128,200000,128,1,0,1,4,1,16,32
sm_100a,128,200000,256,0,0,1,2,1,8,32
sm_100a,128,200000,256,1,0,1,2,1,8,32
sm_100a,128,200000,384,0,0,1,1,1,5,32
sm_100a,128,200000,384,1,0,1,1,1,5,32
sm_100a,128,200000,512,0,0,1,1,1,4,32
sm_100a,128,200000,512,1,0,1,1,1,4,32
sm_100a,128,200000,1024,0,0,0,0,1,2,32
sm_100a,128,200000,1024,1,0,0,0,1,2,32
sm_100a,168,0,32,0,0,12,12,228,64,32
sm_100a,168,0,32,1,0,12,12,228,64,32
sm_100a,168,0,96,0,0,4,4,228,21,32
sm_100a,168,0,96,1,0,4,4,228,21,32
sm_100a,168,0,128,0,0,3,3,228,16,32
sm_100a,168,0,128,1,0,3,3,228,16,32
sm_100a,168,0,256,0,0,1,1,228,8,32
sm_100a,168,0,256,1,0,1,1,228,8,32
sm_100a,168,0,384,0,0,1,1,228,5,32
sm_100a,168,0,384,1,0,1,1,228,5,32
sm_100a,168,0,512,0,0,0,0,228,4,32
sm_100a,168,0,512,1,0,0,0,228,4,32
sm_100a,168,0,1024,0,0,0,0,228,2,32
sm_100a,168,0,1024,1,0,0,0,228,2,32
sm_100a,168,128,32,0,0,12,12,202,64,32
sm_100a,168,128,32,1,0,12,12,202,64,32
sm_100a,168,128,96,0,0,4,4,202,21,32
sm_100a,168,128,96,1,0,4,4,202,21,32
sm_100a,168,128,128,0,0,3,3,202,16,32
sm_100a,168,128,128,1,0,3,3,202,16,32
sm_100a,168,128,256,0,0,1,1,202,8,32
sm_100a,168,128,256,1,0,1,1,202,8,32
sm_100a,168,128,384,0,0,1,1,202,5,32
sm_100a,168,128,384,1,0,1,1,202,5,32
sm_100a,168,128,512,0,0,0,0,202,4,32
sm_100a,168,128,512,1,0,0,0,202,4,32
sm_100a,168,128,1024,0,0,0,0,202,2,32
sm_100a,168,128,1024,1,0,0,0,202,2,32
sm_100a,168,8192,32,0,0,12,12,25,64,32
sm_100a,168,8192,32,1,0,12,12,25,64,32
sm_100a,168,8192,96,0,0,4,4,25,21,32
sm_100a,168,8192,96,1,0,4,4,25,21,32
sm_100a,168,8192,128,0,0,3,3,25,16,32
sm_100a,168,8192,128,1,0,3,3,25,16,32
sm_100a,168,8192,256,0,0,1,1,25,8,32
sm_100a,168,8192,256,1,0,1,1,25,8,32
sm_100a,168,8192,384,0,0,1,1,25,5,32
sm_100a,168,8192,384,1,0,1,1,25,5,32
sm_100a,168,8192,512,0,0,0,0,25,4,32
sm_100a,168,8192,512,1,0,0,0,25,4,32
sm_100a,168,8192,1024,0,0,0,0,25,2,32
sm_100a,168,8192,1024,1,0,0,0,25,2,32
sm_100a,168,32768,32,0,0,6,12,6,64,32
sm_100a,168,32768,32,1,0,6,12,6,64,32
sm_100a,168,32768,96,0,0,4,4,6,21,32
sm_100a,168,32768,96,1,0,4,4,6,21,32
sm_100a,168,32768,128,0,0,3,3,6,16,32
sm_100a,168,32768,128,1,0,3,3,6,16,32
sm_100a,168,32768,256,0,0,1,1,6,8,32
sm_100a,168,32768,256,1,0,1,1,6,8,32
sm_100a,168,32768,384,0,0,1,1,6,5,32
sm_100a,168,32768,384,1,0,1,1,6,5,32
sm_100a,168,32768,512,0,0,0,0,6,4,32
sm_100a,168,32768,512,1,0,0,0,6,4,32
sm_100a,168,32768,1024,0,0,0,0,6,2,32
sm_100a,168,32768,1024,1,0,0,0,6,2,32
sm_100a,168,49152,32,0,0,4,12,4,64,32
sm_100a,168,49152,32,1,0,4,12,4,64,32
sm_100a,168,49152,96,0,0,4,4,4,21,32
sm_100a,168,49152,96,1,0,4,4,4,21,32
sm_100a,168,49152,128,0,0,3,3,4,16,32
sm_100a,168,49152,128,1,0,3,3,4,16,32
sm_100a,168,49152,256,0,0,1,1,4,8,32
sm_100a,168,49152,256,1,0,1,1,4,8,32
sm_100a,168,49152,384,0,0,1,1,4,5,32
sm_100a,168,49152,384,1,0,1,1,4,5,32
sm_100a,168,49152,512,0,0,0,0,4,4,32
sm_100a,168,49152,512,1,0,0,0,4,4,32
sm_100a,168,49152,1024,0,0,0,0,4,2,32
sm_100a,168,49152,1024,1,0,0,0,4,2,32
sm_100a,168,98304,32,0,0,2,12,2,64,32
sm_100a,168,98304,32,1,0,2,12,2,64,32
sm_100a,168,98304,96,0,0,2,4,2,21,32
sm_100a,168,98304,96,1,0,2,4,2,21,32
sm_100a,168,98304,128,0,0,2,3,2,16,32
sm_100a,168,98304,128,1,0,2,3,2,16,32
sm_100a,168,98304,256,0,0,1,1,2,8,32
sm_100a,168,98304,256,1,0,1,1,2,8,32
sm_100a,168,98304,384,0,0,1,1,2,5,32
sm_100a,168,98304,384,1,0,1,1,2,5,32
sm_100a,168,98304,512,0,0,0,0,2,4,32
sm_100a,168,98304,512,1,0,0,0,2,4,32
sm_100a,168,98304,1024,0,0,0,0,2,2,32
sm_100a,168,98304,1024,1,0,0,0,2,2,32
sm_100a,168,200000,32,0,0,1,12,1,64,32
sm_100a,168,200000,32,1,0,1,12,1,64,32
sm_100a,168,200000,96,0,0,1,4,1,21,32
sm_100a,168,200000,96,1,0,1,4,1,21,32
sm_100a,168,200000,128,0,0,1,3,1,16,32
sm_100a,168,200000,128,1,0,1,3,1,16,32
sm_100a,168,200000,256,0,0,1,1,1,8,32
sm_100a,168,200000,256,1,0,1,1,1,8,32
sm_100a,168,200000,384,0,0,1,1,1,5,32
sm_100a,168,200000,384,1,0,1,1,1,5,32
sm_100a,168,200000,512,0,0,0,0,1,4,32
sm_100a,168,200000,512,1,0,0,0,1,4,32
sm_100a,168,200000,1024,0,0,0,0,1,2,32
sm_100a,168,200000,1024,1,0,0,0,1,2,32
sm_100a,255,0,32,0,0,8,8,228,64,32
sm_100a,255,0,32,1,0,8,8,228,64,32
sm_100a,255,0,96,0,0,2,2,228,21,32
sm_100a,255,0,96,1,0,2,2,228,21,32
sm_100a,255,0,128,0,0,2,2,228,16,32
sm_100a,255,0,128,1,0,2,2,228,16,32
sm_100a,255,0,256,0,0,1,1,228,8,32
sm_100a,255,0,256,1,0,1,1,228,8,32
sm_100a,255,0,384,0,0,0,0,228,5,32
sm_100a,255,0,384,1,0,0,0,228,5,32
sm_100a,255,0,512,0,0,0,0,228,4,32
sm_100a,255,0,512,1,0,0,0,228,4,32
sm_100a,255,0,1024,0,0,0,0,228,2,32
sm_100a,255,0,1024,1,0,0,0,228,2,32
sm_100a,255,128,32,0,0,8,8,202,64,32
sm_100a,255,128,32,1,0,8,8,202,64,32
sm_100a,255,128,96,0,0,2,2,202,21,32
sm_100a,255,128,96,1,0,2,2,202,21,32
sm_100a,255,128,128,0,0,2,2,202,16,32
sm_100a,255,128,128,1,0,2,2,202,16,32
sm_100a,255,128,256,0,0,1,1,202,8,32
sm_100a,255,128,256,1,0,1,1,202,8,32
sm_100a,255,128,384,0,0,0,0,202,5,32
sm_100a,255,128,384,1,0,0,0,202,5,32
sm_100a,255,128,512,0,0,0,0,202,4,32
sm_100a,255,128,512,1,0,0,0,202,4,32
sm_100a,255,128,1024,0,0,0,0,202,2,32
sm_100a,255,128,1024,1,0,0,0,202,2,32
sm_100a,255,8192,32,0,0,8,8,25,64,32
sm_100a,255,8192,32,1,0,8,8,25,64,32
sm_100a,255,8192,96,0,0,2,2,25,21,32
sm_100a,255,8192,96,1,0,2,2,25,21,32
sm_100a,255,8192,128,0,0,2,2,25,16,32
sm_100a,255,8192,128,1,0,2,2,25,16,32
sm_100a,255,8192,256,0,0,1,1,25,8,32
sm_100a,255,8192,256,1,0,1,1,25,8,32
sm_100a,255,8192,384,0,0,0,0,25,5,32
sm_100a,255,8192,384,1,0,0,0,25,5,32
sm_100a,255,8192,512,0,0,0,0,25,4,32
sm_100a,255,8192,512,1,0,0,0,25,4,32
sm_100a,255,8192,1024,0,0,0,0,25,2,32
sm_100a,255,8192,1024,1,0,0,0,25,2,32
sm_100a,255,32768,32,0,0,6,8,6,64,32
sm_100a,255,32768,32,1,0,6,8,6,64,32
sm_100a,255,32768,96,0,0,2,2,6,21,32
sm_100a,255,32768,96,1,0,2,2,6,21,32
sm_100a,255,32768,128,0,0,2,2,6,16,32
sm_100a,255,32768,128,1,0,2,2,6,16,32
sm_100a,255,32768,256,0,0,1,1,6,8,32
sm_100a,255,32768,256,1,0,1,1,6,8,32
sm_100a,255,32768,384,0,0,0,0,6,5,32
sm_100a,255,32768,384,1,0,0,0,6,5,32
sm_100a,255,32768,512,0,0,0,0,6,4,32
sm_100a,255,32768,512,1,0,0,0,6,4,32
sm_100a,255,32768,1024,0,0,0,0,6,2,32
sm_100a,255,32768,1024,1,0,0,0,6,2,32
sm_100a,255,49152,32,0,0,4,8,4,64,32
sm_100a,255,49152,32,1,0,4,8,4,64,32
sm_100a,255,49152,96,0,0,2,2,4,21,32
sm_100a,255,49152,96,1,0,2,2,4,21,32
sm_100a,255,49152,128,0,0,2,2,4,16,32
sm_100a,255,49152,128,1,0,2,2,4,16,32
sm_100a,255,49152,256,0,0,1,1,4,8,32
sm_100a,255,49152,256,1,0,1,1,4,8,32
sm_100a,255,49152,384,0,0,0,0,4,5,32
sm_100a,255,49152,384,1,0,0,0,4,5,32
sm_100a,255,49152,512,0,0,0,0,4,4,32
sm_100a,255,49152,512,1,0,0,0,4,4,32
sm_100a,255,49152,1024,0,0,0,0,4,2,32
sm_100a,255,49152,1024,1,0,0,0,4,2,32
sm_100a,255,98304,32,0,0,2,8,2,64,32
sm_100a,255,98304,32,1,0,2,8,2,64,32
sm_100a,255,98304,96,0,0,2,2,2,21,32
sm_100a,255,98304,96,1,0,2,2,2,21,32
sm_100a,255,98304,128,0,0,2,2,2,16,32
sm_100a,255,98304,128,1,0,2,2,2,16,32
sm_100a,255,98304,256,0,0,1,1,2,8,32
sm_100a,255,98304,256,1,0,1,1,2,8,32
sm_100a,255,98304,384,0,0,0,0,2,5,32
sm_100a,255,98304,384,1,0,0,0,2,5,32
sm_100a,255,98304,512,0,0,0,0,2,4,32
sm_100a,255,98304,512,1,0,0,0,2,4,32
sm_100a,255,98304,1024,0,0,0,0,2,2,32
sm_100a,255,98304,1024,1,0,0,0,2,2,32
sm_100a,255,200000,32,0,0,1,8,1,64,32
sm_100a,255,200000,32,1,0,1,8,1,64,32
sm_100a,255,200000,96,0,0,1,2,1,21,32
sm_100a,255,200000,96,1,0,1,2,1,21,32
sm_100a,255,200000,128,0,0,1,2,1,16,32
sm_100a,255,200000,128,1,0,1,2,1,16,32
sm_100a,255,200000,256,0,0,1,1,1,8,32
sm_100a,255,200000,256,1,0,1,1,1,8,32
sm_100a,255,200000,384,0,0,0,0,1,5,32
sm_100a,255,200000,384,1,0,0,0,1,5,32
sm_100a,255,200000,512,0,0,0,0,1,4,32
sm_100a,255,200000,512,1,0,0,0,1,4,32
sm_100a,255,200000,1024,0,0,0,0,1,2,32
sm_100a,255,200000,1024,1,0,0,0,1,2,32
sm_120,16,0,32,0,0,24,128,100,48,24
sm_120,16,0,32,1,0,24,128,100,48,24
sm_120,16,0,96,0,0,16,42,100,16,24
sm_120,16,0,96,1,0,16,42,100,16,24
sm_120,16,0,128,0,0,12,32,100,12,24
sm_120,16,0,128,1,0,12,32,100,12,24
sm_120,16,0,256,0,0,6,16,100,6,24
sm_120,16,0,256,1,0,6,16,100,6,24
sm_120,16,0,384,0,0,4,10,100,4,24
sm_120,16,0,384,1,0,4,10,100,4,24
sm_120,16,0,512,0,0,3,8,100,3,24
sm_120,16,0,512,1,0,3,8,100,3,24
sm_120,16,0,1024,0,0,1,4,100,1,24
sm_120,16,0,1024,1,0,1,4,100,1,24
sm_120,16,128,32,0,0,24,128,88,48,24
sm_120,16,128,32,1,0,24,128,88,48,24
sm_120,16,128,96,0,0,16,42,88,16,24
sm_120,16,128,96,1,0,16,42,88,16,24
sm_120,16,128,128,0,0,12,32,88,12,24
sm_120,16,128,128,1,0,12,32,88,12,24
sm_120,16,128,256,0,0,6,16,88,6,24
sm_120,16,128,256,1,0,6,16,88,6,24
sm_120,16,128,384,0,0,4,10,88,4,24
sm_120,16,128,384,1,0,4,10,88,4,24
sm_120,16,128,512,0,0,3,8,88,3,24
sm_120,16,128,512,1,0,3,8,88,3,24
sm_120,16,128,1024,0,0,1,4,88,1,24
sm_120,16,128,1024,1,0,1,4,88,1,24
sm_120,16,8192,32,0,0,11,128,11,48,24
sm_120,16,8192,32,1,0,11,128,11,48,24
sm_120,16,8192,96,0,0,11,42,11,16,24
sm_120,16,8192,96,1,0,11,42,11,16,24
sm_120,16,8192,128,0,0,11,32,11,12,24
sm_120,16,8192,128,1,0,11,32,11,12,24
sm_120,16,8192,256,0,0,6,16,11,6,24
sm_120,16,8192,256,1,0,6,16,11,6,24
sm_120,16,8192,384,0,0,4,10,11,4,24
sm_120,16,8192,384,1,0,4,10,11,4,24
sm_120,16,8192,512,0,0,3,8,11,3,24
sm_120,16,8192,512,1,0,3,8,11,3,24
sm_120,16,8192,1024,0,0,1,4,11,1,24
sm_120,16,8192,1024,1,0,1,4,11,1,24
sm_120,16,32768,32,0,0,3,128,3,48,24
sm_120,16,32768,32,1,0,3,128,3,48,24
sm_120,16,32768,96,0,0,3,42,3,16,24
sm_120,16,32768,96,1,0,3,42,3,16,24
sm_120,16,32768,128,0,0,3,32,3,12,24
sm_120,16,32768,128,1,0,3,32,3,12,24
sm_120,16,32768,256,0,0,3,16,3,6,24
sm_120,16,32768,256,1,0,3,16,3,6,24
sm_120,16,32768,384,0,0,3,10,3,4,24
sm_120,16,32768,384,1,0,3,10,3,4,24
sm_120,16,32768,512,0,0,3,8,3,3,24
sm_120,16,32768,512,1,0,3,8,3,3,24
sm_120,16,32768,1024,0,0,1,4,3,1,24
sm_120,16,32768,1024,1,0,1,4,3,1,24
sm_120,16,49152,32,0,0,2,128,2,48,24
sm_120,16,49152,32,1,0,2,128,2,48,24
sm_120,16,49152,96,0,0,2,42,2,16,24
sm_120,16,49152,96,1,0,2,42,2,16,24
sm_120,16,49152,128,0,0,2,32,2,12,24
sm_120,16,49152,128,1,0,2,32,2,12,24
sm_120,16,49152,256,0,0,2,16,2,6,24
sm_120,16,49152,256,1,0,2,16,2,6,24
sm_120,16,49152,384,0,0,2,10,2,4,24
sm_120,16,49152,384,1,0,2,10,2,4,24
sm_120,16,49152,512,0,0,2,8,2,3,24
sm_120,16,49152,512,1,0,2,8,2,3,24
sm_120,16,49152,1024,0,0,1,4,2,1,24
sm_120,16,49152,1024,1,0,1,4,2,1,24
sm_120,16,98304,32,0,0,1,128,1,48,24
sm_120,16,98304,32,1,0,1,128,1,48,24
sm_120,16,98304,96,0,0,1,42,1,16,24
sm_120,16,98304,96,1,0,1,42,1,16,24
sm_120,16,98304,128,0,0,1,32,1,12,24
sm_120,16,98304,128,1,0,1,32,1,12,24
sm_120,16,98304,256,0,0,1,16,1,6,24
sm_120,16,98304,256,1,0,1,16,1,6,24
sm_120,16,98304,384,0,0,1,10,1,4,24
sm_120,16,98304,384,1,0,1,10,1,4,24
sm_120,16,98304,512,0,0,1,8,1,3,24
sm_120,16,98304,512,1,0,1,8,1,3,24
sm_120,16,98304,1024,0,0,1,4,1,1,24
sm_120,16,98304,1024,1,0,1,4,1,1,24
sm_120,16,200000,32,0,0,0,128,0,48,24
sm_120,16,200000,32,1,0,0,128,0,48,24
sm_120,16,200000,96,0,0,0,42,0,16,24
sm_120,16,200000,96,1,0,0,42,0,16,24
sm_120,16,200000,128,0,0,0,32,0,12,24
sm_120,16,200000,128,1,0,0,32,0,12,24
sm_120,16,200000,256,0,0,0,16,0,6,24
sm_120,16,200000,256,1,0,0,16,0,6,24
sm_120,16,200000,384,0,0,0,10,0,4,24
sm_120,16,200000,384,1,0,0,10,0,4,24
sm_120,16,200000,512,0,0,0,8,0,3,24
sm_120,16,200000,512,1,0,0,8,0,3,24
sm_120,16,200000,1024,0,0,0,4,0,1,24
sm_120,16,200000,1024,1,0,0,4,0,1,24
sm_120,32,0,32,0,0,24,64,100,48,24
sm_120,32,0,32,1,0,24,64,100,48,24
sm_120,32,0,96,0,0,16,21,100,16,24
sm_120,32,0,96,1,0,16,21,100,16,24
sm_120,32,0,128,0,0,12,16,100,12,24
sm_120,32,0,128,1,0,12,16,100,12,24
sm_120,32,0,256,0,0,6,8,100,6,24
sm_120,32,0,256,1,0,6,8,100,6,24
sm_120,32,0,384,0,0,4,5,100,4,24
sm_120,32,0,384,1,0,4,5,100,4,24
sm_120,32,0,512,0,0,3,4,100,3,24
sm_120,32,0,512,1,0,3,4,100,3,24
sm_120,32,0,1024,0,0,1,2,100,1,24
sm_120,32,0,1024,1,0,1,2,100,1,24
sm_120,32,128,32,0,0,24,64,88,48,24
sm_120,32,128,32,1,0,24,64,88,48,24
sm_120,32,128,96,0,0,16,21,88,16,24
sm_120,32,128,96,1,0,16,21,88,16,24
sm_120,32,128,128,0,0,12,16,88,12,24
sm_120,32,128,128,1,0,12,16,88,12,24
sm_120,32,128,256,0,0,6,8,88,6,24
sm_120,32,128,256,1,0,6,8,88,6,24
sm_120,32,128,384,0,0,4,5,88,4,24
sm_120,32,128,384,1,0,4,5,88,4,24
sm_120,32,128,512,0,0,3,4,88,3,24
sm_120,32,128,512,1,0,3,4,88,3,24
sm_120,32,128,1024,0,0,1,2,88,1,24
sm_120,32,128,1024,1,0,1,2,88,1,24
sm_120,32,8192,32,0,0,11,64,11,48,24
sm_120,32,8192,32,1,0,11,64,11,48,24
sm_120,32,8192,96,0,0,11,21,11,16,24
sm_120,32,8192,96,1,0,11,21,11,16,24
sm_120,32,8192,128,0,0,11,16,11,12,24
sm_120,32,8192,128,1,0,11,16,11,12,24
sm_120,32,8192,256,0,0,6,8,11,6,24
sm_120,32,8192,256,1,0,6,8,11,6,24
sm_120,32,8192,384,0,0,4,5,11,4,24
sm_120,32,8192,384,1,0,4,5,11,4,24
sm_120,32,8192,512,0,0,3,4,11,3,24
sm_120,32,8192,512,1,0,3,4,11,3,24
sm_120,32,8192,1024,0,0,1,2,11,1,24
sm_120,32,8192,1024,1,0,1,2,11,1,24
sm_120,32,32768,32,0,0,3,64,3,48,24
sm_120,32,32768,32,1,0,3,64,3,48,24
sm_120,32,32768,96,0,0,3,21,3,16,24
sm_120,32,32768,96,1,0,3,21,3,16,24
sm_120,32,32768,128,0,0,3,16,3,12,24
sm_120,32,32768,128,1,0,3,16,3,12,24
sm_120,32,32768,256,0,0,3,8,3,6,24
sm_120,32,32768,256,1,0,3,8,3,6,24
sm_120,32,32768,384,0,0,3,5,3,4,24
sm_120,32,32768,384,1,0,3,5,3,4,24
sm_120,32,32768,512,0,0,3,4,3,3,24
sm_120,32,32768,512,1,0,3,4,3,3,24
sm_120,32,32768,1024,0,0,1,2,3,1,24
sm_120,32,32768,1024,1,0,1,2,3,1,24
sm_120,32,49152,32,0,0,2,64,2,48,24
sm_120,32,49152,32,1,0,2,64,2,48,24
sm_120,32,49152,96,0,0,2,21,2,16,24
sm_120,32,49152,96,1,0,2,21,2,16,24
sm_120,32,49152,128,0,0,2,16,2,12,24
sm_120,32,49152,128,1,0,2,16,2,12,24
sm_120,32,49152,256,0,0,2,8,2,6,24
sm_120,32,49152,256,1,0,2,8,2,6,24
sm_120,32,49152,384,0,0,2,5,2,4,24
sm_120,32,49152,384,1,0,2,5,2,4,24
sm_120,32,49152,512,0,0,2,4,2,3,24
sm_120,32,49152,512,1,0,2,4,2,3,24
sm_120,32,49152,1024,0,0,1,2,2,1,24
sm_120,32,49152,1024,1,0,1,2,2,1,24
sm_120,32,98304,32,0,0,1,64,1,48,24
sm_120,32,98304,32,1,0,1,64,1,48,24
sm_120,32,98304,96,0,0,1,21,1,16,24
sm_120,32,98304,96,1,0,1,21,1,16,24
sm_120,32,98304,128,0,0,1,16,1,12,24
sm_120,32,98304,128,1,0,1,16,1,12,24
sm_120,32,98304,256,0,0,1,8,1,6,24
sm_120,32,98304,256,1,0,1,8,1,6,24
sm_120,32,98304,384,0,0,1,5,1,4,24
sm_120,32,98304,384,1,0,1,5,1,4,24
sm_120,32,98304,512,0,0,1,4,1,3,24
sm_120,32,98304,512,1,0,1,4,1,3,24
sm_120,32,98304,1024,0,0,1,2,1,1,24
sm_120,32,98304,1024,1,0,1,2,1,1,24
sm_120,32,200000,32,0,0,0,64,0,48,24
sm_120,32,200000,32,1,0,0,64,0,48,24
sm_120,32,200000,96,0,0,0,21,0,16,24
sm_120,32,200000,96,1,0,0,21,0,16,24
sm_120,32,200000,128,0,0,0,16,0,12,24
sm_120,32,200000,128,1,0,0,16,0,12,24
sm_120,32,200000,256,0,0,0,8,0,6,24
sm_120,32,200000,256,1,0,0,8,0,6,24
sm_120,32,200000,384,0,0,0,5,0,4,24
sm_120,32,200000,384,1,0,0,5,0,4,24
sm_120,32,200000,512,0,0,0,4,0,3,24
sm_120,32,200000,512,1,0,0,4,0,3,24
sm_120,32,200000,1024,0,0,0,2,0,1,24
sm_120,32,200000,1024,1,0,0,2,0,1,24
sm_120,40,0,32,0,0,24,48,100,48,24
sm_120,40,0,32,1,0,24,48,100,48,24
sm_120,40,0,96,0,0,16,16,100,16,24
sm_120,40,0,96,1,0,16,16,100,16,24
sm_120,40,0,128,0,0,12,12,100,12,24
sm_120,40,0,128,1,0,12,12,100,12,24
sm_120,40,0,256,0,0,6,6,100,6,24
sm_120,40,0,256,1,0,6,6,100,6,24
sm_120,40,0,384,0,0,4,4,100,4,24
sm_120,40,0,384,1,0,4,4,100,4,24
sm_120,40,0,512,0,0,3,3,100,3,24
sm_120,40,0,512,1,0,3,3,100,3,24
sm_120,40,0,1024,0,0,1,1,100,1,24
sm_120,40,0,1024,1,0,1,1,100,1,24
sm_120,40,128,32,0,0,24,48,88,48,24
sm_120,40,128,32,1,0,24,48,88,48,24
sm_120,40,128,96,0,0,16,16,88,16,24
sm_120,40,128,96,1,0,16,16,88,16,24
sm_120,40,128,128,0,0,12,12,88,12,24
sm_120,40,128,128,1,0,12,12,88,12,24
sm_120,40,128,256,0,0,6,6,88,6,24
sm_120,40,128,256,1,0,6,6,88,6,24
sm_120,40,128,384,0,0,4,4,88,4,24
sm_120,40,128,384,1,0,4,4,88,4,24
sm_120,40,128,512,0,0,3,3,88,3,24
sm_120,40,128,512,1,0,3,3,88,3,24
sm_120,40,128,1024,0,0,1,1,88,1,24
sm_120,40,128,1024,1,0,1,1,88,1,24
sm_120,40,8192,32,0,0,11,48,11,48,24
sm_120,40,8192,32,1,0,11,48,11,48,24
sm_120,40,8192,96,0,0,11,16,11,16,24
sm_120,40,8192,96,1,0,11,16,11,16,24
sm_120,40,8192,128,0,0,11,12,11,12,24
sm_120,40,8192,128,1,0,11,12,11,12,24
sm_120,40,8192,256,0,0,6,6,11,6,24
sm_120,40,8192,256,1,0,6,6,11,6,24
sm_120,40,8192,384,0,0,4,4,11,4,24
sm_120,40,8192,384,1,0,4,4,11,4,24
sm_120,40,8192,512,0,0,3,3,11,3,24
sm_120,40,8192,512,1,0,3,3,11,3,24
sm_120,40,8192,1024,0,0,1,1,11,1,24
sm_120,40,8192,1024,1,0,1,1,11,1,24
sm_120,40,32768,32,0,0,3,48,3,48,24
sm_120,40,32768,32,1,0,3,48,3,48,24
sm_120,40,32768,96,0,0,3,16,3,16,24
sm_120,40,32768,96,1,0,3,16,3,16,24
sm_120,40,32768,128,0,0,3,12,3,12,24
sm_120,40,32768,128,1,0,3,12,3,12,24
sm_120,40,32768,256,0,0,3,6,3,6,24
sm_120,40,32768,256,1,0,3,6,3,6,24
sm_120,40,32768,384,0,0,3,4,3,4,24
sm_120,40,32768,384,1,0,3,4,3,4,24
sm_120,40,32768,512,0,0,3,3,3,3,24
sm_120,40,32768,512,1,0,3,3,3,3,24
sm_120,40,32768,1024,0,0,1,1,3,1,24
sm_120,40,32768,1024,1,0,1,1,3,1,24
sm_120,40,49152,32,0,0,2,48,2,48,24
sm_120,40,49152,32,1,0,2,48,2,48,24
sm_120,40,49152,96,0,0,2,16,2,16,24
sm_120,40,49152,96,1,0,2,16,2,16,24
sm_120,40,49152,128,0,0,2,12,2,12,24
sm_120,40,49152,128,1,0,2,12,2,12,24
sm_120,40,49152,256,0,0,2,6,2,6,24
sm_120,40,49152,256,1,0,2,6,2,6,24
sm_120,40,49152,384,0,0,2,4,2,4,24
sm_120,40,49152,384,1,0,2,4,2,4,24
sm_120,40,49152,512,0,0,2,3,2,3,24
sm_120,40,49152,512,1,0,2,3,2,3,24
sm_120,40,49152,1024,0,0,1,1,2,1,24
sm_120,40,49152,1024,1,0,1,1,2,1,24
sm_120,40,98304,32,0,0,1,48,1,48,24
sm_120,40,98304,32,1,0,1,48,1,48,24
sm_120,40,98304,96,0,0,1,16,1,16,24
sm_120,40,98304,96,1,0,1,16,1,16,24
sm_120,40,98304,128,0,0,1,12,1,12,24
sm_120,40,98304,128,1,0,1,12,1,12,24
sm_120,40,98304,256,0,0,1,6,1,6,24
sm_120,40,98304,256,1,0,1,6,1,6,24
sm_120,40,98304,384,0,0,1,4,1,4,24
sm_120,40,98304,384,1,0,1,4,1,4,24
sm_120,40,98304,512,0,0,1,3,1,3,24
sm_120,40,98304,512,1,0,1,3,1,3,24
sm_120,40,98304,1024,0,0,1,1,1,1,24
sm_120,40,98304,1024,1,0,1,1,1,1,24
sm_120,40,200000,32,0,0,0,48,0,48,24
sm_120,40,200000,32,1,0,0,48,0,48,24
sm_120,40,200000,96,0,0,0,16,0,16,24
sm_120,40,200000,96,1,0,0,16,0,16,24
sm_120,40,200000,128,0,0,0,12,0,12,24
sm_120,40,200000,128,1,0,0,12,0,12,24
sm_120,40,200000,256,0,0,0,6,0,6,24
sm_120,40,200000,256,1,0,0,6,0,6,24
sm_120,40,200000,384,0,0,0,4,0,4,24
sm_120,40,200000,384,1,0,0,4,0,4,24
sm_120,40,200000,512,0,0,0,3,0,3,24
sm_120,40,200000,512,1,0,0,3,0,3,24
sm_120,40,200000,1024,0,0,0,1,0,1,24
sm_120,40,200000,1024,1,0,0,1,0,1,24
sm_120,64,0,32,0,0,24,32,100,48,24
sm_120,64,0,32,1,0,24,32,100,48,24
sm_120,64,0,96,0,0,10,10,100,16,24
sm_120,64,0,96,1,0,10,10,100,16,24
sm_120,64,0,128,0,0,8,8,100,12,24
sm_120,64,0,128,1,0,8,8,100,12,24
sm_120,64,0,256,0,0,4,4,100,6,24
sm_120,64,0,256,1,0,4,4,100,6,24
sm_120,64,0,384,0,0,2,2,100,4,24
sm_120,64,0,384,1,0,2,2,100,4,24
sm_120,64,0,512,0,0,2,2,100,3,24
sm_120,64,0,512,1,0,2,2,100,3,24
sm_120,64,0,1024,0,0,1,1,100,1,24
sm_120,64,0,1024,1,0,1,1,100,1,24
sm_120,64,128,32,0,0,24,32,88,48,24
sm_120,64,128,32,1,0,24,32,88,48,24
sm_120,64,128,96,0,0,10,10,88,16,24
sm_120,64,128,96,1,0,10,10,88,16,24
sm_120,64,128,128,0,0,8,8,88,12,24
sm_120,64,128,128,1,0,8,8,88,12,24
sm_120,64,128,256,0,0,4,4,88,6,24
sm_120,64,128,256,1,0,4,4,88,6,24
sm_120,64,128,384,0,0,2,2,88,4,24
sm_120,64,128,384,1,0,2,2,88,4,24
sm_120,64,128,512,0,0,2,2,88,3,24
sm_120,64,128,512,1,0,2,2,88,3,24
sm_120,64,128,1024,0,0,1,1,88,1,24
sm_120,64,128,1024,1,0,1,1,88,1,24
sm_120,64,8192,32,0,0,11,32,11,48,24
sm_120,64,8192,32,1,0,11,32,11,48,24
sm_120,64,8192,96,0,0,10,10,11,16,24
sm_120,64,8192,96,1,0,10,10,11,16,24
sm_120,64,8192,128,0,0,8,8,11,12,24
sm_120,64,8192,128,1,0,8,8,11,12,24
sm_120,64,8192,256,0,0,4,4,11,6,24
sm_120,64,8192,256,1,0,4,4,11,6,24
sm_120,64,8192,384,0,0,2,2,11,4,24
sm_120,64,8192,384,1,0,2,2,11,4,24
sm_120,64,8192,512,0,0,2,2,11,3,24
sm_120,64,8192,512,1,0,2,2,11,3,24
sm_120,64,8192,1024,0,0,1,1,11,1,24
sm_120,64,8192,1024,1,0,1,1,11,1,24
sm_120,64,32768,32,0,0,3,32,3,48,24
sm_120,64,32768,32,1,0,3,32,3,48,24
sm_120,64,32768,96,0,0,3,10,3,16,24
sm_120,64,32768,96,1,0,3,10,3,16,24
sm_120,64,32768,128,0,0,3,8,3,12,24
sm_120,64,32768,128,1,0,3,8,3,12,24
sm_120,64,32768,256,0,0,3,4,3,6,24
sm_120,64,32768,256,1,0,3,4,3,6,24
sm_120,64,32768,384,0,0,2,2,3,4,24
sm_120,64,32768,384,1,0,2,2,3,4,24
sm_120,64,32768,512,0,0,2,2,3,3,24
sm_120,64,32768,512,1,0,2,2,3,3,24
sm_120,64,32768,1024,0,0,1,1,3,1,24
sm_120,64,32768,1024,1,0,1,1,3,1,24
sm_120,64,49152,32,0,0,2,32,2,48,24
sm_120,64,49152,32,1,0,2,32,2,48,24
sm_120,64,49152,96,0,0,2,10,2,16,24
sm_120,64,49152,96,1,0,2,10,2,16,24
sm_120,64,49152,128,0,0,2,8,2,12,24
sm_120,64,49152,128,1,0,2,8,2,12,24
sm_120,64,49152,256,0,0,2,4,2,6,24
sm_120,64,49152,256,1,0,2,4,2,6,24
sm_120,64,49152,384,0,0,2,2,2,4,24
sm_120,64,49152,384,1,0,2,2,2,4,24
sm_120,64,49152,512,0,0,2,2,2,3,24
sm_120,64,49152,512,1,0,2,2,2,3,24
sm_120,64,49152,1024,0,0,1,1,2,1,24
sm_120,64,49152,1024,1,0,1,1,2,1,24
sm_120,64,98304,32,0,0,1,32,1,48,24
sm_120,64,98304,32,1,0,1,32,1,48,24
sm_120,64,98304,96,0,0,1,10,1,16,24
sm_120,64,98304,96,1,0,1,10,1,16,24
sm_120,64,98304,128,0,0,1,8,1,12,24
sm_120,64,98304,128,1,0,1,8,1,12,24
sm_120,64,98304,256,0,0,1,4,1,6,24
sm_120,64,98304,256,1,0,1,4,1,6,24
sm_120,64,98304,384,0,0,1,2,1,4,24
sm_120,64,98304,384,1,0,1,2,1,4,24
sm_120,64,98304,512,0,0,1,2,1,3,24
sm_120,64,98304,512,1,0,1,2,1,3,24
sm_120,64,98304,1024,0,0,1,1,1,1,24
sm_120,64,98304,1024,1,0,1,1,1,1,24
sm_120,64,200000,32,0,0,0,32,0,48,24
sm_120,64,200000,32,1,0,0,32,0,48,24
sm_120,64,200000,96,0,0,0,10,0,16,24
sm_120,64,200000,96,1,0,0,10,0,16,24
sm_120,64,200000,128,0,0,0,8,0,12,24
sm_120,64,200000,128,1,0,0,8,0,12,24
sm_120,64,200000,256,0,0,0,4,0,6,24
sm_120,64,200000,256,1,0,0,4,0,6,24
sm_120,64,200000,384,0,0,0,2,0,4,24
sm_120,64,200000,384,1,0,0,2,0,4,24
sm_120,64,200000,512,0,0,0,2,0,3,24
sm_120,64,200000,512,1,0,0,2,0,3,24
sm_120,64,200000,1024,0,0,0,1,0,1,24
sm_120,64,200000,1024,1,0,0,1,0,1,24
sm_120,72,0,32,0,0,24,28,100,48,24
sm_120,72,0,32,1,0,24,28,100,48,24
sm_120,72,0,96,0,0,9,9,100,16,24
sm_120,72,0,96,1,0,9,9,100,16,24
sm_120,72,0,128,0,0,7,7,100,12,24
sm_120,72,0,128,1,0,7,7,100,12,24
sm_120,72,0,256,0,0,3,3,100,6,24
sm_120,72,0,256,1,0,3,3,100,6,24
sm_120,72,0,384,0,0,2,2,100,4,24
sm_120,72,0,384,1,0,2,2,100,4,24
sm_120,72,0,512,0,0,1,1,100,3,24
sm_120,72,0,512,1,0,1,1,100,3,24
sm_120,72,0,1024,0,0,0,0,100,1,24
sm_120,72,0,1024,1,0,0,0,100,1,24
sm_120,72,128,32,0,0,24,28,88,48,24
sm_120,72,128,32,1,0,24,28,88,48,24
sm_120,72,128,96,0,0,9,9,88,16,24
sm_120,72,128,96,1,0,9,9,88,16,24
sm_120,72,128,128,0,0,7,7,88,12,24
sm_120,72,128,128,1,0,7,7,88,12,24
sm_120,72,128,256,0,0,3,3,88,6,24
sm_120,72,128,256,1,0,3,3,88,6,24
sm_120,72,128,384,0,0,2,2,88,4,24
sm_120,72,128,384,1,0,2,2,88,4,24
sm_120,72,128,512,0,0,1,1,88,3,24
sm_120,72,128,512,1,0,1,1,88,3,24
sm_120,72,128,1024,0,0,0,0,88,1,24
sm_120,72,128,1024,1,0,0,0,88,1,24
sm_120,72,8192,32,0,0,11,28,11,48,24
sm_120,72,8192,32,1,0,11,28,11,48,24
sm_120,72,8192,96,0,0,9,9,11,16,24
sm_120,72,8192,96,1,0,9,9,11,16,24
sm_120,72,8192,128,0,0,7,7,11,12,24
sm_120,72,8192,128,1,0,7,7,11,12,24
sm_120,72,8192,256,0,0,3,3,11,6,24
sm_120,72,8192,256,1,0,3,3,11,6,24
sm_120,72,8192,384,0,0,2,2,11,4,24
sm_120,72,8192,384,1,0,2,2,11,4,24
sm_120,72,8192,512,0,0,1,1,11,3,24
sm_120,72,8192,512,1,0,1,1,11,3,24
sm_120,72,8192,1024,0,0,0,0,11,1,24
sm_120,72,8192,1024,1,0,0,0,11,1,24
sm_120,72,32768,32,0,0,3,28,3,48,24
sm_120,72,32768,32,1,0,3,28,3,48,24
sm_120,72,32768,96,0,0,3,9,3,16,24
sm_120,72,32768,96,1,0,3,9,3,16,24
sm_120,72,32768,128,0,0,3,7,3,12,24
sm_120,72,32768,128,1,0,3,7,3,12,24
sm_120,72,32768,256,0,0,3,3,3,6,24
sm_120,72,32768,256,1,0,3,3,3,6,24
sm_120,72,32768,384,0,0,2,2,3,4,24
sm_120,72,32768,384,1,0,2,2,3,4,24
sm_120,72,32768,512,0,0,1,1,3,3,24
sm_120,72,32768,512,1,0,1,1,3,3,24
sm_120,72,32768,1024,0,0,0,0,3,1,24
sm_120,72,32768,1024,1,0,0,0,3,1,24
sm_120,72,49152,32,0,0,2,28,2,48,24
sm_120,72,49152,32,1,0,2,28,2,48,24
sm_120,72,49152,96,0,0,2,9,2,16,24
sm_120,72,49152,96,1,0,2,9,2,16,24
sm_120,72,49152,128,0,0,2,7,2,12,24
sm_120,72,49152,128,1,0,2,7,2,12,24
sm_120,72,49152,256,0,0,2,3,2,6,24
sm_120,72,49152,256,1,0,2,3,2,6,24
sm_120,72,49152,384,0,0,2,2,2,4,24
sm_120,72,49152,384,1,0,2,2,2,4,24
sm_120,72,49152,512,0,0,1,1,2,3,24
sm_120,72,49152,512,1,0,1,1,2,3,24
sm_120,72,49152,1024,0,0,0,0,2,1,24
sm_120,72,49152,1024,1,0,0,0,2,1,24
sm_120,72,98304,32,0,0,1,28,1,48,24
sm_120,72,98304,32,1,0,1,28,1,48,24
sm_120,72,98304,96,0,0,1,9,1,16,24
sm_120,72,98304,96,1,0,1,9,1,16,24
sm_120,72,98304,128,0,0,1,7,1,12,24
sm_120,72,98304,128,1,0,1,7,1,12,24
sm_120,72,98304,256,0,0,1,3,1,6,24
sm_120,72,98304,256,1,0,1,3,1,6,24
sm_120,72,98304,384,0,0,1,2,1,4,24
sm_120,72,98304,384,1,0,1,2,1,4,24
sm_120,72,98304,512,0,0,1,1,1,3,24
sm_120,72,98304,512,1,0,1,1,1,3,24
sm_120,72,98304,1024,0,0,0,0,1,1,24
sm_120,72,98304,1024,1,0,0,0,1,1,24
sm_120,72,200000,32,0,0,0,28,0,48,24
sm_120,72,200000,32,1,0,0,28,0,48,24
sm_120,72,200000,96,0,0,0,9,0,16,24
sm_120,72,200000,96,1,0,0,9,0,16,24
sm_120,72,200000,128,0,0,0,7,0,12,24
sm_120,72,200000,128,1,0,0,7,0,12,24
sm_120,72,200000,256,0,0,0,3,0,6,24
sm_120,72,200000,256,1,0,0,3,0,6,24
sm_120,72,200000,384,0,0,0,2,0,4,24
sm_120,72,200000,384,1,0,0,2,0,4,24
sm_120,72,200000,512,0,0,0,1,0,3,24
sm_120,72,200000,512,1,0,0,1,0,3,24
sm_120,72,200000,1024,0,0,0,0,0,1,24
sm_120,72,200000,1024,1,0,0,0,0,1,24
sm_120,96,0,32,0,0,20,20,100,48,24
sm_120,96,0,32,1,0,20,20,100,48,24
sm_120,96,0,96,0,0,6,6,100,16,24
sm_120,96,0,96,1,0,6,6,100,16,24
sm_120,96,0,128,0,0,5,5,100,12,24
sm_120,96,0,128,1,0,5,5,100,12,24
sm_120,96,0,256,0,0,2,2,100,6,24
sm_120,96,0,256,1,0,2,2,100,6,24
sm_120,96,0,384,0,0,1,1,100,4,24
sm_120,96,0,384,1,0,1,1,100,4,24
sm_120,96,0,512,0,0,1,1,100,3,24
sm_120,96,0,512,1,0,1,1,100,3,24
sm_120,96,0,1024,0,0,0,0,100,1,24
sm_120,96,0,1024,1,0,0,0,100,1,24
sm_120,96,128,32,0,0,20,20,88,48,24
sm_120,96,128,32,1,0,20,20,88,48,24
sm_120,96,128,96,0,0,6,6,88,16,24
sm_120,96,128,96,1,0,6,6,88,16,24
sm_120,96,128,128,0,0,5,5,88,12,24
sm_120,96,128,128,1,0,5,5,88,12,24
sm_120,96,128,256,0,0,2,2,88,6,24
sm_120,96,128,256,1,0,2,2,88,6,24
sm_120,96,128,384,0,0,1,1,88,4,24
sm_120,96,128,384,1,0,1,1,88,4,24
sm_120,96,128,512,0,0,1,1,88,3,24
sm_120,96,128,512,1,0,1,1,88,3,24
sm_120,96,128,1024,0,0,0,0,88,1,24
sm_120,96,128,1024,1,0,0,0,88,1,24
sm_120,96,8192,32,0,0,11,20,11,48,24
sm_120,96,8192,32,1,0,11,20,11,48,24
sm_120,96,8192,96,0,0,6,6,11,16,24
sm_120,96,8192,96,1,0,6,6,11,16,24
sm_120,96,8192,128,0,0,5,5,11,12,24
sm_120,96,8192,128,1,0,5,5,11,12,24
sm_120,96,8192,256,0,0,2,2,11,6,24
sm_120,96,8192,256,1,0,2,2,11,6,24
sm_120,96,8192,384,0,0,1,1,11,4,24
sm_120,96,8192,384,1,0,1,1,11,4,24
sm_120,96,8192,512,0,0,1,1,11,3,24
sm_120,96,8192,512,1,0,1,1,11,3,24
sm_120,96,8192,1024,0,0,0,0,11,1,24
sm_120,96,8192,1024,1,0,0,0,11,1,24
sm_120,96,32768,32,0,0,3,20,3,48,24
sm_120,96,32768,32,1,0,3,20,3,48,24
sm_120,96,32768,96,0,0,3,6,3,16,24
sm_120,96,32768,96,1,0,3,6,3,16,24
sm_120,96,32768,128,0,0,3,5,3,12,24
sm_120,96,32768,128,1,0,3,5,3,12,24
sm_120,96,32768,256,0,0,2,2,3,6,24
sm_120,96,32768,256,1,0,2,2,3,6,24
sm_120,96,32768,384,0,0,1,1,3,4,24
sm_120,96,32768,384,1,0,1,1,3,4,24
sm_120,96,32768,512,0,0,1,1,3,3,24
sm_120,96,32768,512,1,0,1,1,3,3,24
sm_120,96,32768,1024,0,0,0,0,3,1,24
sm_120,96,32768,1024,1,0,0,0,3,1,24
sm_120,96,49152,32,0,0,2,20,2,48,24
sm_120,96,49152,32,1,0,2,20,2,48,24
sm_120,96,49152,96,0,0,2,6,2,16,24
sm_120,96,49152,96,1,0,2,6,2,16,24
sm_120,96,49152,128,0,0,2,5,2,12,24
sm_120,96,49152,128,1,0,2,5,2,12,24
sm_120,96,49152,256,0,0,2,2,2,6,24
sm_120,96,49152,256,1,0,2,2,2,6,24
sm_120,96,49152,384,0,0,1,1,2,4,24
sm_120,96,49152,384,1,0,1,1,2,4,24
sm_120,96,49152,512,0,0,1,1,2,3,24
sm_120,96,49152,512,1,0,1,1,2,3,24
sm_120,96,49152,1024,0,0,0,0,2,1,24
sm_120,96,49152,1024,1,0,0,0,2,1,24
sm_120,96,98304,32,0,0,1,20,1,48,24
sm_120,96,98304,32,1,0,1,20,1,48,24
sm_120,96,98304,96,0,0,1,6,1,16,24
sm_120,96,98304,96,1,0,1,6,1,16,24
sm_120,96,98304,128,0,0,1,5,1,12,24
sm_120,96,98304,128,1,0,1,5,1,12,24
sm_120,96,98304,256,0,0,1,2,1,6,24
sm_120,96,98304,256,1,0,1,2,1,6,24
sm_120,96,98304,384,0,0,1,1,1,4,24
sm_120,96,98304,384,1,0,1,1,1,4,24
sm_120,96,98304,512,0,0,1,1,1,3,24
sm_120,96,98304,512,1,0,1,1,1,3,24
sm_120,96,98304,1024,0,0,0,0,1,1,24
sm_120,96,98304,1024,1,0,0,0,1,1,24
sm_120,96,200000,32,0,0,0,20,0,48,24
sm_120,96,200000,32,1,0,0,20,0,48,24
sm_120,96,200000,96,0,0,0,6,0,16,24
sm_120,96,200000,96,1,0,0,6,0,16,24
sm_120,96,200000,128,0,0,0,5,0,12,24
sm_120,96,200000,128,1,0,0,5,0,12,24
sm_120,96,200000,256,0,0,0,2,0,6,24
sm_120,96,200000,256,1,0,0,2,0,6,24
sm_120,96,200000,384,0,0,0,1,0,4,24
sm_120,96,200000,384,1,0,0,1,0,4,24
sm_120,96,200000,512,0,0,0,1,0,3,24
sm_120,96,200000,512,1,0,0,1,0,3,24
sm_120,96,200000,1024,0,0,0,0,0,1,24
sm_120,96,200000,1024,1,0,0,0,0,1,24
sm_120,128,0,32,0,0,16,16,100,48,24
sm_120,128,0,32,1,0,16,16,100,48,24
sm_120,128,0,96,0,0,5,5,100,16,24
sm_120,128,0,96,1,0,5,5,100,16,24
sm_120,128,0,128,0,0,4,4,100,12,24
sm_120,128,0,128,1,0,4,4,100,12,24
sm_120,128,0,256,0,0,2,2,100,6,24
sm_120,128,0,256,1,0,2,2,100,6,24
sm_120,128,0,384,0,0,1,1,100,4,24
sm_120,128,0,384,1,0,1,1,100,4,24
sm_120,128,0,512,0,0,1,1,100,3,24
sm_120,128,0,512,1,0,1,1,100,3,24
sm_120,128,0,1024,0,0,0,0,100,1,24
sm_120,128,0,1024,1,0,0,0,100,1,24
sm_120,128,128,32,0,0,16,16,88,48,24
sm_120,128,128,32,1,0,16,16,88,48,24
sm_120,128,128,96,0,0,5,5,88,16,24
sm_120,128,128,96,1,0,5,5,88,16,24
sm_120,128,128,128,0,0,4,4,88,12,24
sm_120,128,128,128,1,0,4,4,88,12,24
sm_120,128,128,256,0,0,2,2,88,6,24
sm_120,128,128,256,1,0,2,2,88,6,24
sm_120,128,128,384,0,0,1,1,88,4,24
sm_120,128,128,384,1,0,1,1,88,4,24
sm_120,128,128,512,0,0,1,1,88,3,24
sm_120,128,128,512,1,0,1,1,88,3,24
sm_120,128,128,1024,0,0,0,0,88,1,24
sm_120,128,128,1024,1,0,0,0,88,1,24
sm_120,128,8192,32,0,0,11,16,11,48,24
sm_120,128,8192,32,1,0,11,16,11,48,24
sm_120,128,8192,96,0,0,5,5,11,16,24
sm_120,128,8192,96,1,0,5,5,11,16,24
sm_120,128,8192,128,0,0,4,4,11,12,24
sm_120,128,8192,128,1,0,4,4,11,12,24
sm_120,128,8192,256,0,0,2,2,11,6,24
sm_120,128,8192,256,1,0,2,2,11,6,24
sm_120,128,8192,384,0,0,1,1,11,4,24
sm_120,128,8192,384,1,0,1,1,11,4,24
sm_120,128,8192,512,0,0,1,1,11,3,24
sm_120,128,8192,512,1,0,1,1,11,3,24
sm_120,128,8192,1024,0,0,0,0,11,1,24
sm_120,128,8192,1024,1,0,0,0,11,1,24
sm_120,128,32768,32,0,0,3,16,3,48,24
sm_120,128,32768,32,1,0,3,16,3,48,24
sm_120,128,32768,96,0,0,3,5,3,16,24
sm_120,128,32768,96,1,0,3,5,3,16,24
sm_120,128,32768,128,0,0,3,4,3,12,24
sm_120,128,32768,128,1,0,3,4,3,12,24
sm_120,128,32768,256,0,0,2,2,3,6,24
sm_120,128,32768,256,1,0,2,2,3,6,24
sm_120,128,32768,384,0,0,1,1,3,4,24
sm_120,128,32768,384,1,0,1,1,3,4,24
sm_120,128,32768,512,0,0,1,1,3,3,24
sm_120,128,32768,512,1,0,1,1,3,3,24
sm_120,128,32768,1024,0,0,0,0,3,1,24
sm_120,128,32768,1024,1,0,0,0,3,1,24
sm_120,128,49152,32,0,0,2,16,2,48,24
sm_120,128,49152,32,1,0,2,16,2,48,24
sm_120,128,49152,96,0,0,2,5,2,16,24
sm_120,128,49152,96,1,0,2,5,2,16,24
sm_120,128,49152,128,0,0,2,4,2,12,24
sm_120,128,49152,128,1,0,2,4,2,12,24
sm_120,128,49152,256,0,0,2,2,2,6,24
sm_120,128,49152,256,1,0,2,2,2,6,24
sm_120,128,49152,384,0,0,1,1,2,4,24
sm_120,128,49152,384,1,0,1,1,2,4,24
sm_120,128,49152,512,0,0,1,1,2,3,24
sm_120,128,49152,512,1,0,1,1,2,3,24
sm_120,128,49152,1024,0,0,0,0,2,1,24
sm_120,128,49152,1024,1,0,0,0,2,1,24
sm_120,128,98304,32,0,0,1,16,1,48,24
sm_120,128,98304,32,1,0,1,16,1,48,24
sm_120,128,98304,96,0,0,1,5,1,16,24
sm_120,128,98304,96,1,0,1,5,1,16,24
sm_120,128,98304,128,0,0,1,4,1,12,24
sm_120,128,98304,128,1,0,1,4,1,12,24
sm_120,128,98304,256,0,0,1,2,1,6,24
sm_120,128,98304,256,1,0,1,2,1,6,24
sm_120,128,98304,384,0,0,1,1,1,4,24
sm_120,128,98304,384,1,0,1,1,1,4,24
sm_120,128,98304,512,0,0,1,1,1,3,24
sm_120,128,98304,512,1,0,1,1,1,3,24
sm_120,128,98304,1024,0,0,0,0,1,1,24
sm_120,128,98304,1024,1,0,0,0,1,1,24
sm_120,128,200000,32,0,0,0,16,0,48,24
sm_120,128,200000,32,1,0,0,16,0,48,24
sm_120,128,200000,96,0,0,0,5,0,16,24
sm_120,128,200000,96,1,0,0,5,0,16,24
sm_120,128,200000,128,0,0,0,4,0,12,24
sm_120,128,200000,128,1,0,0,4,0,12,24
sm_120,128,200000,256,0,0,0,2,0,6,24
sm_120,128,200000,256,1,0,0,2,0,6,24
sm_120,128,200000,384,0,0,0,1,0,4,24
sm_120,128,200000,384,1,0,0,1,0,4,24
sm_120,128,200000,512,0,0,0,1,0,3,24
sm_120,128,200000,512,1,0,0,1,0,3,24
sm_120,128,200000,1024,0,0,0,0,0,1,24
sm_120,128,200000,1024,1,0,0,0,0,1,24
sm_120,168,0,32,0,0,12,12,100,48,24
sm_120,168,0,32,1,0,12,12,100,48,24
sm_120,168,0,96,0,0,4,4,100,16,24
sm_120,168,0,96,1,0,4,4,100,16,24
sm_120,168,0,128,0,0,3,3,100,12,24
sm_120,168,0,128,1,0,3,3,100,12,24
sm_120,168,0,256,0,0,1,1,100,6,24
sm_120,168,0,256,1,0,1,1,100,6,24
sm_120,168,0,384,0,0,1,1,100,4,24
sm_120,168,0,384,1,0,1,1,100,4,24
sm_120,168,0,512,0,0,0,0,100,3,24
sm_120,168,0,512,1,0,0,0,100,3,24
sm_120,168,0,1024,0,0,0,0,100,1,24
sm_120,168,0,1024,1,0,0,0,100,1,24
sm_120,168,128,32,0,0,12,12,88,48,24
sm_120,168,128,32,1,0,12,12,88,48,24
sm_120,168,128,96,0,0,4,4,88,16,24
sm_120,168,128,96,1,0,4,4,88,16,24
sm_120,168,128,128,0,0,3,3,88,12,24
sm_120,168,128,128,1,0,3,3,88,12,24
sm_120,168,128,256,0,0,1,1,88,6,24
sm_120,168,128,256,1,0,1,1,88,6,24
sm_120,168,128,384,0,0,1,1,88,4,24
sm_120,168,128,384,1,0,1,1,88,4,24
sm_120,168,128,512,0,0,0,0,88,3,24
sm_120,168,128,512,1,0,0,0,88,3,24
sm_120,168,128,1024,0,0,0,0,88,1,24
sm_120,168,128,1024,1,0,0,0,88,1,24
sm_120,168,8192,32,0,0,11,12,11,48,24
sm_120,168,8192,32,1,0,11,12,11,48,24
sm_120,168,8192,96,0,0,4,4,11,16,24
sm_120,168,8192,96,1,0,4,4,11,16,24
sm_120,168,8192,128,0,0,3,3,11,12,24
sm_120,168,8192,128,1,0,3,3,11,12,24
sm_120,168,8192,256,0,0,1,1,11,6,24
sm_120,168,8192,256,1,0,1,1,11,6,24
sm_120,168,8192,384,0,0,1,1,11,4,24
sm_120,168,8192,384,1,0,1,1,11,4,24
sm_120,168,8192,512,0,0,0,0,11,3,24
sm_120,168,8192,512,1,0,0,0,11,3,24
sm_120,168,8192,1024,0,0,0,0,11,1,24
sm_120,168,8192,1024,1,0,0,0,11,1,24
sm_120,168,32768,32,0,0,3,12,3,48,24
sm_120,168,32768,32,1,0,3,12,3,48,24
sm_120,168,32768,96,0,0,3,4,3,16,24
sm_120,168,32768,96,1,0,3,4,3,16,24
sm_120,168,32768,128,0,0,3,3,3,12,24
sm_120,168,32768,128,1,0,3,3,3,12,24
sm_120,168,32768,256,0,0,1,1,3,6,24
sm_120,168,32768,256,1,0,1,1,3,6,24
sm_120,168,32768,384,0,0,1,1,3,4,24
sm_120,168,32768,384,1,0,1,1,3,4,24
sm_120,168,32768,512,0,0,0,0,3,3,24
sm_120,168,32768,512,1,0,0,0,3,3,24
sm_120,168,32768,1024,0,0,0,0,3,1,24
sm_120,168,32768,1024,1,0,0,0,3,1,24
sm_120,168,49152,32,0,0,2,12,2,48,24
sm_120,168,49152,32,1,0,2,12,2,48,24
sm_120,168,49152,96,0,0,2,4,2,16,24
sm_120,168,49152,96,1,0,2,4,2,16,24
sm_120,168,49152,128,0,0,2,3,2,12,24
sm_120,168,49152,128,1,0,2,3,2,12,24
sm_120,168,49152,256,0,0,1,1,2,6,24
sm_120,168,49152,256,1,0,1,1,2,6,24
sm_120,168,49152,384,0,0,1,1,2,4,24
sm_120,168,49152,384,1,0,1,1,2,4,24
sm_120,168,49152,512,0,0,0,0,2,3,24
sm_120,168,49152,512,1,0,0,0,2,3,24
sm_120,168,49152,1024,0,0,0,0,2,1,24
sm_120,168,49152,1024,1,0,0,0,2,1,24
sm_120,168,98304,32,0,0,1,12,1,48,24
sm_120,168,98304,32,1,0,1,12,1,48,24
sm_120,168,98304,96,0,0,1,4,1,16,24
sm_120,168,98304,96,1,0,1,4,1,16,24
sm_120,168,98304,128,0,0,1,3,1,12,24
sm_120,168,98304,128,1,0,1,3,1,12,24
sm_120,168,98304,256,0,0,1,1,1,6,24
sm_120,168,98304,256,1,0,1,1,1,6,24
sm_120,168,98304,384,0,0,1,1,1,4,24
sm_120,168,98304,384,1,0,1,1,1,4,24
sm_120,168,98304,512,0,0,0,0,1,3,24
sm_120,168,98304,512,1,0,0,0,1,3,24
sm_120,168,98304,1024,0,0,0,0,1,1,24
sm_120,168,98304,1024,1,0,0,0,1,1,24
sm_120,168,200000,32,0,0,0,12,0,48,24
sm_120,168,200000,32,1,0,0,12,0,48,24
sm_120,168,200000,96,0,0,0,4,0,16,24
sm_120,168,200000,96,1,0,0,4,0,16,24
sm_120,168,200000,128,0,0,0,3,0,12,24
sm_120,168,200000,128,1,0,0,3,0,12,24
sm_120,168,200000,256,0,0,0,1,0,6,24
sm_120,168,200000,256,1,0,0,1,0,6,24
sm_120,168,200000,384,0,0,0,1,0,4,24
sm_120,168,200000,384,1,0,0,1,0,4,24
sm_120,168,200000,512,0,0,0,0,0,3,24
sm_120,168,200000,512,1,0,0,0,0,3,24
sm_120,168,200000,1024,0,0,0,0,0,1,24
sm_120,168,200000,1024,1,0,0,0,0,1,24
sm_120,255,0,32,0,0,8,8,100,48,24
sm_120,255,0,32,1,0,8,8,100,48,24
sm_120,255,0,96,0,0,2,2,100,16,24
sm_120,255,0,96,1,0,2,2,100,16,24
sm_120,255,0,128,0,0,2,2,100,12,24
sm_120,255,0,128,1,0,2,2,100,12,24
sm_120,255,0,256,0,0,1,1,100,6,24
sm_120,255,0,256,1,0,1,1,100,6,24
sm_120,255,0,384,0,0,0,0,100,4,24
sm_120,255,0,384,1,0,0,0,100,4,24
sm_120,255,0,512,0,0,0,0,100,3,24
sm_120,255,0,512,1,0,0,0,100,3,24
sm_120,255,0,1024,0,0,0,0,100,1,24
sm_120,255,0,1024,1,0,0,0,100,1,24
sm_120,255,128,32,0,0,8,8,88,48,24
sm_120,255,128,32,1,0,8,8,88,48,24
sm_120,255,128,96,0,0,2,2,88,16,24
sm_120,255,128,96,1,0,2,2,88,16,24
sm_120,255,128,128,0,0,2,2,88,12,24
sm_120,255,128,128,1,0,2,2,88,12,24
sm_120,255,128,256,0,0,1,1,88,6,24
sm_120,255,128,256,1,0,1,1,88,6,24
sm_120,255,128,384,0,0,0,0,88,4,24
sm_120,255,128,384,1,0,0,0,88,4,24
sm_120,255,128,512,0,0,0,0,88,3,24
sm_120,255,128,512,1,0,0,0,88,3,24
sm_120,255,128,1024,0,0,0,0,88,1,24
sm_120,255,128,1024,1,0,0,0,88,1,24
sm_120,255,8192,32,0,0,8,8,11,48,24
sm_120,255,8192,32,1,0,8,8,11,48,24
sm_120,255,8192,96,0,0,2,2,11,16,24
sm_120,255,8192,96,1,0,2,2,11,16,24
sm_120,255,8192,128,0,0,2,2,11,12,24
sm_120,255,8192,128,1,0,2,2,11,12,24
sm_120,255,8192,256,0,0,1,1,11,6,24
sm_120,255,8192,256,1,0,1,1,11,6,24
sm_120,255,8192,384,0,0,0,0,11,4,24
sm_120,255,8192,384,1,0,0,0,11,4,24
sm_120,255,8192,512,0,0,0,0,11,3,24
sm_120,255,8192,512,1,0,0,0,11,3,24
sm_120,255,8192,1024,0,0,0,0,11,1,24
sm_120,255,8192,1024,1,0,0,0,11,1,24
sm_120,255,32768,32,0,0,3,8,3,48,24
sm_120,255,32768,32,1,0,3,8,3,48,24
sm_120,255,32768,96,0,0,2,2,3,16,24
sm_120,255,32768,96,1,0,2,2,3,16,24
sm_120,255,32768,128,0,0,2,2,3,12,24
sm_120,255,32768,128,1,0,2,2,3,12,24
sm_120,255,32768,256,0,0,1,1,3,6,24
sm_120,255,32768,256,1,0,1,1,3,6,24
sm_120,255,32768,384,0,0,0,0,3,4,24
sm_120,255,32768,384,1,0,0,0,3,4,24
sm_120,255,32768,512,0,0,0,0,3,3,24
sm_120,255,32768,512,1,0,0,0,3,3,24
sm_120,255,32768,1024,0,0,0,0,3,1,24
sm_120,255,32768,1024,1,0,0,0,3,1,24
sm_120,255,49152,32,0,0,2,8,2,48,24
sm_120,255,49152,32,1,0,2,8,2,48,24
sm_120,255,49152,96,0,0,2,2,2,16,24
sm_120,255,49152,96,1,0,2,2,2,16,24
sm_120,255,49152,128,0,0,2,2,2,12,24
sm_120,255,49152,128,1,0,2,2,2,12,24
sm_120,255,49152,256,0,0,1,1,2,6,24
sm_120,255,49152,256,1,0,1,1,2,6,24
sm_120,255,49152,384,0,0,0,0,2,4,24
sm_120,255,49152,384,1,0,0,0,2,4,24
sm_120,255,49152,512,0,0,0,0,2,3,24
sm_120,255,49152,512,1,0,0,0,2,3,24
sm_120,255,49152,1024,0,0,0,0,2,1,24
sm_120,255,49152,1024,1,0,0,0,2,1,24
sm_120,255,98304,32,0,0,1,8,1,48,24
sm_120,255,98304,32,1,0,1,8,1,48,24
sm_120,255,98304,96,0,0,1,2,1,16,24
sm_120,255,98304,96,1,0,1,2,1,16,24
sm_120,255,98304,128,0,0,1,2,1,12,24
sm_120,255,98304,128,1,0,1,2,1,12,24
sm_120,255,98304,256,0,0,1,1,1,6,24
sm_120,255,98304,256,1,0,1,1,1,6,24
sm_120,255,98304,384,0,0,0,0,1,4,24
sm_120,255,98304,384,1,0,0,0,1,4,24
sm_120,255,98304,512,0,0,0,0,1,3,24
sm_120,255,98304,512,1,0,0,0,1,3,24
sm_120,255,98304,1024,0,0,0,0,1,1,24
sm_120,255,98304,1024,1,0,0,0,1,1,24
sm_120,255,200000,32,0,0,0,8,0,48,24
sm_120,255,200000,32,1,0,0,8,0,48,24
sm_120,255,200000,96,0,0,0,2,0,16,24
sm_120,255,200000,96,1,0,0,2,0,16,24
sm_120,255,200000,128,0,0,0,2,0,12,24
sm_120,255,200000,128,1,0,0,2,0,12,24
sm_120,255,200000,256,0,0,0,1,0,6,24
sm_120,255,200000,256,1,0,0,1,0,6,24
sm_120,255,200000,384,0,0,0,0,0,4,24
sm_120,255,200000,384,1,0,0,0,0,4,24
sm_120,255,200000,512,0,0,0,0,0,3,24
sm_120,255,200000,512,1,0,0,0,0,3,24
sm_120,255,200000,1024,0,0,0,0,0,1,24
sm_120,255,200000,1024,1,0,0,0,0,1,24
