=== run pre_small
pre_small step 0 exact 0.0 token 5.7 {'add0': 0.0, 'add1': 0.0, 'add2': 0.0, 'add3': 0.0, 'add4': 0.0, 'rev_add0': 0.0, 'rev_add1': 0.0, 'rev_add2': 0.0, 'rev_add3': 0.0, 'rev_add4': 0.0}
pre_small step 25 loss 3.0887 exact 0.0 token 9.93 {'add0': 0.0, 'add1': 0.0, 'add2': 0.0, 'add3': 0.0, 'add4': 0.0, 'rev_add0': 0.0, 'rev_add1': 0.0, 'rev_add2': 0.0, 'rev_add3': 0.0, 'rev_add4': 0.0} 4s
pre_small step 50 loss 2.5107 exact 0.0 token 9.83 {'add0': 0.0, 'add1': 0.0, 'add2': 0.0, 'add3': 0.0, 'add4': 0.0, 'rev_add0': 0.0, 'rev_add1': 0.0, 'rev_add2': 0.0, 'rev_add3': 0.0, 'rev_add4': 0.0} 5s
pre_small step 75 loss 2.1843 exact 0.0 token 10.61 {'add0': 0.0, 'add1': 0.0, 'add2': 0.0, 'add3': 0.0, 'add4': 0.0, 'rev_add0': 0.0, 'rev_add1': 0.0, 'rev_add2': 0.0, 'rev_add3': 0.0, 'rev_add4': 0.0} 7s
pre_small step 100 loss 2.1414 exact 0.0 token 10.61 {'add0': 0.0, 'add1': 0.0, 'add2': 0.0, 'add3': 0.0, 'add4': 0.0, 'rev_add0': 0.0, 'rev_add1': 0.0, 'rev_add2': 0.0, 'rev_add3': 0.0, 'rev_add4': 0.0} 9s
pre_small step 125 loss 2.1349 exact 0.0 token 10.6 {'add0': 0.0, 'add1': 0.0, 'add2': 0.0, 'add3': 0.0, 'add4': 0.0, 'rev_add0': 0.0, 'rev_add1': 0.0, 'rev_add2': 0.0, 'rev_add3': 0.0, 'rev_add4': 0.0} 10s
pre_small step 150 loss 2.1322 exact 0.0 token 10.98 {'add0': 0.0, 'add1': 0.0, 'add2': 0.0, 'add3': 0.0, 'add4': 0.0, 'rev_add0': 0.0, 'rev_add1': 0.0, 'rev_add2': 0.0, 'rev_add3': 0.0, 'rev_add4': 0.0} 12s
pre_small step 175 loss 2.1309 exact 0.0 token 11.05 {'add0': 0.0, 'add1': 0.0, 'add2': 0.0, 'add3': 0.0, 'add4': 0.0, 'rev_add0': 0.0, 'rev_add1': 0.0, 'rev_add2': 0.0, 'rev_add3': 0.0, 'rev_add4': 0.0} 14s
pre_small step 200 loss 2.1279 exact 0.0 token 12.81 {'add0': 0.0, 'add1': 0.0, 'add2': 0.0, 'add3': 0.0, 'add4': 0.0, 'rev_add0': 0.0, 'rev_add1': 0.0, 'rev_add2': 0.0, 'rev_add3': 0.0, 'rev_add4': 0.0} 15s
pre_small step 225 loss 2.1068 exact 0.0 token 16.17 {'add0': 0.0, 'add1': 0.0, 'add2': 0.0, 'add3': 0.0, 'add4': 0.0, 'rev_add0': 0.0, 'rev_add1': 0.0, 'rev_add2': 0.0, 'rev_add3': 0.0, 'rev_add4': 0.0} 17s
pre_small step 250 loss 2.0654 exact 0.0 token 17.77 {'add0': 0.0, 'add1': 0.0, 'add2': 0.0, 'add3': 0.0, 'add4': 0.0, 'rev_add0': 0.0, 'rev_add1': 0.0, 'rev_add2': 0.0, 'rev_add3': 0.0, 'rev_add4': 0.0} 19s
pre_small step 275 loss 2.0275 exact 0.0 token 21.07 {'add0': 0.0, 'add1': 0.0, 'add2': 0.0, 'add3': 0.0, 'add4': 0.0, 'rev_add0': 0.0, 'rev_add1': 0.0, 'rev_add2': 0.0, 'rev_add3': 0.0, 'rev_add4': 0.0} 20s
pre_small step 300 loss 1.9563 exact 0.0 token 25.92 {'add0': 0.0, 'add1': 0.0, 'add2': 0.0, 'add3': 0.0, 'add4': 0.0, 'rev_add0': 0.0, 'rev_add1': 0.0, 'rev_add2': 0.0, 'rev_add3': 0.0, 'rev_add4': 0.0} 22s
pre_small step 325 loss 1.8671 exact 0.0 token 26.26 {'add0': 0.0, 'add1': 0.0, 'add2': 0.0, 'add3': 0.0, 'add4': 0.0, 'rev_add0': 0.0, 'rev_add1': 0.0, 'rev_add2': 0.0, 'rev_add3': 0.0, 'rev_add4': 0.0} 24s
pre_small step 350 loss 1.8156 exact 0.0 token 29.27 {'add0': 0.0, 'add1': 0.0, 'add2': 0.0, 'add3': 0.0, 'add4': 0.0, 'rev_add0': 0.0, 'rev_add1': 0.0, 'rev_add2': 0.0, 'rev_add3': 0.0, 'rev_add4': 0.0} 25s
pre_small step 375 loss 1.7599 exact 0.0 token 33.99 {'add0': 0.0, 'add1': 0.0, 'add2': 0.0, 'add3': 0.0, 'add4': 0.0, 'rev_add0': 0.0, 'rev_add1': 0.0, 'rev_add2': 0.0, 'rev_add3': 0.0, 'rev_add4': 0.0} 27s
pre_small step 400 loss 1.7038 exact 0.1 token 40.12 {'add0': 0.0, 'add1': 0.0, 'add2': 0.0, 'add3': 0.0, 'add4': 0.0, 'rev_add0': 0.53, 'rev_add1': 0.51, 'rev_add2': 0.0, 'rev_add3': 0.0, 'rev_add4': 0.0} 29s
pre_small step 425 loss 1.6315 exact 0.1 token 53.18 {'add0': 1.02, 'add1': 0.0, 'add2': 0.0, 'add3': 0.0, 'add4': 0.0, 'rev_add0': 0.0, 'rev_add1': 0.0, 'rev_add2': 0.0, 'rev_add3': 0.0, 'rev_add4': 0.0} 30s
pre_small step 450 loss 1.532 exact 0.6 token 63.88 {'add0': 0.51, 'add1': 0.0, 'add2': 0.0, 'add3': 0.0, 'add4': 1.44, 'rev_add0': 3.19, 'rev_add1': 0.0, 'rev_add2': 0.0, 'rev_add3': 0.53, 'rev_add4': 0.48} 32s
pre_small step 475 loss 1.4457 exact 1.2 token 73.03 {'add0': 3.57, 'add1': 0.49, 'add2': 0.0, 'add3': 1.01, 'add4': 2.4, 'rev_add0': 2.66, 'rev_add1': 0.51, 'rev_add2': 1.02, 'rev_add3': 0.0, 'rev_add4': 0.48} 33s
pre_small step 500 loss 1.3547 exact 4.25 token 79.82 {'add0': 8.16, 'add1': 5.42, 'add2': 4.21, 'add3': 3.52, 'add4': 2.88, 'rev_add0': 4.26, 'rev_add1': 3.57, 'rev_add2': 6.6, 'rev_add3': 2.11, 'rev_add4': 1.91} 35s
pre_small step 525 loss 1.2845 exact 12.6 token 84.9 {'add0': 13.78, 'add1': 22.17, 'add2': 14.02, 'add3': 16.08, 'add4': 4.33, 'rev_add0': 9.57, 'rev_add1': 11.73, 'rev_add2': 16.75, 'rev_add3': 15.26, 'rev_add4': 2.87} 36s
pre_small step 550 loss 1.2252 exact 28.9 token 90.45 {'add0': 33.16, 'add1': 20.2, 'add2': 25.7, 'add3': 40.2, 'add4': 35.1, 'rev_add0': 29.79, 'rev_add1': 27.04, 'rev_add2': 27.92, 'rev_add3': 26.84, 'rev_add4': 23.44} 38s
pre_small step 575 loss 1.1795 exact 40.75 token 92.49 {'add0': 39.29, 'add1': 30.05, 'add2': 35.05, 'add3': 39.7, 'add4': 44.71, 'rev_add0': 43.62, 'rev_add1': 43.37, 'rev_add2': 59.9, 'rev_add3': 38.42, 'rev_add4': 34.45} 39s
pre_small step 600 loss 1.1421 exact 65.7 token 96.45 {'add0': 74.49, 'add1': 77.34, 'add2': 73.83, 'add3': 61.31, 'add4': 60.1, 'rev_add0': 67.02, 'rev_add1': 76.53, 'rev_add2': 62.44, 'rev_add3': 54.21, 'rev_add4': 49.76} 41s
pre_small step 625 loss 1.1113 exact 83.75 token 98.5 {'add0': 78.57, 'add1': 85.71, 'add2': 87.38, 'add3': 90.45, 'add4': 87.02, 'rev_add0': 82.98, 'rev_add1': 94.9, 'rev_add2': 85.79, 'rev_add3': 66.84, 'rev_add4': 77.03} 43s
pre_small step 650 loss 1.0957 exact 95.6 token 99.62 {'add0': 97.96, 'add1': 94.09, 'add2': 98.13, 'add3': 98.99, 'add4': 98.08, 'rev_add0': 97.34, 'rev_add1': 92.35, 'rev_add2': 89.85, 'rev_add3': 96.32, 'rev_add4': 92.82} 44s
pre_small step 675 loss 1.0868 exact 97.05 token 99.74 {'add0': 95.41, 'add1': 97.54, 'add2': 97.66, 'add3': 98.49, 'add4': 98.56, 'rev_add0': 100.0, 'rev_add1': 97.96, 'rev_add2': 96.45, 'rev_add3': 99.47, 'rev_add4': 89.47} 46s
pre_small step 700 loss 1.0804 exact 98.95 token 99.89 {'add0': 98.47, 'add1': 99.51, 'add2': 97.66, 'add3': 100.0, 'add4': 99.52, 'rev_add0': 100.0, 'rev_add1': 99.49, 'rev_add2': 100.0, 'rev_add3': 100.0, 'rev_add4': 95.22} 48s
pre_small step 725 loss 1.0738 exact 99.8 token 99.98 {'add0': 99.49, 'add1': 100.0, 'add2': 100.0, 'add3': 100.0, 'add4': 100.0, 'rev_add0': 100.0, 'rev_add1': 100.0, 'rev_add2': 99.49, 'rev_add3': 100.0, 'rev_add4': 99.04} 49s
pre_small step 750 loss 1.0716 exact 99.95 token 100.0 {'add0': 100.0, 'add1': 100.0, 'add2': 100.0, 'add3': 100.0, 'add4': 100.0, 'rev_add0': 100.0, 'rev_add1': 100.0, 'rev_add2': 99.49, 'rev_add3': 100.0, 'rev_add4': 100.0} 51s
pre_small step 775 loss 1.0716 exact 99.9 token 99.99 {'add0': 99.49, 'add1': 100.0, 'add2': 100.0, 'add3': 100.0, 'add4': 100.0, 'rev_add0': 100.0, 'rev_add1': 99.49, 'rev_add2': 100.0, 'rev_add3': 100.0, 'rev_add4': 100.0} 53s
pre_small step 800 loss 1.0713 exact 99.8 token 99.98 {'add0': 100.0, 'add1': 100.0, 'add2': 100.0, 'add3': 100.0, 'add4': 100.0, 'rev_add0': 100.0, 'rev_add1': 100.0, 'rev_add2': 99.49, 'rev_add3': 98.95, 'rev_add4': 99.52} 54s
pre_small step 825 loss 1.0713 exact 99.9 token 99.99 {'add0': 100.0, 'add1': 100.0, 'add2': 100.0, 'add3': 100.0, 'add4': 100.0, 'rev_add0': 100.0, 'rev_add1': 100.0, 'rev_add2': 98.98, 'rev_add3': 100.0, 'rev_add4': 100.0} 56s
pre_small step 850 loss 1.0694 exact 99.95 token 100.0 {'add0': 100.0, 'add1': 100.0, 'add2': 100.0, 'add3': 100.0, 'add4': 100.0, 'rev_add0': 100.0, 'rev_add1': 100.0, 'rev_add2': 100.0, 'rev_add3': 99.47, 'rev_add4': 100.0} 58s
pre_small step 875 loss 1.0685 exact 100.0 token 100.0 {'add0': 100.0, 'add1': 100.0, 'add2': 100.0, 'add3': 100.0, 'add4': 100.0, 'rev_add0': 100.0, 'rev_add1': 100.0, 'rev_add2': 100.0, 'rev_add3': 100.0, 'rev_add4': 100.0} 59s
pre_small step 900 loss 1.0676 exact 100.0 token 100.0 {'add0': 100.0, 'add1': 100.0, 'add2': 100.0, 'add3': 100.0, 'add4': 100.0, 'rev_add0': 100.0, 'rev_add1': 100.0, 'rev_add2': 100.0, 'rev_add3': 100.0, 'rev_add4': 100.0} 61s
pre_small step 925 loss 1.0673 exact 100.0 token 100.0 {'add0': 100.0, 'add1': 100.0, 'add2': 100.0, 'add3': 100.0, 'add4': 100.0, 'rev_add0': 100.0, 'rev_add1': 100.0, 'rev_add2': 100.0, 'rev_add3': 100.0, 'rev_add4': 100.0} 63s
pre_small step 950 loss 1.0669 exact 100.0 token 100.0 {'add0': 100.0, 'add1': 100.0, 'add2': 100.0, 'add3': 100.0, 'add4': 100.0, 'rev_add0': 100.0, 'rev_add1': 100.0, 'rev_add2': 100.0, 'rev_add3': 100.0, 'rev_add4': 100.0} 64s
pre_small step 975 loss 1.0675 exact 100.0 token 100.0 {'add0': 100.0, 'add1': 100.0, 'add2': 100.0, 'add3': 100.0, 'add4': 100.0, 'rev_add0': 100.0, 'rev_add1': 100.0, 'rev_add2': 100.0, 'rev_add3': 100.0, 'rev_add4': 100.0} 66s
pre_small step 1000 loss 1.0668 exact 100.0 token 100.0 {'add0': 100.0, 'add1': 100.0, 'add2': 100.0, 'add3': 100.0, 'add4': 100.0, 'rev_add0': 100.0, 'rev_add1': 100.0, 'rev_add2': 100.0, 'rev_add3': 100.0, 'rev_add4': 100.0} 68s
pre_small step 1025 loss 1.067 exact 100.0 token 100.0 {'add0': 100.0, 'add1': 100.0, 'add2': 100.0, 'add3': 100.0, 'add4': 100.0, 'rev_add0': 100.0, 'rev_add1': 100.0, 'rev_add2': 100.0, 'rev_add3': 100.0, 'rev_add4': 100.0} 69s
pre_small step 1050 loss 1.0661 exact 100.0 token 100.0 {'add0': 100.0, 'add1': 100.0, 'add2': 100.0, 'add3': 100.0, 'add4': 100.0, 'rev_add0': 100.0, 'rev_add1': 100.0, 'rev_add2': 100.0, 'rev_add3': 100.0, 'rev_add4': 100.0} 71s
pre_small step 1075 loss 1.0658 exact 100.0 token 100.0 {'add0': 100.0, 'add1': 100.0, 'add2': 100.0, 'add3': 100.0, 'add4': 100.0, 'rev_add0': 100.0, 'rev_add1': 100.0, 'rev_add2': 100.0, 'rev_add3': 100.0, 'rev_add4': 100.0} 73s
pre_small step 1100 loss 1.0658 exact 100.0 token 100.0 {'add0': 100.0, 'add1': 100.0, 'add2': 100.0, 'add3': 100.0, 'add4': 100.0, 'rev_add0': 100.0, 'rev_add1': 100.0, 'rev_add2': 100.0, 'rev_add3': 100.0, 'rev_add4': 100.0} 74s
pre_small step 1125 loss 1.0659 exact 100.0 token 100.0 {'add0': 100.0, 'add1': 100.0, 'add2': 100.0, 'add3': 100.0, 'add4': 100.0, 'rev_add0': 100.0, 'rev_add1': 100.0, 'rev_add2': 100.0, 'rev_add3': 100.0, 'rev_add4': 100.0} 76s
pre_small step 1150 loss 1.0661 exact 100.0 token 100.0 {'add0': 100.0, 'add1': 100.0, 'add2': 100.0, 'add3': 100.0, 'add4': 100.0, 'rev_add0': 100.0, 'rev_add1': 100.0, 'rev_add2': 100.0, 'rev_add3': 100.0, 'rev_add4': 100.0} 78s
pre_small step 1175 loss 1.0658 exact 100.0 token 100.0 {'add0': 100.0, 'add1': 100.0, 'add2': 100.0, 'add3': 100.0, 'add4': 100.0, 'rev_add0': 100.0, 'rev_add1': 100.0, 'rev_add2': 100.0, 'rev_add3': 100.0, 'rev_add4': 100.0} 80s
pre_small step 1200 loss 1.0658 exact 100.0 token 100.0 {'add0': 100.0, 'add1': 100.0, 'add2': 100.0, 'add3': 100.0, 'add4': 100.0, 'rev_add0': 100.0, 'rev_add1': 100.0, 'rev_add2': 100.0, 'rev_add3': 100.0, 'rev_add4': 100.0} 82s
pre_small step 1225 loss 1.0658 exact 100.0 token 100.0 {'add0': 100.0, 'add1': 100.0, 'add2': 100.0, 'add3': 100.0, 'add4': 100.0, 'rev_add0': 100.0, 'rev_add1': 100.0, 'rev_add2': 100.0, 'rev_add3': 100.0, 'rev_add4': 100.0} 83s
pre_small step 1250 loss 1.0659 exact 100.0 token 100.0 {'add0': 100.0, 'add1': 100.0, 'add2': 100.0, 'add3': 100.0, 'add4': 100.0, 'rev_add0': 100.0, 'rev_add1': 100.0, 'rev_add2': 100.0, 'rev_add3': 100.0, 'rev_add4': 100.0} 85s
pre_small step 1275 loss 1.065 exact 100.0 token 100.0 {'add0': 100.0, 'add1': 100.0, 'add2': 100.0, 'add3': 100.0, 'add4': 100.0, 'rev_add0': 100.0, 'rev_add1': 100.0, 'rev_add2': 100.0, 'rev_add3': 100.0, 'rev_add4': 100.0} 87s
pre_small step 1300 loss 1.0657 exact 100.0 token 100.0 {'add0': 100.0, 'add1': 100.0, 'add2': 100.0, 'add3': 100.0, 'add4': 100.0, 'rev_add0': 100.0, 'rev_add1': 100.0, 'rev_add2': 100.0, 'rev_add3': 100.0, 'rev_add4': 100.0} 88s
pre_small step 1325 loss 1.0651 exact 100.0 token 100.0 {'add0': 100.0, 'add1': 100.0, 'add2': 100.0, 'add3': 100.0, 'add4': 100.0, 'rev_add0': 100.0, 'rev_add1': 100.0, 'rev_add2': 100.0, 'rev_add3': 100.0, 'rev_add4': 100.0} 90s
pre_small step 1350 loss 1.0651 exact 100.0 token 100.0 {'add0': 100.0, 'add1': 100.0, 'add2': 100.0, 'add3': 100.0, 'add4': 100.0, 'rev_add0': 100.0, 'rev_add1': 100.0, 'rev_add2': 100.0, 'rev_add3': 100.0, 'rev_add4': 100.0} 92s
pre_small step 1375 loss 1.0648 exact 100.0 token 100.0 {'add0': 100.0, 'add1': 100.0, 'add2': 100.0, 'add3': 100.0, 'add4': 100.0, 'rev_add0': 100.0, 'rev_add1': 100.0, 'rev_add2': 100.0, 'rev_add3': 100.0, 'rev_add4': 100.0} 93s
pre_small step 1400 loss 1.0648 exact 100.0 token 100.0 {'add0': 100.0, 'add1': 100.0, 'add2': 100.0, 'add3': 100.0, 'add4': 100.0, 'rev_add0': 100.0, 'rev_add1': 100.0, 'rev_add2': 100.0, 'rev_add3': 100.0, 'rev_add4': 100.0} 95s
pre_small step 1425 loss 1.0651 exact 100.0 token 100.0 {'add0': 100.0, 'add1': 100.0, 'add2': 100.0, 'add3': 100.0, 'add4': 100.0, 'rev_add0': 100.0, 'rev_add1': 100.0, 'rev_add2': 100.0, 'rev_add3': 100.0, 'rev_add4': 100.0} 97s
pre_small step 1450 loss 1.0649 exact 100.0 token 100.0 {'add0': 100.0, 'add1': 100.0, 'add2': 100.0, 'add3': 100.0, 'add4': 100.0, 'rev_add0': 100.0, 'rev_add1': 100.0, 'rev_add2': 100.0, 'rev_add3': 100.0, 'rev_add4': 100.0} 98s
pre_small step 1475 loss 1.0647 exact 100.0 token 100.0 {'add0': 100.0, 'add1': 100.0, 'add2': 100.0, 'add3': 100.0, 'add4': 100.0, 'rev_add0': 100.0, 'rev_add1': 100.0, 'rev_add2': 100.0, 'rev_add3': 100.0, 'rev_add4': 100.0} 100s
pre_small step 1500 loss 1.0644 exact 100.0 token 100.0 {'add0': 100.0, 'add1': 100.0, 'add2': 100.0, 'add3': 100.0, 'add4': 100.0, 'rev_add0': 100.0, 'rev_add1': 100.0, 'rev_add2': 100.0, 'rev_add3': 100.0, 'rev_add4': 100.0} 102s
=== run pre_big
pre_big step 0 exact 0.0 token 4.63 {'add0': 0.0, 'add1': 0.0, 'add2': 0.0, 'add3': 0.0, 'add4': 0.0, 'rev_add0': 0.0, 'rev_add1': 0.0, 'rev_add2': 0.0, 'rev_add3': 0.0, 'rev_add4': 0.0}
pre_big step 25 loss 2.8565 exact 0.0 token 10.05 {'add0': 0.0, 'add1': 0.0, 'add2': 0.0, 'add3': 0.0, 'add4': 0.0, 'rev_add0': 0.0, 'rev_add1': 0.0, 'rev_add2': 0.0, 'rev_add3': 0.0, 'rev_add4': 0.0} 7s
pre_big step 50 loss 2.2389 exact 0.0 token 10.23 {'add0': 0.0, 'add1': 0.0, 'add2': 0.0, 'add3': 0.0, 'add4': 0.0, 'rev_add0': 0.0, 'rev_add1': 0.0, 'rev_add2': 0.0, 'rev_add3': 0.0, 'rev_add4': 0.0} 11s
pre_big step 75 loss 2.138 exact 0.0 token 10.9 {'add0': 0.0, 'add1': 0.0, 'add2': 0.0, 'add3': 0.0, 'add4': 0.0, 'rev_add0': 0.0, 'rev_add1': 0.0, 'rev_add2': 0.0, 'rev_add3': 0.0, 'rev_add4': 0.0} 15s
pre_big step 100 loss 2.1352 exact 0.0 token 11.33 {'add0': 0.0, 'add1': 0.0, 'add2': 0.0, 'add3': 0.0, 'add4': 0.0, 'rev_add0': 0.0, 'rev_add1': 0.0, 'rev_add2': 0.0, 'rev_add3': 0.0, 'rev_add4': 0.0} 19s
pre_big step 125 loss 2.1331 exact 0.0 token 11.5 {'add0': 0.0, 'add1': 0.0, 'add2': 0.0, 'add3': 0.0, 'add4': 0.0, 'rev_add0': 0.0, 'rev_add1': 0.0, 'rev_add2': 0.0, 'rev_add3': 0.0, 'rev_add4': 0.0} 23s
pre_big step 150 loss 2.0996 exact 0.0 token 17.43 {'add0': 0.0, 'add1': 0.0, 'add2': 0.0, 'add3': 0.0, 'add4': 0.0, 'rev_add0': 0.0, 'rev_add1': 0.0, 'rev_add2': 0.0, 'rev_add3': 0.0, 'rev_add4': 0.0} 27s
pre_big step 175 loss 2.0356 exact 0.0 token 18.49 {'add0': 0.0, 'add1': 0.0, 'add2': 0.0, 'add3': 0.0, 'add4': 0.0, 'rev_add0': 0.0, 'rev_add1': 0.0, 'rev_add2': 0.0, 'rev_add3': 0.0, 'rev_add4': 0.0} 32s
pre_big step 200 loss 1.9764 exact 0.0 token 26.01 {'add0': 0.0, 'add1': 0.0, 'add2': 0.0, 'add3': 0.0, 'add4': 0.0, 'rev_add0': 0.0, 'rev_add1': 0.0, 'rev_add2': 0.0, 'rev_add3': 0.0, 'rev_add4': 0.0} 36s
pre_big step 225 loss 1.8766 exact 0.0 token 27.85 {'add0': 0.0, 'add1': 0.0, 'add2': 0.0, 'add3': 0.0, 'add4': 0.0, 'rev_add0': 0.0, 'rev_add1': 0.0, 'rev_add2': 0.0, 'rev_add3': 0.0, 'rev_add4': 0.0} 41s
pre_big step 250 loss 1.8108 exact 0.0 token 30.88 {'add0': 0.0, 'add1': 0.0, 'add2': 0.0, 'add3': 0.0, 'add4': 0.0, 'rev_add0': 0.0, 'rev_add1': 0.0, 'rev_add2': 0.0, 'rev_add3': 0.0, 'rev_add4': 0.0} 45s
pre_big step 275 loss 1.7497 exact 0.0 token 39.38 {'add0': 0.0, 'add1': 0.0, 'add2': 0.0, 'add3': 0.0, 'add4': 0.0, 'rev_add0': 0.0, 'rev_add1': 0.0, 'rev_add2': 0.0, 'rev_add3': 0.0, 'rev_add4': 0.0} 49s
pre_big step 300 loss 1.6746 exact 0.35 token 52.71 {'add0': 1.02, 'add1': 0.0, 'add2': 0.0, 'add3': 0.0, 'add4': 2.4, 'rev_add0': 0.0, 'rev_add1': 0.0, 'rev_add2': 0.0, 'rev_add3': 0.0, 'rev_add4': 0.0} 53s
pre_big step 325 loss 1.4781 exact 9.3 token 76.3 {'add0': 35.71, 'add1': 7.39, 'add2': 6.54, 'add3': 7.04, 'add4': 30.29, 'rev_add0': 3.19, 'rev_add1': 0.0, 'rev_add2': 0.0, 'rev_add3': 0.53, 'rev_add4': 1.44} 56s
pre_big step 350 loss 1.2725 exact 37.4 token 91.99 {'add0': 47.96, 'add1': 42.36, 'add2': 52.8, 'add3': 43.72, 'add4': 50.48, 'rev_add0': 23.4, 'rev_add1': 15.82, 'rev_add2': 27.92, 'rev_add3': 37.37, 'rev_add4': 29.67} 60s
pre_big step 375 loss 1.1571 exact 66.6 token 96.73 {'add0': 63.27, 'add1': 64.04, 'add2': 70.56, 'add3': 55.28, 'add4': 76.92, 'rev_add0': 62.23, 'rev_add1': 73.98, 'rev_add2': 76.14, 'rev_add3': 67.89, 'rev_add4': 55.5} 64s
pre_big step 400 loss 1.1172 exact 86.4 token 98.78 {'add0': 74.49, 'add1': 83.74, 'add2': 85.98, 'add3': 85.43, 'add4': 94.23, 'rev_add0': 82.98, 'rev_add1': 87.24, 'rev_add2': 90.36, 'rev_add3': 94.74, 'rev_add4': 84.69} 68s
pre_big step 425 loss 1.0922 exact 91.45 token 99.26 {'add0': 89.8, 'add1': 93.1, 'add2': 95.33, 'add3': 89.95, 'add4': 92.31, 'rev_add0': 86.17, 'rev_add1': 91.33, 'rev_add2': 98.48, 'rev_add3': 90.0, 'rev_add4': 87.56} 72s
pre_big step 450 loss 1.0867 exact 79.65 token 98.03 {'add0': 85.2, 'add1': 93.1, 'add2': 98.13, 'add3': 87.44, 'add4': 98.08, 'rev_add0': 68.62, 'rev_add1': 66.33, 'rev_add2': 70.05, 'rev_add3': 52.63, 'rev_add4': 72.73} 76s
pre_big step 475 loss 1.0837 exact 90.05 token 99.12 {'add0': 96.94, 'add1': 95.07, 'add2': 91.12, 'add3': 98.49, 'add4': 90.38, 'rev_add0': 73.94, 'rev_add1': 92.35, 'rev_add2': 96.45, 'rev_add3': 84.21, 'rev_add4': 80.86} 80s
pre_big step 500 loss 1.0794 exact 95.05 token 99.58 {'add0': 91.33, 'add1': 97.04, 'add2': 99.07, 'add3': 93.97, 'add4': 89.9, 'rev_add0': 100.0, 'rev_add1': 97.96, 'rev_add2': 97.46, 'rev_add3': 87.37, 'rev_add4': 96.17} 84s
pre_big step 525 loss 1.0727 exact 98.45 token 99.87 {'add0': 96.94, 'add1': 99.01, 'add2': 100.0, 'add3': 100.0, 'add4': 98.56, 'rev_add0': 97.87, 'rev_add1': 95.92, 'rev_add2': 97.46, 'rev_add3': 98.95, 'rev_add4': 99.52} 88s
pre_big step 550 loss 1.07 exact 99.9 token 99.99 {'add0': 98.98, 'add1': 100.0, 'add2': 100.0, 'add3': 100.0, 'add4': 100.0, 'rev_add0': 100.0, 'rev_add1': 100.0, 'rev_add2': 100.0, 'rev_add3': 100.0, 'rev_add4': 100.0} 92s
pre_big step 575 loss 1.0685 exact 100.0 token 100.0 {'add0': 100.0, 'add1': 100.0, 'add2': 100.0, 'add3': 100.0, 'add4': 100.0, 'rev_add0': 100.0, 'rev_add1': 100.0, 'rev_add2': 100.0, 'rev_add3': 100.0, 'rev_add4': 100.0} 96s
pre_big step 600 loss 1.0687 exact 100.0 token 100.0 {'add0': 100.0, 'add1': 100.0, 'add2': 100.0, 'add3': 100.0, 'add4': 100.0, 'rev_add0': 100.0, 'rev_add1': 100.0, 'rev_add2': 100.0, 'rev_add3': 100.0, 'rev_add4': 100.0} 100s
pre_big step 625 loss 1.0675 exact 100.0 token 100.0 {'add0': 100.0, 'add1': 100.0, 'add2': 100.0, 'add3': 100.0, 'add4': 100.0, 'rev_add0': 100.0, 'rev_add1': 100.0, 'rev_add2': 100.0, 'rev_add3': 100.0, 'rev_add4': 100.0} 104s
pre_big step 650 loss 1.0677 exact 100.0 token 100.0 {'add0': 100.0, 'add1': 100.0, 'add2': 100.0, 'add3': 100.0, 'add4': 100.0, 'rev_add0': 100.0, 'rev_add1': 100.0, 'rev_add2': 100.0, 'rev_add3': 100.0, 'rev_add4': 100.0} 108s
pre_big step 675 loss 1.0664 exact 100.0 token 100.0 {'add0': 100.0, 'add1': 100.0, 'add2': 100.0, 'add3': 100.0, 'add4': 100.0, 'rev_add0': 100.0, 'rev_add1': 100.0, 'rev_add2': 100.0, 'rev_add3': 100.0, 'rev_add4': 100.0} 112s
pre_big step 700 loss 1.0669 exact 100.0 token 100.0 {'add0': 100.0, 'add1': 100.0, 'add2': 100.0, 'add3': 100.0, 'add4': 100.0, 'rev_add0': 100.0, 'rev_add1': 100.0, 'rev_add2': 100.0, 'rev_add3': 100.0, 'rev_add4': 100.0} 116s
pre_big step 725 loss 1.0664 exact 100.0 token 100.0 {'add0': 100.0, 'add1': 100.0, 'add2': 100.0, 'add3': 100.0, 'add4': 100.0, 'rev_add0': 100.0, 'rev_add1': 100.0, 'rev_add2': 100.0, 'rev_add3': 100.0, 'rev_add4': 100.0} 120s
pre_big step 750 loss 1.0656 exact 100.0 token 100.0 {'add0': 100.0, 'add1': 100.0, 'add2': 100.0, 'add3': 100.0, 'add4': 100.0, 'rev_add0': 100.0, 'rev_add1': 100.0, 'rev_add2': 100.0, 'rev_add3': 100.0, 'rev_add4': 100.0} 124s
pre_big step 775 loss 1.0664 exact 100.0 token 100.0 {'add0': 100.0, 'add1': 100.0, 'add2': 100.0, 'add3': 100.0, 'add4': 100.0, 'rev_add0': 100.0, 'rev_add1': 100.0, 'rev_add2': 100.0, 'rev_add3': 100.0, 'rev_add4': 100.0} 128s
pre_big step 800 loss 1.066 exact 100.0 token 100.0 {'add0': 100.0, 'add1': 100.0, 'add2': 100.0, 'add3': 100.0, 'add4': 100.0, 'rev_add0': 100.0, 'rev_add1': 100.0, 'rev_add2': 100.0, 'rev_add3': 100.0, 'rev_add4': 100.0} 132s
pre_big step 825 loss 1.0667 exact 100.0 token 100.0 {'add0': 100.0, 'add1': 100.0, 'add2': 100.0, 'add3': 100.0, 'add4': 100.0, 'rev_add0': 100.0, 'rev_add1': 100.0, 'rev_add2': 100.0, 'rev_add3': 100.0, 'rev_add4': 100.0} 136s
pre_big step 850 loss 1.0654 exact 100.0 token 100.0 {'add0': 100.0, 'add1': 100.0, 'add2': 100.0, 'add3': 100.0, 'add4': 100.0, 'rev_add0': 100.0, 'rev_add1': 100.0, 'rev_add2': 100.0, 'rev_add3': 100.0, 'rev_add4': 100.0} 140s
pre_big step 875 loss 1.0654 exact 100.0 token 100.0 {'add0': 100.0, 'add1': 100.0, 'add2': 100.0, 'add3': 100.0, 'add4': 100.0, 'rev_add0': 100.0, 'rev_add1': 100.0, 'rev_add2': 100.0, 'rev_add3': 100.0, 'rev_add4': 100.0} 144s
pre_big step 900 loss 1.0647 exact 100.0 token 100.0 {'add0': 100.0, 'add1': 100.0, 'add2': 100.0, 'add3': 100.0, 'add4': 100.0, 'rev_add0': 100.0, 'rev_add1': 100.0, 'rev_add2': 100.0, 'rev_add3': 100.0, 'rev_add4': 100.0} 149s
pre_big step 925 loss 1.0647 exact 100.0 token 100.0 {'add0': 100.0, 'add1': 100.0, 'add2': 100.0, 'add3': 100.0, 'add4': 100.0, 'rev_add0': 100.0, 'rev_add1': 100.0, 'rev_add2': 100.0, 'rev_add3': 100.0, 'rev_add4': 100.0} 153s
pre_big step 950 loss 1.0652 exact 100.0 token 100.0 {'add0': 100.0, 'add1': 100.0, 'add2': 100.0, 'add3': 100.0, 'add4': 100.0, 'rev_add0': 100.0, 'rev_add1': 100.0, 'rev_add2': 100.0, 'rev_add3': 100.0, 'rev_add4': 100.0} 157s
pre_big step 975 loss 1.0654 exact 100.0 token 100.0 {'add0': 100.0, 'add1': 100.0, 'add2': 100.0, 'add3': 100.0, 'add4': 100.0, 'rev_add0': 100.0, 'rev_add1': 100.0, 'rev_add2': 100.0, 'rev_add3': 100.0, 'rev_add4': 100.0} 161s
pre_big step 1000 loss 1.0648 exact 100.0 token 100.0 {'add0': 100.0, 'add1': 100.0, 'add2': 100.0, 'add3': 100.0, 'add4': 100.0, 'rev_add0': 100.0, 'rev_add1': 100.0, 'rev_add2': 100.0, 'rev_add3': 100.0, 'rev_add4': 100.0} 165s
pre_big step 1025 loss 1.0646 exact 100.0 token 100.0 {'add0': 100.0, 'add1': 100.0, 'add2': 100.0, 'add3': 100.0, 'add4': 100.0, 'rev_add0': 100.0, 'rev_add1': 100.0, 'rev_add2': 100.0, 'rev_add3': 100.0, 'rev_add4': 100.0} 168s
pre_big step 1050 loss 1.0643 exact 100.0 token 100.0 {'add0': 100.0, 'add1': 100.0, 'add2': 100.0, 'add3': 100.0, 'add4': 100.0, 'rev_add0': 100.0, 'rev_add1': 100.0, 'rev_add2': 100.0, 'rev_add3': 100.0, 'rev_add4': 100.0} 172s
pre_big step 1075 loss 1.0643 exact 100.0 token 100.0 {'add0': 100.0, 'add1': 100.0, 'add2': 100.0, 'add3': 100.0, 'add4': 100.0, 'rev_add0': 100.0, 'rev_add1': 100.0, 'rev_add2': 100.0, 'rev_add3': 100.0, 'rev_add4': 100.0} 176s
pre_big step 1100 loss 1.0644 exact 100.0 token 100.0 {'add0': 100.0, 'add1': 100.0, 'add2': 100.0, 'add3': 100.0, 'add4': 100.0, 'rev_add0': 100.0, 'rev_add1': 100.0, 'rev_add2': 100.0, 'rev_add3': 100.0, 'rev_add4': 100.0} 180s
pre_big step 1125 loss 1.0642 exact 100.0 token 100.0 {'add0': 100.0, 'add1': 100.0, 'add2': 100.0, 'add3': 100.0, 'add4': 100.0, 'rev_add0': 100.0, 'rev_add1': 100.0, 'rev_add2': 100.0, 'rev_add3': 100.0, 'rev_add4': 100.0} 184s
pre_big step 1150 loss 1.0642 exact 100.0 token 100.0 {'add0': 100.0, 'add1': 100.0, 'add2': 100.0, 'add3': 100.0, 'add4': 100.0, 'rev_add0': 100.0, 'rev_add1': 100.0, 'rev_add2': 100.0, 'rev_add3': 100.0, 'rev_add4': 100.0} 188s
pre_big step 1175 loss 1.0643 exact 100.0 token 100.0 {'add0': 100.0, 'add1': 100.0, 'add2': 100.0, 'add3': 100.0, 'add4': 100.0, 'rev_add0': 100.0, 'rev_add1': 100.0, 'rev_add2': 100.0, 'rev_add3': 100.0, 'rev_add4': 100.0} 191s
pre_big step 1200 loss 1.0642 exact 100.0 token 100.0 {'add0': 100.0, 'add1': 100.0, 'add2': 100.0, 'add3': 100.0, 'add4': 100.0, 'rev_add0': 100.0, 'rev_add1': 100.0, 'rev_add2': 100.0, 'rev_add3': 100.0, 'rev_add4': 100.0} 195s
pre_big step 1225 loss 1.0645 exact 100.0 token 100.0 {'add0': 100.0, 'add1': 100.0, 'add2': 100.0, 'add3': 100.0, 'add4': 100.0, 'rev_add0': 100.0, 'rev_add1': 100.0, 'rev_add2': 100.0, 'rev_add3': 100.0, 'rev_add4': 100.0} 199s
pre_big step 1250 loss 1.0644 exact 100.0 token 100.0 {'add0': 100.0, 'add1': 100.0, 'add2': 100.0, 'add3': 100.0, 'add4': 100.0, 'rev_add0': 100.0, 'rev_add1': 100.0, 'rev_add2': 100.0, 'rev_add3': 100.0, 'rev_add4': 100.0} 203s
pre_big step 1275 loss 1.0641 exact 100.0 token 100.0 {'add0': 100.0, 'add1': 100.0, 'add2': 100.0, 'add3': 100.0, 'add4': 100.0, 'rev_add0': 100.0, 'rev_add1': 100.0, 'rev_add2': 100.0, 'rev_add3': 100.0, 'rev_add4': 100.0} 207s
pre_big step 1300 loss 1.0642 exact 100.0 token 100.0 {'add0': 100.0, 'add1': 100.0, 'add2': 100.0, 'add3': 100.0, 'add4': 100.0, 'rev_add0': 100.0, 'rev_add1': 100.0, 'rev_add2': 100.0, 'rev_add3': 100.0, 'rev_add4': 100.0} 211s
pre_big step 1325 loss 1.0636 exact 100.0 token 100.0 {'add0': 100.0, 'add1': 100.0, 'add2': 100.0, 'add3': 100.0, 'add4': 100.0, 'rev_add0': 100.0, 'rev_add1': 100.0, 'rev_add2': 100.0, 'rev_add3': 100.0, 'rev_add4': 100.0} 215s
pre_big step 1350 loss 1.064 exact 100.0 token 100.0 {'add0': 100.0, 'add1': 100.0, 'add2': 100.0, 'add3': 100.0, 'add4': 100.0, 'rev_add0': 100.0, 'rev_add1': 100.0, 'rev_add2': 100.0, 'rev_add3': 100.0, 'rev_add4': 100.0} 219s
pre_big step 1375 loss 1.0637 exact 100.0 token 100.0 {'add0': 100.0, 'add1': 100.0, 'add2': 100.0, 'add3': 100.0, 'add4': 100.0, 'rev_add0': 100.0, 'rev_add1': 100.0, 'rev_add2': 100.0, 'rev_add3': 100.0, 'rev_add4': 100.0} 222s
pre_big step 1400 loss 1.0637 exact 100.0 token 100.0 {'add0': 100.0, 'add1': 100.0, 'add2': 100.0, 'add3': 100.0, 'add4': 100.0, 'rev_add0': 100.0, 'rev_add1': 100.0, 'rev_add2': 100.0, 'rev_add3': 100.0, 'rev_add4': 100.0} 226s
pre_big step 1425 loss 1.0637 exact 100.0 token 100.0 {'add0': 100.0, 'add1': 100.0, 'add2': 100.0, 'add3': 100.0, 'add4': 100.0, 'rev_add0': 100.0, 'rev_add1': 100.0, 'rev_add2': 100.0, 'rev_add3': 100.0, 'rev_add4': 100.0} 230s
pre_big step 1450 loss 1.0638 exact 100.0 token 100.0 {'add0': 100.0, 'add1': 100.0, 'add2': 100.0, 'add3': 100.0, 'add4': 100.0, 'rev_add0': 100.0, 'rev_add1': 100.0, 'rev_add2': 100.0, 'rev_add3': 100.0, 'rev_add4': 100.0} 234s
pre_big step 1475 loss 1.0638 exact 100.0 token 100.0 {'add0': 100.0, 'add1': 100.0, 'add2': 100.0, 'add3': 100.0, 'add4': 100.0, 'rev_add0': 100.0, 'rev_add1': 100.0, 'rev_add2': 100.0, 'rev_add3': 100.0, 'rev_add4': 100.0} 238s
pre_big step 1500 loss 1.0635 exact 100.0 token 100.0 {'add0': 100.0, 'add1': 100.0, 'add2': 100.0, 'add3': 100.0, 'add4': 100.0, 'rev_add0': 100.0, 'rev_add1': 100.0, 'rev_add2': 100.0, 'rev_add3': 100.0, 'rev_add4': 100.0} 242s
=== restart adaptation runs with DEC_POS0
=== run dec_cont
dec_cont step 0 exact 100.0 token 100.0 {'add0': 100.0, 'add1': 100.0, 'add2': 100.0, 'add3': 100.0, 'add4': 100.0, 'rev_add0': 100.0, 'rev_add1': 100.0, 'rev_add2': 100.0, 'rev_add3': 100.0, 'rev_add4': 100.0}
dec_cont step 25 loss 1.0651 exact 99.8 token 99.98 {'add0': 100.0, 'add1': 100.0, 'add2': 100.0, 'add3': 100.0, 'add4': 100.0, 'rev_add0': 100.0, 'rev_add1': 100.0, 'rev_add2': 97.97, 'rev_add3': 100.0, 'rev_add4': 100.0} 3s
dec_cont step 50 loss 1.0686 exact 96.2 token 99.65 {'add0': 97.45, 'add1': 100.0, 'add2': 96.73, 'add3': 81.91, 'add4': 93.75, 'rev_add0': 98.94, 'rev_add1': 97.96, 'rev_add2': 98.48, 'rev_add3': 97.37, 'rev_add4': 99.52} 5s
dec_cont step 75 loss 1.0793 exact 87.85 token 98.9 {'add0': 89.29, 'add1': 89.66, 'add2': 85.51, 'add3': 86.43, 'add4': 83.65, 'rev_add0': 89.36, 'rev_add1': 86.22, 'rev_add2': 97.46, 'rev_add3': 94.21, 'rev_add4': 77.99} 7s
dec_cont step 100 loss 1.0893 exact 91.95 token 99.27 {'add0': 90.31, 'add1': 92.12, 'add2': 95.33, 'add3': 95.48, 'add4': 98.08, 'rev_add0': 91.49, 'rev_add1': 93.37, 'rev_add2': 96.95, 'rev_add3': 88.95, 'rev_add4': 77.51} 8s
dec_cont step 125 loss 1.0879 exact 94.95 token 99.57 {'add0': 90.82, 'add1': 90.64, 'add2': 94.39, 'add3': 100.0, 'add4': 92.79, 'rev_add0': 93.62, 'rev_add1': 97.96, 'rev_add2': 94.42, 'rev_add3': 95.79, 'rev_add4': 99.04} 10s
dec_cont step 150 loss 1.0752 exact 98.85 token 99.9 {'add0': 96.94, 'add1': 99.51, 'add2': 100.0, 'add3': 99.5, 'add4': 94.23, 'rev_add0': 100.0, 'rev_add1': 99.49, 'rev_add2': 100.0, 'rev_add3': 100.0, 'rev_add4': 99.04} 12s
dec_cont step 175 loss 1.069 exact 100.0 token 100.0 {'add0': 100.0, 'add1': 100.0, 'add2': 100.0, 'add3': 100.0, 'add4': 100.0, 'rev_add0': 100.0, 'rev_add1': 100.0, 'rev_add2': 100.0, 'rev_add3': 100.0, 'rev_add4': 100.0} 14s
dec_cont step 200 loss 1.0661 exact 100.0 token 100.0 {'add0': 100.0, 'add1': 100.0, 'add2': 100.0, 'add3': 100.0, 'add4': 100.0, 'rev_add0': 100.0, 'rev_add1': 100.0, 'rev_add2': 100.0, 'rev_add3': 100.0, 'rev_add4': 100.0} 15s
dec_cont step 225 loss 1.066 exact 100.0 token 100.0 {'add0': 100.0, 'add1': 100.0, 'add2': 100.0, 'add3': 100.0, 'add4': 100.0, 'rev_add0': 100.0, 'rev_add1': 100.0, 'rev_add2': 100.0, 'rev_add3': 100.0, 'rev_add4': 100.0} 17s
dec_cont step 250 loss 1.0671 exact 100.0 token 100.0 {'add0': 100.0, 'add1': 100.0, 'add2': 100.0, 'add3': 100.0, 'add4': 100.0, 'rev_add0': 100.0, 'rev_add1': 100.0, 'rev_add2': 100.0, 'rev_add3': 100.0, 'rev_add4': 100.0} 19s
dec_cont step 275 loss 1.067 exact 100.0 token 100.0 {'add0': 100.0, 'add1': 100.0, 'add2': 100.0, 'add3': 100.0, 'add4': 100.0, 'rev_add0': 100.0, 'rev_add1': 100.0, 'rev_add2': 100.0, 'rev_add3': 100.0, 'rev_add4': 100.0} 21s
dec_cont step 300 loss 1.0658 exact 100.0 token 100.0 {'add0': 100.0, 'add1': 100.0, 'add2': 100.0, 'add3': 100.0, 'add4': 100.0, 'rev_add0': 100.0, 'rev_add1': 100.0, 'rev_add2': 100.0, 'rev_add3': 100.0, 'rev_add4': 100.0} 23s
dec_cont step 325 loss 1.0653 exact 100.0 token 100.0 {'add0': 100.0, 'add1': 100.0, 'add2': 100.0, 'add3': 100.0, 'add4': 100.0, 'rev_add0': 100.0, 'rev_add1': 100.0, 'rev_add2': 100.0, 'rev_add3': 100.0, 'rev_add4': 100.0} 25s
dec_cont step 350 loss 1.0663 exact 100.0 token 100.0 {'add0': 100.0, 'add1': 100.0, 'add2': 100.0, 'add3': 100.0, 'add4': 100.0, 'rev_add0': 100.0, 'rev_add1': 100.0, 'rev_add2': 100.0, 'rev_add3': 100.0, 'rev_add4': 100.0} 27s
dec_cont step 375 loss 1.0662 exact 100.0 token 100.0 {'add0': 100.0, 'add1': 100.0, 'add2': 100.0, 'add3': 100.0, 'add4': 100.0, 'rev_add0': 100.0, 'rev_add1': 100.0, 'rev_add2': 100.0, 'rev_add3': 100.0, 'rev_add4': 100.0} 29s
dec_cont step 400 loss 1.0655 exact 100.0 token 100.0 {'add0': 100.0, 'add1': 100.0, 'add2': 100.0, 'add3': 100.0, 'add4': 100.0, 'rev_add0': 100.0, 'rev_add1': 100.0, 'rev_add2': 100.0, 'rev_add3': 100.0, 'rev_add4': 100.0} 30s
dec_cont step 425 loss 1.065 exact 100.0 token 100.0 {'add0': 100.0, 'add1': 100.0, 'add2': 100.0, 'add3': 100.0, 'add4': 100.0, 'rev_add0': 100.0, 'rev_add1': 100.0, 'rev_add2': 100.0, 'rev_add3': 100.0, 'rev_add4': 100.0} 32s
dec_cont step 450 loss 1.0667 exact 100.0 token 100.0 {'add0': 100.0, 'add1': 100.0, 'add2': 100.0, 'add3': 100.0, 'add4': 100.0, 'rev_add0': 100.0, 'rev_add1': 100.0, 'rev_add2': 100.0, 'rev_add3': 100.0, 'rev_add4': 100.0} 34s
dec_cont step 475 loss 1.0662 exact 100.0 token 100.0 {'add0': 100.0, 'add1': 100.0, 'add2': 100.0, 'add3': 100.0, 'add4': 100.0, 'rev_add0': 100.0, 'rev_add1': 100.0, 'rev_add2': 100.0, 'rev_add3': 100.0, 'rev_add4': 100.0} 36s
dec_cont step 500 loss 1.0649 exact 100.0 token 100.0 {'add0': 100.0, 'add1': 100.0, 'add2': 100.0, 'add3': 100.0, 'add4': 100.0, 'rev_add0': 100.0, 'rev_add1': 100.0, 'rev_add2': 100.0, 'rev_add3': 100.0, 'rev_add4': 100.0} 37s
dec_cont step 525 loss 1.0651 exact 100.0 token 100.0 {'add0': 100.0, 'add1': 100.0, 'add2': 100.0, 'add3': 100.0, 'add4': 100.0, 'rev_add0': 100.0, 'rev_add1': 100.0, 'rev_add2': 100.0, 'rev_add3': 100.0, 'rev_add4': 100.0} 39s
dec_cont step 550 loss 1.065 exact 100.0 token 100.0 {'add0': 100.0, 'add1': 100.0, 'add2': 100.0, 'add3': 100.0, 'add4': 100.0, 'rev_add0': 100.0, 'rev_add1': 100.0, 'rev_add2': 100.0, 'rev_add3': 100.0, 'rev_add4': 100.0} 41s
dec_cont step 575 loss 1.0647 exact 100.0 token 100.0 {'add0': 100.0, 'add1': 100.0, 'add2': 100.0, 'add3': 100.0, 'add4': 100.0, 'rev_add0': 100.0, 'rev_add1': 100.0, 'rev_add2': 100.0, 'rev_add3': 100.0, 'rev_add4': 100.0} 43s
dec_cont step 600 loss 1.0646 exact 100.0 token 100.0 {'add0': 100.0, 'add1': 100.0, 'add2': 100.0, 'add3': 100.0, 'add4': 100.0, 'rev_add0': 100.0, 'rev_add1': 100.0, 'rev_add2': 100.0, 'rev_add3': 100.0, 'rev_add4': 100.0} 45s
dec_cont step 625 loss 1.0647 exact 100.0 token 100.0 {'add0': 100.0, 'add1': 100.0, 'add2': 100.0, 'add3': 100.0, 'add4': 100.0, 'rev_add0': 100.0, 'rev_add1': 100.0, 'rev_add2': 100.0, 'rev_add3': 100.0, 'rev_add4': 100.0} 47s
dec_cont step 650 loss 1.0644 exact 100.0 token 100.0 {'add0': 100.0, 'add1': 100.0, 'add2': 100.0, 'add3': 100.0, 'add4': 100.0, 'rev_add0': 100.0, 'rev_add1': 100.0, 'rev_add2': 100.0, 'rev_add3': 100.0, 'rev_add4': 100.0} 48s
dec_cont step 675 loss 1.0643 exact 100.0 token 100.0 {'add0': 100.0, 'add1': 100.0, 'add2': 100.0, 'add3': 100.0, 'add4': 100.0, 'rev_add0': 100.0, 'rev_add1': 100.0, 'rev_add2': 100.0, 'rev_add3': 100.0, 'rev_add4': 100.0} 50s
dec_cont step 700 loss 1.0645 exact 100.0 token 100.0 {'add0': 100.0, 'add1': 100.0, 'add2': 100.0, 'add3': 100.0, 'add4': 100.0, 'rev_add0': 100.0, 'rev_add1': 100.0, 'rev_add2': 100.0, 'rev_add3': 100.0, 'rev_add4': 100.0} 52s
dec_cont step 725 loss 1.0637 exact 100.0 token 100.0 {'add0': 100.0, 'add1': 100.0, 'add2': 100.0, 'add3': 100.0, 'add4': 100.0, 'rev_add0': 100.0, 'rev_add1': 100.0, 'rev_add2': 100.0, 'rev_add3': 100.0, 'rev_add4': 100.0} 54s
dec_cont step 750 loss 1.0639 exact 100.0 token 100.0 {'add0': 100.0, 'add1': 100.0, 'add2': 100.0, 'add3': 100.0, 'add4': 100.0, 'rev_add0': 100.0, 'rev_add1': 100.0, 'rev_add2': 100.0, 'rev_add3': 100.0, 'rev_add4': 100.0} 56s
dec_cont step 775 loss 1.064 exact 100.0 token 100.0 {'add0': 100.0, 'add1': 100.0, 'add2': 100.0, 'add3': 100.0, 'add4': 100.0, 'rev_add0': 100.0, 'rev_add1': 100.0, 'rev_add2': 100.0, 'rev_add3': 100.0, 'rev_add4': 100.0} 57s
dec_cont step 800 loss 1.064 exact 100.0 token 100.0 {'add0': 100.0, 'add1': 100.0, 'add2': 100.0, 'add3': 100.0, 'add4': 100.0, 'rev_add0': 100.0, 'rev_add1': 100.0, 'rev_add2': 100.0, 'rev_add3': 100.0, 'rev_add4': 100.0} 59s
dec_cont step 825 loss 1.0638 exact 100.0 token 100.0 {'add0': 100.0, 'add1': 100.0, 'add2': 100.0, 'add3': 100.0, 'add4': 100.0, 'rev_add0': 100.0, 'rev_add1': 100.0, 'rev_add2': 100.0, 'rev_add3': 100.0, 'rev_add4': 100.0} 61s
dec_cont step 850 loss 1.0639 exact 100.0 token 100.0 {'add0': 100.0, 'add1': 100.0, 'add2': 100.0, 'add3': 100.0, 'add4': 100.0, 'rev_add0': 100.0, 'rev_add1': 100.0, 'rev_add2': 100.0, 'rev_add3': 100.0, 'rev_add4': 100.0} 63s
dec_cont step 875 loss 1.0632 exact 100.0 token 100.0 {'add0': 100.0, 'add1': 100.0, 'add2': 100.0, 'add3': 100.0, 'add4': 100.0, 'rev_add0': 100.0, 'rev_add1': 100.0, 'rev_add2': 100.0, 'rev_add3': 100.0, 'rev_add4': 100.0} 64s
dec_cont step 900 loss 1.0637 exact 100.0 token 100.0 {'add0': 100.0, 'add1': 100.0, 'add2': 100.0, 'add3': 100.0, 'add4': 100.0, 'rev_add0': 100.0, 'rev_add1': 100.0, 'rev_add2': 100.0, 'rev_add3': 100.0, 'rev_add4': 100.0} 67s
dec_cont step 925 loss 1.0633 exact 100.0 token 100.0 {'add0': 100.0, 'add1': 100.0, 'add2': 100.0, 'add3': 100.0, 'add4': 100.0, 'rev_add0': 100.0, 'rev_add1': 100.0, 'rev_add2': 100.0, 'rev_add3': 100.0, 'rev_add4': 100.0} 68s
dec_cont step 950 loss 1.064 exact 100.0 token 100.0 {'add0': 100.0, 'add1': 100.0, 'add2': 100.0, 'add3': 100.0, 'add4': 100.0, 'rev_add0': 100.0, 'rev_add1': 100.0, 'rev_add2': 100.0, 'rev_add3': 100.0, 'rev_add4': 100.0} 70s
dec_cont step 975 loss 1.0637 exact 100.0 token 100.0 {'add0': 100.0, 'add1': 100.0, 'add2': 100.0, 'add3': 100.0, 'add4': 100.0, 'rev_add0': 100.0, 'rev_add1': 100.0, 'rev_add2': 100.0, 'rev_add3': 100.0, 'rev_add4': 100.0} 72s
dec_cont step 1000 loss 1.0635 exact 100.0 token 100.0 {'add0': 100.0, 'add1': 100.0, 'add2': 100.0, 'add3': 100.0, 'add4': 100.0, 'rev_add0': 100.0, 'rev_add1': 100.0, 'rev_add2': 100.0, 'rev_add3': 100.0, 'rev_add4': 100.0} 74s
=== run ad_bi
ad_bi step 0 exact 0.0 token 9.92 {'add0': 0.0, 'add1': 0.0, 'add2': 0.0, 'add3': 0.0, 'add4': 0.0, 'rev_add0': 0.0, 'rev_add1': 0.0, 'rev_add2': 0.0, 'rev_add3': 0.0, 'rev_add4': 0.0}
ad_bi step 25 loss 5.693 exact 0.0 token 10.23 {'add0': 0.0, 'add1': 0.0, 'add2': 0.0, 'add3': 0.0, 'add4': 0.0, 'rev_add0': 0.0, 'rev_add1': 0.0, 'rev_add2': 0.0, 'rev_add3': 0.0, 'rev_add4': 0.0} 3s
ad_bi step 50 loss 2.1527 exact 0.0 token 10.12 {'add0': 0.0, 'add1': 0.0, 'add2': 0.0, 'add3': 0.0, 'add4': 0.0, 'rev_add0': 0.0, 'rev_add1': 0.0, 'rev_add2': 0.0, 'rev_add3': 0.0, 'rev_add4': 0.0} 5s
ad_bi step 75 loss 2.126 exact 0.0 token 12.14 {'add0': 0.0, 'add1': 0.0, 'add2': 0.0, 'add3': 0.0, 'add4': 0.0, 'rev_add0': 0.0, 'rev_add1': 0.0, 'rev_add2': 0.0, 'rev_add3': 0.0, 'rev_add4': 0.0} 7s
ad_bi step 100 loss 2.1024 exact 0.0 token 13.99 {'add0': 0.0, 'add1': 0.0, 'add2': 0.0, 'add3': 0.0, 'add4': 0.0, 'rev_add0': 0.0, 'rev_add1': 0.0, 'rev_add2': 0.0, 'rev_add3': 0.0, 'rev_add4': 0.0} 10s
ad_bi step 125 loss 1.9212 exact 0.0 token 28.28 {'add0': 0.0, 'add1': 0.0, 'add2': 0.0, 'add3': 0.0, 'add4': 0.0, 'rev_add0': 0.0, 'rev_add1': 0.0, 'rev_add2': 0.0, 'rev_add3': 0.0, 'rev_add4': 0.0} 12s
ad_bi step 150 loss 1.352 exact 0.05 token 54.58 {'add0': 0.0, 'add1': 0.0, 'add2': 0.0, 'add3': 0.0, 'add4': 0.0, 'rev_add0': 0.53, 'rev_add1': 0.0, 'rev_add2': 0.0, 'rev_add3': 0.0, 'rev_add4': 0.0} 15s
ad_bi step 175 loss 0.566 exact 31.4 token 90.99 {'add0': 26.53, 'add1': 19.7, 'add2': 28.5, 'add3': 34.67, 'add4': 25.48, 'rev_add0': 25.53, 'rev_add1': 29.08, 'rev_add2': 42.64, 'rev_add3': 45.79, 'rev_add4': 36.84} 18s
ad_bi step 200 loss 0.1433 exact 78.25 token 97.9 {'add0': 65.82, 'add1': 79.8, 'add2': 89.72, 'add3': 85.43, 'add4': 70.19, 'rev_add0': 74.47, 'rev_add1': 89.29, 'rev_add2': 86.29, 'rev_add3': 72.11, 'rev_add4': 68.9} 20s
ad_bi step 225 loss 0.0513 exact 88.1 token 98.93 {'add0': 92.86, 'add1': 86.21, 'add2': 89.25, 'add3': 93.47, 'add4': 84.13, 'rev_add0': 96.28, 'rev_add1': 89.8, 'rev_add2': 73.1, 'rev_add3': 91.05, 'rev_add4': 85.65} 23s
ad_bi step 250 loss 0.0481 exact 88.0 token 98.9 {'add0': 88.78, 'add1': 93.1, 'add2': 87.85, 'add3': 85.43, 'add4': 89.9, 'rev_add0': 98.4, 'rev_add1': 99.49, 'rev_add2': 95.94, 'rev_add3': 77.37, 'rev_add4': 65.07} 26s
ad_bi step 275 loss 0.0303 exact 95.75 token 99.62 {'add0': 100.0, 'add1': 97.04, 'add2': 92.99, 'add3': 80.4, 'add4': 89.9, 'rev_add0': 98.94, 'rev_add1': 100.0, 'rev_add2': 100.0, 'rev_add3': 100.0, 'rev_add4': 99.04} 28s
ad_bi step 300 loss 0.0132 exact 98.55 token 99.87 {'add0': 97.96, 'add1': 100.0, 'add2': 99.53, 'add3': 99.5, 'add4': 90.87, 'rev_add0': 100.0, 'rev_add1': 100.0, 'rev_add2': 100.0, 'rev_add3': 100.0, 'rev_add4': 98.09} 30s
ad_bi step 325 loss 0.0092 exact 99.1 token 99.92 {'add0': 98.98, 'add1': 97.54, 'add2': 99.53, 'add3': 100.0, 'add4': 99.52, 'rev_add0': 97.34, 'rev_add1': 99.49, 'rev_add2': 100.0, 'rev_add3': 98.95, 'rev_add4': 99.52} 32s
ad_bi step 350 loss 0.0085 exact 99.25 token 99.94 {'add0': 100.0, 'add1': 100.0, 'add2': 100.0, 'add3': 100.0, 'add4': 99.52, 'rev_add0': 96.81, 'rev_add1': 98.98, 'rev_add2': 100.0, 'rev_add3': 100.0, 'rev_add4': 97.13} 34s
ad_bi step 375 loss 0.0032 exact 100.0 token 100.0 {'add0': 100.0, 'add1': 100.0, 'add2': 100.0, 'add3': 100.0, 'add4': 100.0, 'rev_add0': 100.0, 'rev_add1': 100.0, 'rev_add2': 100.0, 'rev_add3': 100.0, 'rev_add4': 100.0} 36s
ad_bi step 400 loss 0.0015 exact 100.0 token 100.0 {'add0': 100.0, 'add1': 100.0, 'add2': 100.0, 'add3': 100.0, 'add4': 100.0, 'rev_add0': 100.0, 'rev_add1': 100.0, 'rev_add2': 100.0, 'rev_add3': 100.0, 'rev_add4': 100.0} 39s
ad_bi step 425 loss 0.0012 exact 100.0 token 100.0 {'add0': 100.0, 'add1': 100.0, 'add2': 100.0, 'add3': 100.0, 'add4': 100.0, 'rev_add0': 100.0, 'rev_add1': 100.0, 'rev_add2': 100.0, 'rev_add3': 100.0, 'rev_add4': 100.0} 41s
ad_bi step 450 loss 0.0011 exact 100.0 token 100.0 {'add0': 100.0, 'add1': 100.0, 'add2': 100.0, 'add3': 100.0, 'add4': 100.0, 'rev_add0': 100.0, 'rev_add1': 100.0, 'rev_add2': 100.0, 'rev_add3': 100.0, 'rev_add4': 100.0} 43s
ad_bi step 475 loss 0.001 exact 100.0 token 100.0 {'add0': 100.0, 'add1': 100.0, 'add2': 100.0, 'add3': 100.0, 'add4': 100.0, 'rev_add0': 100.0, 'rev_add1': 100.0, 'rev_add2': 100.0, 'rev_add3': 100.0, 'rev_add4': 100.0} 45s
ad_bi step 500 loss 0.0009 exact 100.0 token 100.0 {'add0': 100.0, 'add1': 100.0, 'add2': 100.0, 'add3': 100.0, 'add4': 100.0, 'rev_add0': 100.0, 'rev_add1': 100.0, 'rev_add2': 100.0, 'rev_add3': 100.0, 'rev_add4': 100.0} 47s
ad_bi step 525 loss 0.0009 exact 100.0 token 100.0 {'add0': 100.0, 'add1': 100.0, 'add2': 100.0, 'add3': 100.0, 'add4': 100.0, 'rev_add0': 100.0, 'rev_add1': 100.0, 'rev_add2': 100.0, 'rev_add3': 100.0, 'rev_add4': 100.0} 49s
ad_bi step 550 loss 0.0008 exact 100.0 token 100.0 {'add0': 100.0, 'add1': 100.0, 'add2': 100.0, 'add3': 100.0, 'add4': 100.0, 'rev_add0': 100.0, 'rev_add1': 100.0, 'rev_add2': 100.0, 'rev_add3': 100.0, 'rev_add4': 100.0} 51s
ad_bi step 575 loss 0.0008 exact 100.0 token 100.0 {'add0': 100.0, 'add1': 100.0, 'add2': 100.0, 'add3': 100.0, 'add4': 100.0, 'rev_add0': 100.0, 'rev_add1': 100.0, 'rev_add2': 100.0, 'rev_add3': 100.0, 'rev_add4': 100.0} 53s
ad_bi step 600 loss 0.0007 exact 100.0 token 100.0 {'add0': 100.0, 'add1': 100.0, 'add2': 100.0, 'add3': 100.0, 'add4': 100.0, 'rev_add0': 100.0, 'rev_add1': 100.0, 'rev_add2': 100.0, 'rev_add3': 100.0, 'rev_add4': 100.0} 56s
ad_bi step 625 loss 0.0007 exact 100.0 token 100.0 {'add0': 100.0, 'add1': 100.0, 'add2': 100.0, 'add3': 100.0, 'add4': 100.0, 'rev_add0': 100.0, 'rev_add1': 100.0, 'rev_add2': 100.0, 'rev_add3': 100.0, 'rev_add4': 100.0} 58s
ad_bi step 650 loss 0.0007 exact 100.0 token 100.0 {'add0': 100.0, 'add1': 100.0, 'add2': 100.0, 'add3': 100.0, 'add4': 100.0, 'rev_add0': 100.0, 'rev_add1': 100.0, 'rev_add2': 100.0, 'rev_add3': 100.0, 'rev_add4': 100.0} 60s
ad_bi step 675 loss 0.0007 exact 100.0 token 100.0 {'add0': 100.0, 'add1': 100.0, 'add2': 100.0, 'add3': 100.0, 'add4': 100.0, 'rev_add0': 100.0, 'rev_add1': 100.0, 'rev_add2': 100.0, 'rev_add3': 100.0, 'rev_add4': 100.0} 63s
ad_bi step 700 loss 0.0007 exact 100.0 token 100.0 {'add0': 100.0, 'add1': 100.0, 'add2': 100.0, 'add3': 100.0, 'add4': 100.0, 'rev_add0': 100.0, 'rev_add1': 100.0, 'rev_add2': 100.0, 'rev_add3': 100.0, 'rev_add4': 100.0} 65s
ad_bi step 725 loss 0.0006 exact 100.0 token 100.0 {'add0': 100.0, 'add1': 100.0, 'add2': 100.0, 'add3': 100.0, 'add4': 100.0, 'rev_add0': 100.0, 'rev_add1': 100.0, 'rev_add2': 100.0, 'rev_add3': 100.0, 'rev_add4': 100.0} 67s
ad_bi step 750 loss 0.0006 exact 100.0 token 100.0 {'add0': 100.0, 'add1': 100.0, 'add2': 100.0, 'add3': 100.0, 'add4': 100.0, 'rev_add0': 100.0, 'rev_add1': 100.0, 'rev_add2': 100.0, 'rev_add3': 100.0, 'rev_add4': 100.0} 69s
ad_bi step 775 loss 0.0006 exact 100.0 token 100.0 {'add0': 100.0, 'add1': 100.0, 'add2': 100.0, 'add3': 100.0, 'add4': 100.0, 'rev_add0': 100.0, 'rev_add1': 100.0, 'rev_add2': 100.0, 'rev_add3': 100.0, 'rev_add4': 100.0} 71s
ad_bi step 800 loss 0.0006 exact 100.0 token 100.0 {'add0': 100.0, 'add1': 100.0, 'add2': 100.0, 'add3': 100.0, 'add4': 100.0, 'rev_add0': 100.0, 'rev_add1': 100.0, 'rev_add2': 100.0, 'rev_add3': 100.0, 'rev_add4': 100.0} 73s
ad_bi step 825 loss 0.0006 exact 100.0 token 100.0 {'add0': 100.0, 'add1': 100.0, 'add2': 100.0, 'add3': 100.0, 'add4': 100.0, 'rev_add0': 100.0, 'rev_add1': 100.0, 'rev_add2': 100.0, 'rev_add3': 100.0, 'rev_add4': 100.0} 75s
ad_bi step 850 loss 0.0006 exact 100.0 token 100.0 {'add0': 100.0, 'add1': 100.0, 'add2': 100.0, 'add3': 100.0, 'add4': 100.0, 'rev_add0': 100.0, 'rev_add1': 100.0, 'rev_add2': 100.0, 'rev_add3': 100.0, 'rev_add4': 100.0} 77s
ad_bi step 875 loss 0.0006 exact 100.0 token 100.0 {'add0': 100.0, 'add1': 100.0, 'add2': 100.0, 'add3': 100.0, 'add4': 100.0, 'rev_add0': 100.0, 'rev_add1': 100.0, 'rev_add2': 100.0, 'rev_add3': 100.0, 'rev_add4': 100.0} 79s
ad_bi step 900 loss 0.0005 exact 100.0 token 100.0 {'add0': 100.0, 'add1': 100.0, 'add2': 100.0, 'add3': 100.0, 'add4': 100.0, 'rev_add0': 100.0, 'rev_add1': 100.0, 'rev_add2': 100.0, 'rev_add3': 100.0, 'rev_add4': 100.0} 81s
ad_bi step 925 loss 0.0005 exact 100.0 token 100.0 {'add0': 100.0, 'add1': 100.0, 'add2': 100.0, 'add3': 100.0, 'add4': 100.0, 'rev_add0': 100.0, 'rev_add1': 100.0, 'rev_add2': 100.0, 'rev_add3': 100.0, 'rev_add4': 100.0} 83s
ad_bi step 950 loss 0.0005 exact 100.0 token 100.0 {'add0': 100.0, 'add1': 100.0, 'add2': 100.0, 'add3': 100.0, 'add4': 100.0, 'rev_add0': 100.0, 'rev_add1': 100.0, 'rev_add2': 100.0, 'rev_add3': 100.0, 'rev_add4': 100.0} 85s
ad_bi step 975 loss 0.0005 exact 100.0 token 100.0 {'add0': 100.0, 'add1': 100.0, 'add2': 100.0, 'add3': 100.0, 'add4': 100.0, 'rev_add0': 100.0, 'rev_add1': 100.0, 'rev_add2': 100.0, 'rev_add3': 100.0, 'rev_add4': 100.0} 87s
ad_bi step 1000 loss 0.0005 exact 100.0 token 100.0 {'add0': 100.0, 'add1': 100.0, 'add2': 100.0, 'add3': 100.0, 'add4': 100.0, 'rev_add0': 100.0, 'rev_add1': 100.0, 'rev_add2': 100.0, 'rev_add3': 100.0, 'rev_add4': 100.0} 89s
=== run ad_causal
ad_causal step 0 exact 0.0 token 9.61 {'add0': 0.0, 'add1': 0.0, 'add2': 0.0, 'add3': 0.0, 'add4': 0.0, 'rev_add0': 0.0, 'rev_add1': 0.0, 'rev_add2': 0.0, 'rev_add3': 0.0, 'rev_add4': 0.0}
ad_causal step 25 loss 6.0667 exact 0.0 token 10.09 {'add0': 0.0, 'add1': 0.0, 'add2': 0.0, 'add3': 0.0, 'add4': 0.0, 'rev_add0': 0.0, 'rev_add1': 0.0, 'rev_add2': 0.0, 'rev_add3': 0.0, 'rev_add4': 0.0} 3s
ad_causal step 50 loss 2.1721 exact 0.0 token 10.05 {'add0': 0.0, 'add1': 0.0, 'add2': 0.0, 'add3': 0.0, 'add4': 0.0, 'rev_add0': 0.0, 'rev_add1': 0.0, 'rev_add2': 0.0, 'rev_add3': 0.0, 'rev_add4': 0.0} 5s
ad_causal step 75 loss 2.1301 exact 0.0 token 10.88 {'add0': 0.0, 'add1': 0.0, 'add2': 0.0, 'add3': 0.0, 'add4': 0.0, 'rev_add0': 0.0, 'rev_add1': 0.0, 'rev_add2': 0.0, 'rev_add3': 0.0, 'rev_add4': 0.0} 7s
ad_causal step 100 loss 2.1279 exact 0.0 token 11.39 {'add0': 0.0, 'add1': 0.0, 'add2': 0.0, 'add3': 0.0, 'add4': 0.0, 'rev_add0': 0.0, 'rev_add1': 0.0, 'rev_add2': 0.0, 'rev_add3': 0.0, 'rev_add4': 0.0} 9s
ad_causal step 125 loss 2.1147 exact 0.0 token 12.77 {'add0': 0.0, 'add1': 0.0, 'add2': 0.0, 'add3': 0.0, 'add4': 0.0, 'rev_add0': 0.0, 'rev_add1': 0.0, 'rev_add2': 0.0, 'rev_add3': 0.0, 'rev_add4': 0.0} 11s
ad_causal step 150 loss 2.1004 exact 0.0 token 13.61 {'add0': 0.0, 'add1': 0.0, 'add2': 0.0, 'add3': 0.0, 'add4': 0.0, 'rev_add0': 0.0, 'rev_add1': 0.0, 'rev_add2': 0.0, 'rev_add3': 0.0, 'rev_add4': 0.0} 13s
ad_causal step 175 loss 2.0837 exact 0.0 token 14.49 {'add0': 0.0, 'add1': 0.0, 'add2': 0.0, 'add3': 0.0, 'add4': 0.0, 'rev_add0': 0.0, 'rev_add1': 0.0, 'rev_add2': 0.0, 'rev_add3': 0.0, 'rev_add4': 0.0} 15s
ad_causal step 200 loss 2.0637 exact 0.0 token 14.37 {'add0': 0.0, 'add1': 0.0, 'add2': 0.0, 'add3': 0.0, 'add4': 0.0, 'rev_add0': 0.0, 'rev_add1': 0.0, 'rev_add2': 0.0, 'rev_add3': 0.0, 'rev_add4': 0.0} 17s
ad_causal step 225 loss 2.0406 exact 0.0 token 15.5 {'add0': 0.0, 'add1': 0.0, 'add2': 0.0, 'add3': 0.0, 'add4': 0.0, 'rev_add0': 0.0, 'rev_add1': 0.0, 'rev_add2': 0.0, 'rev_add3': 0.0, 'rev_add4': 0.0} 19s
ad_causal step 250 loss 1.8932 exact 0.0 token 25.21 {'add0': 0.0, 'add1': 0.0, 'add2': 0.0, 'add3': 0.0, 'add4': 0.0, 'rev_add0': 0.0, 'rev_add1': 0.0, 'rev_add2': 0.0, 'rev_add3': 0.0, 'rev_add4': 0.0} 21s
ad_causal step 275 loss 1.4689 exact 0.0 token 33.86 {'add0': 0.0, 'add1': 0.0, 'add2': 0.0, 'add3': 0.0, 'add4': 0.0, 'rev_add0': 0.0, 'rev_add1': 0.0, 'rev_add2': 0.0, 'rev_add3': 0.0, 'rev_add4': 0.0} 23s
ad_causal step 300 loss 0.9728 exact 0.05 token 42.76 {'add0': 0.0, 'add1': 0.0, 'add2': 0.0, 'add3': 0.0, 'add4': 0.48, 'rev_add0': 0.0, 'rev_add1': 0.0, 'rev_add2': 0.0, 'rev_add3': 0.0, 'rev_add4': 0.0} 25s
ad_causal step 325 loss 0.7159 exact 0.45 token 52.55 {'add0': 1.53, 'add1': 0.0, 'add2': 0.47, 'add3': 1.01, 'add4': 0.48, 'rev_add0': 0.0, 'rev_add1': 0.51, 'rev_add2': 0.0, 'rev_add3': 0.0, 'rev_add4': 0.48} 27s
ad_causal step 350 loss 0.5594 exact 1.1 token 61.27 {'add0': 3.06, 'add1': 1.97, 'add2': 0.0, 'add3': 0.5, 'add4': 1.44, 'rev_add0': 0.0, 'rev_add1': 1.02, 'rev_add2': 2.03, 'rev_add3': 0.53, 'rev_add4': 0.48} 29s
ad_causal step 375 loss 0.4692 exact 1.9 token 64.25 {'add0': 0.51, 'add1': 0.49, 'add2': 0.47, 'add3': 1.01, 'add4': 1.44, 'rev_add0': 2.66, 'rev_add1': 3.57, 'rev_add2': 5.08, 'rev_add3': 3.16, 'rev_add4': 0.96} 31s
ad_causal step 400 loss 0.3755 exact 27.45 token 78.4 {'add0': 6.12, 'add1': 2.96, 'add2': 2.34, 'add3': 3.52, 'add4': 3.37, 'rev_add0': 6.38, 'rev_add1': 58.67, 'rev_add2': 79.19, 'rev_add3': 67.89, 'rev_add4': 47.85} 33s
ad_causal step 425 loss 0.1941 exact 55.0 token 91.81 {'add0': 22.45, 'add1': 44.33, 'add2': 33.64, 'add3': 22.61, 'add4': 21.15, 'rev_add0': 59.57, 'rev_add1': 95.92, 'rev_add2': 89.34, 'rev_add3': 84.74, 'rev_add4': 80.38} 35s
ad_causal step 450 loss 0.0754 exact 96.0 token 99.57 {'add0': 92.86, 'add1': 96.55, 'add2': 99.07, 'add3': 97.99, 'add4': 96.63, 'rev_add0': 88.3, 'rev_add1': 95.92, 'rev_add2': 96.45, 'rev_add3': 98.42, 'rev_add4': 97.13} 37s
ad_causal step 475 loss 0.0242 exact 98.45 token 99.87 {'add0': 97.45, 'add1': 99.51, 'add2': 96.73, 'add3': 97.49, 'add4': 95.19, 'rev_add0': 100.0, 'rev_add1': 98.98, 'rev_add2': 100.0, 'rev_add3': 100.0, 'rev_add4': 99.52} 39s
ad_causal step 500 loss 0.013 exact 98.55 token 99.86 {'add0': 95.41, 'add1': 100.0, 'add2': 100.0, 'add3': 98.99, 'add4': 94.71, 'rev_add0': 100.0, 'rev_add1': 100.0, 'rev_add2': 100.0, 'rev_add3': 98.95, 'rev_add4': 97.61} 41s
ad_causal step 525 loss 0.0089 exact 99.75 token 99.98 {'add0': 100.0, 'add1': 100.0, 'add2': 100.0, 'add3': 100.0, 'add4': 97.6, 'rev_add0': 100.0, 'rev_add1': 100.0, 'rev_add2': 100.0, 'rev_add3': 100.0, 'rev_add4': 100.0} 43s
ad_causal step 550 loss 0.0044 exact 100.0 token 100.0 {'add0': 100.0, 'add1': 100.0, 'add2': 100.0, 'add3': 100.0, 'add4': 100.0, 'rev_add0': 100.0, 'rev_add1': 100.0, 'rev_add2': 100.0, 'rev_add3': 100.0, 'rev_add4': 100.0} 45s
ad_causal step 575 loss 0.0028 exact 100.0 token 100.0 {'add0': 100.0, 'add1': 100.0, 'add2': 100.0, 'add3': 100.0, 'add4': 100.0, 'rev_add0': 100.0, 'rev_add1': 100.0, 'rev_add2': 100.0, 'rev_add3': 100.0, 'rev_add4': 100.0} 47s
ad_causal step 600 loss 0.0023 exact 100.0 token 100.0 {'add0': 100.0, 'add1': 100.0, 'add2': 100.0, 'add3': 100.0, 'add4': 100.0, 'rev_add0': 100.0, 'rev_add1': 100.0, 'rev_add2': 100.0, 'rev_add3': 100.0, 'rev_add4': 100.0} 48s
ad_causal step 625 loss 0.002 exact 100.0 token 100.0 {'add0': 100.0, 'add1': 100.0, 'add2': 100.0, 'add3': 100.0, 'add4': 100.0, 'rev_add0': 100.0, 'rev_add1': 100.0, 'rev_add2': 100.0, 'rev_add3': 100.0, 'rev_add4': 100.0} 50s
ad_causal step 650 loss 0.0019 exact 100.0 token 100.0 {'add0': 100.0, 'add1': 100.0, 'add2': 100.0, 'add3': 100.0, 'add4': 100.0, 'rev_add0': 100.0, 'rev_add1': 100.0, 'rev_add2': 100.0, 'rev_add3': 100.0, 'rev_add4': 100.0} 52s
ad_causal step 675 loss 0.0018 exact 100.0 token 100.0 {'add0': 100.0, 'add1': 100.0, 'add2': 100.0, 'add3': 100.0, 'add4': 100.0, 'rev_add0': 100.0, 'rev_add1': 100.0, 'rev_add2': 100.0, 'rev_add3': 100.0, 'rev_add4': 100.0} 54s
ad_causal step 700 loss 0.0016 exact 100.0 token 100.0 {'add0': 100.0, 'add1': 100.0, 'add2': 100.0, 'add3': 100.0, 'add4': 100.0, 'rev_add0': 100.0, 'rev_add1': 100.0, 'rev_add2': 100.0, 'rev_add3': 100.0, 'rev_add4': 100.0} 56s
ad_causal step 725 loss 0.0016 exact 100.0 token 100.0 {'add0': 100.0, 'add1': 100.0, 'add2': 100.0, 'add3': 100.0, 'add4': 100.0, 'rev_add0': 100.0, 'rev_add1': 100.0, 'rev_add2': 100.0, 'rev_add3': 100.0, 'rev_add4': 100.0} 58s
ad_causal step 750 loss 0.0015 exact 100.0 token 100.0 {'add0': 100.0, 'add1': 100.0, 'add2': 100.0, 'add3': 100.0, 'add4': 100.0, 'rev_add0': 100.0, 'rev_add1': 100.0, 'rev_add2': 100.0, 'rev_add3': 100.0, 'rev_add4': 100.0} 61s
ad_causal step 775 loss 0.0014 exact 100.0 token 100.0 {'add0': 100.0, 'add1': 100.0, 'add2': 100.0, 'add3': 100.0, 'add4': 100.0, 'rev_add0': 100.0, 'rev_add1': 100.0, 'rev_add2': 100.0, 'rev_add3': 100.0, 'rev_add4': 100.0} 63s
ad_causal step 800 loss 0.0014 exact 100.0 token 100.0 {'add0': 100.0, 'add1': 100.0, 'add2': 100.0, 'add3': 100.0, 'add4': 100.0, 'rev_add0': 100.0, 'rev_add1': 100.0, 'rev_add2': 100.0, 'rev_add3': 100.0, 'rev_add4': 100.0} 66s
ad_causal step 825 loss 0.0013 exact 100.0 token 100.0 {'add0': 100.0, 'add1': 100.0, 'add2': 100.0, 'add3': 100.0, 'add4': 100.0, 'rev_add0': 100.0, 'rev_add1': 100.0, 'rev_add2': 100.0, 'rev_add3': 100.0, 'rev_add4': 100.0} 68s
ad_causal step 850 loss 0.0013 exact 100.0 token 100.0 {'add0': 100.0, 'add1': 100.0, 'add2': 100.0, 'add3': 100.0, 'add4': 100.0, 'rev_add0': 100.0, 'rev_add1': 100.0, 'rev_add2': 100.0, 'rev_add3': 100.0, 'rev_add4': 100.0} 71s
ad_causal step 875 loss 0.0013 exact 100.0 token 100.0 {'add0': 100.0, 'add1': 100.0, 'add2': 100.0, 'add3': 100.0, 'add4': 100.0, 'rev_add0': 100.0, 'rev_add1': 100.0, 'rev_add2': 100.0, 'rev_add3': 100.0, 'rev_add4': 100.0} 73s
ad_causal step 900 loss 0.0013 exact 100.0 token 100.0 {'add0': 100.0, 'add1': 100.0, 'add2': 100.0, 'add3': 100.0, 'add4': 100.0, 'rev_add0': 100.0, 'rev_add1': 100.0, 'rev_add2': 100.0, 'rev_add3': 100.0, 'rev_add4': 100.0} 76s
ad_causal step 925 loss 0.0012 exact 100.0 token 100.0 {'add0': 100.0, 'add1': 100.0, 'add2': 100.0, 'add3': 100.0, 'add4': 100.0, 'rev_add0': 100.0, 'rev_add1': 100.0, 'rev_add2': 100.0, 'rev_add3': 100.0, 'rev_add4': 100.0} 78s
ad_causal step 950 loss 0.0012 exact 100.0 token 100.0 {'add0': 100.0, 'add1': 100.0, 'add2': 100.0, 'add3': 100.0, 'add4': 100.0, 'rev_add0': 100.0, 'rev_add1': 100.0, 'rev_add2': 100.0, 'rev_add3': 100.0, 'rev_add4': 100.0} 80s
ad_causal step 975 loss 0.0012 exact 100.0 token 100.0 {'add0': 100.0, 'add1': 100.0, 'add2': 100.0, 'add3': 100.0, 'add4': 100.0, 'rev_add0': 100.0, 'rev_add1': 100.0, 'rev_add2': 100.0, 'rev_add3': 100.0, 'rev_add4': 100.0} 83s
ad_causal step 1000 loss 0.0012 exact 100.0 token 100.0 {'add0': 100.0, 'add1': 100.0, 'add2': 100.0, 'add3': 100.0, 'add4': 100.0, 'rev_add0': 100.0, 'rev_add1': 100.0, 'rev_add2': 100.0, 'rev_add3': 100.0, 'rev_add4': 100.0} 85s
=== run scratch
scratch step 0 exact 0.0 token 6.95 {'add0': 0.0, 'add1': 0.0, 'add2': 0.0, 'add3': 0.0, 'add4': 0.0, 'rev_add0': 0.0, 'rev_add1': 0.0, 'rev_add2': 0.0, 'rev_add3': 0.0, 'rev_add4': 0.0}
scratch step 25 loss 3.0175 exact 0.0 token 9.79 {'add0': 0.0, 'add1': 0.0, 'add2': 0.0, 'add3': 0.0, 'add4': 0.0, 'rev_add0': 0.0, 'rev_add1': 0.0, 'rev_add2': 0.0, 'rev_add3': 0.0, 'rev_add4': 0.0} 4s
scratch step 50 loss 2.402 exact 0.0 token 10.36 {'add0': 0.0, 'add1': 0.0, 'add2': 0.0, 'add3': 0.0, 'add4': 0.0, 'rev_add0': 0.0, 'rev_add1': 0.0, 'rev_add2': 0.0, 'rev_add3': 0.0, 'rev_add4': 0.0} 7s
scratch step 75 loss 2.1648 exact 0.0 token 11.47 {'add0': 0.0, 'add1': 0.0, 'add2': 0.0, 'add3': 0.0, 'add4': 0.0, 'rev_add0': 0.0, 'rev_add1': 0.0, 'rev_add2': 0.0, 'rev_add3': 0.0, 'rev_add4': 0.0} 9s
scratch step 100 loss 2.1146 exact 0.0 token 13.3 {'add0': 0.0, 'add1': 0.0, 'add2': 0.0, 'add3': 0.0, 'add4': 0.0, 'rev_add0': 0.0, 'rev_add1': 0.0, 'rev_add2': 0.0, 'rev_add3': 0.0, 'rev_add4': 0.0} 12s
scratch step 125 loss 2.0329 exact 0.0 token 21.9 {'add0': 0.0, 'add1': 0.0, 'add2': 0.0, 'add3': 0.0, 'add4': 0.0, 'rev_add0': 0.0, 'rev_add1': 0.0, 'rev_add2': 0.0, 'rev_add3': 0.0, 'rev_add4': 0.0} 14s
scratch step 150 loss 1.6561 exact 0.0 token 28.29 {'add0': 0.0, 'add1': 0.0, 'add2': 0.0, 'add3': 0.0, 'add4': 0.0, 'rev_add0': 0.0, 'rev_add1': 0.0, 'rev_add2': 0.0, 'rev_add3': 0.0, 'rev_add4': 0.0} 17s
scratch step 175 loss 1.2123 exact 0.35 token 52.37 {'add0': 1.02, 'add1': 0.0, 'add2': 0.0, 'add3': 0.5, 'add4': 0.48, 'rev_add0': 0.53, 'rev_add1': 0.0, 'rev_add2': 0.0, 'rev_add3': 0.0, 'rev_add4': 0.96} 19s
scratch step 200 loss 0.5287 exact 55.35 token 95.06 {'add0': 56.63, 'add1': 35.96, 'add2': 56.54, 'add3': 52.26, 'add4': 68.75, 'rev_add0': 67.02, 'rev_add1': 53.57, 'rev_add2': 52.28, 'rev_add3': 47.89, 'rev_add4': 62.2} 21s
scratch step 225 loss 0.1322 exact 99.35 token 99.95 {'add0': 100.0, 'add1': 99.51, 'add2': 97.66, 'add3': 97.99, 'add4': 100.0, 'rev_add0': 99.47, 'rev_add1': 100.0, 'rev_add2': 100.0, 'rev_add3': 98.95, 'rev_add4': 100.0} 23s
scratch step 250 loss 0.0262 exact 100.0 token 100.0 {'add0': 100.0, 'add1': 100.0, 'add2': 100.0, 'add3': 100.0, 'add4': 100.0, 'rev_add0': 100.0, 'rev_add1': 100.0, 'rev_add2': 100.0, 'rev_add3': 100.0, 'rev_add4': 100.0} 25s
scratch step 275 loss 0.0105 exact 100.0 token 100.0 {'add0': 100.0, 'add1': 100.0, 'add2': 100.0, 'add3': 100.0, 'add4': 100.0, 'rev_add0': 100.0, 'rev_add1': 100.0, 'rev_add2': 100.0, 'rev_add3': 100.0, 'rev_add4': 100.0} 27s
scratch step 300 loss 0.0062 exact 100.0 token 100.0 {'add0': 100.0, 'add1': 100.0, 'add2': 100.0, 'add3': 100.0, 'add4': 100.0, 'rev_add0': 100.0, 'rev_add1': 100.0, 'rev_add2': 100.0, 'rev_add3': 100.0, 'rev_add4': 100.0} 29s
scratch step 325 loss 0.0045 exact 100.0 token 100.0 {'add0': 100.0, 'add1': 100.0, 'add2': 100.0, 'add3': 100.0, 'add4': 100.0, 'rev_add0': 100.0, 'rev_add1': 100.0, 'rev_add2': 100.0, 'rev_add3': 100.0, 'rev_add4': 100.0} 31s
scratch step 350 loss 0.0036 exact 100.0 token 100.0 {'add0': 100.0, 'add1': 100.0, 'add2': 100.0, 'add3': 100.0, 'add4': 100.0, 'rev_add0': 100.0, 'rev_add1': 100.0, 'rev_add2': 100.0, 'rev_add3': 100.0, 'rev_add4': 100.0} 33s
scratch step 375 loss 0.003 exact 100.0 token 100.0 {'add0': 100.0, 'add1': 100.0, 'add2': 100.0, 'add3': 100.0, 'add4': 100.0, 'rev_add0': 100.0, 'rev_add1': 100.0, 'rev_add2': 100.0, 'rev_add3': 100.0, 'rev_add4': 100.0} 35s
scratch step 400 loss 0.0025 exact 100.0 token 100.0 {'add0': 100.0, 'add1': 100.0, 'add2': 100.0, 'add3': 100.0, 'add4': 100.0, 'rev_add0': 100.0, 'rev_add1': 100.0, 'rev_add2': 100.0, 'rev_add3': 100.0, 'rev_add4': 100.0} 37s
scratch step 425 loss 0.0022 exact 100.0 token 100.0 {'add0': 100.0, 'add1': 100.0, 'add2': 100.0, 'add3': 100.0, 'add4': 100.0, 'rev_add0': 100.0, 'rev_add1': 100.0, 'rev_add2': 100.0, 'rev_add3': 100.0, 'rev_add4': 100.0} 39s
scratch step 450 loss 0.002 exact 100.0 token 100.0 {'add0': 100.0, 'add1': 100.0, 'add2': 100.0, 'add3': 100.0, 'add4': 100.0, 'rev_add0': 100.0, 'rev_add1': 100.0, 'rev_add2': 100.0, 'rev_add3': 100.0, 'rev_add4': 100.0} 41s
scratch step 475 loss 0.0017 exact 100.0 token 100.0 {'add0': 100.0, 'add1': 100.0, 'add2': 100.0, 'add3': 100.0, 'add4': 100.0, 'rev_add0': 100.0, 'rev_add1': 100.0, 'rev_add2': 100.0, 'rev_add3': 100.0, 'rev_add4': 100.0} 44s
scratch step 500 loss 0.0017 exact 100.0 token 100.0 {'add0': 100.0, 'add1': 100.0, 'add2': 100.0, 'add3': 100.0, 'add4': 100.0, 'rev_add0': 100.0, 'rev_add1': 100.0, 'rev_add2': 100.0, 'rev_add3': 100.0, 'rev_add4': 100.0} 46s
scratch step 525 loss 0.0015 exact 100.0 token 100.0 {'add0': 100.0, 'add1': 100.0, 'add2': 100.0, 'add3': 100.0, 'add4': 100.0, 'rev_add0': 100.0, 'rev_add1': 100.0, 'rev_add2': 100.0, 'rev_add3': 100.0, 'rev_add4': 100.0} 48s
scratch step 550 loss 0.0014 exact 100.0 token 100.0 {'add0': 100.0, 'add1': 100.0, 'add2': 100.0, 'add3': 100.0, 'add4': 100.0, 'rev_add0': 100.0, 'rev_add1': 100.0, 'rev_add2': 100.0, 'rev_add3': 100.0, 'rev_add4': 100.0} 50s
scratch step 575 loss 0.0013 exact 100.0 token 100.0 {'add0': 100.0, 'add1': 100.0, 'add2': 100.0, 'add3': 100.0, 'add4': 100.0, 'rev_add0': 100.0, 'rev_add1': 100.0, 'rev_add2': 100.0, 'rev_add3': 100.0, 'rev_add4': 100.0} 52s
scratch step 600 loss 0.0012 exact 100.0 token 100.0 {'add0': 100.0, 'add1': 100.0, 'add2': 100.0, 'add3': 100.0, 'add4': 100.0, 'rev_add0': 100.0, 'rev_add1': 100.0, 'rev_add2': 100.0, 'rev_add3': 100.0, 'rev_add4': 100.0} 54s
scratch step 625 loss 0.0011 exact 100.0 token 100.0 {'add0': 100.0, 'add1': 100.0, 'add2': 100.0, 'add3': 100.0, 'add4': 100.0, 'rev_add0': 100.0, 'rev_add1': 100.0, 'rev_add2': 100.0, 'rev_add3': 100.0, 'rev_add4': 100.0} 56s
scratch step 650 loss 0.0011 exact 100.0 token 100.0 {'add0': 100.0, 'add1': 100.0, 'add2': 100.0, 'add3': 100.0, 'add4': 100.0, 'rev_add0': 100.0, 'rev_add1': 100.0, 'rev_add2': 100.0, 'rev_add3': 100.0, 'rev_add4': 100.0} 58s
scratch step 675 loss 0.001 exact 100.0 token 100.0 {'add0': 100.0, 'add1': 100.0, 'add2': 100.0, 'add3': 100.0, 'add4': 100.0, 'rev_add0': 100.0, 'rev_add1': 100.0, 'rev_add2': 100.0, 'rev_add3': 100.0, 'rev_add4': 100.0} 60s
scratch step 700 loss 0.001 exact 100.0 token 100.0 {'add0': 100.0, 'add1': 100.0, 'add2': 100.0, 'add3': 100.0, 'add4': 100.0, 'rev_add0': 100.0, 'rev_add1': 100.0, 'rev_add2': 100.0, 'rev_add3': 100.0, 'rev_add4': 100.0} 62s
scratch step 725 loss 0.001 exact 100.0 token 100.0 {'add0': 100.0, 'add1': 100.0, 'add2': 100.0, 'add3': 100.0, 'add4': 100.0, 'rev_add0': 100.0, 'rev_add1': 100.0, 'rev_add2': 100.0, 'rev_add3': 100.0, 'rev_add4': 100.0} 64s
scratch step 750 loss 0.001 exact 100.0 token 100.0 {'add0': 100.0, 'add1': 100.0, 'add2': 100.0, 'add3': 100.0, 'add4': 100.0, 'rev_add0': 100.0, 'rev_add1': 100.0, 'rev_add2': 100.0, 'rev_add3': 100.0, 'rev_add4': 100.0} 65s
scratch step 775 loss 0.0009 exact 100.0 token 100.0 {'add0': 100.0, 'add1': 100.0, 'add2': 100.0, 'add3': 100.0, 'add4': 100.0, 'rev_add0': 100.0, 'rev_add1': 100.0, 'rev_add2': 100.0, 'rev_add3': 100.0, 'rev_add4': 100.0} 67s
scratch step 800 loss 0.0009 exact 100.0 token 100.0 {'add0': 100.0, 'add1': 100.0, 'add2': 100.0, 'add3': 100.0, 'add4': 100.0, 'rev_add0': 100.0, 'rev_add1': 100.0, 'rev_add2': 100.0, 'rev_add3': 100.0, 'rev_add4': 100.0} 69s
scratch step 825 loss 0.0009 exact 100.0 token 100.0 {'add0': 100.0, 'add1': 100.0, 'add2': 100.0, 'add3': 100.0, 'add4': 100.0, 'rev_add0': 100.0, 'rev_add1': 100.0, 'rev_add2': 100.0, 'rev_add3': 100.0, 'rev_add4': 100.0} 71s
scratch step 850 loss 0.0009 exact 100.0 token 100.0 {'add0': 100.0, 'add1': 100.0, 'add2': 100.0, 'add3': 100.0, 'add4': 100.0, 'rev_add0': 100.0, 'rev_add1': 100.0, 'rev_add2': 100.0, 'rev_add3': 100.0, 'rev_add4': 100.0} 74s
scratch step 875 loss 0.0009 exact 100.0 token 100.0 {'add0': 100.0, 'add1': 100.0, 'add2': 100.0, 'add3': 100.0, 'add4': 100.0, 'rev_add0': 100.0, 'rev_add1': 100.0, 'rev_add2': 100.0, 'rev_add3': 100.0, 'rev_add4': 100.0} 76s
scratch step 900 loss 0.0008 exact 100.0 token 100.0 {'add0': 100.0, 'add1': 100.0, 'add2': 100.0, 'add3': 100.0, 'add4': 100.0, 'rev_add0': 100.0, 'rev_add1': 100.0, 'rev_add2': 100.0, 'rev_add3': 100.0, 'rev_add4': 100.0} 78s
scratch step 925 loss 0.0008 exact 100.0 token 100.0 {'add0': 100.0, 'add1': 100.0, 'add2': 100.0, 'add3': 100.0, 'add4': 100.0, 'rev_add0': 100.0, 'rev_add1': 100.0, 'rev_add2': 100.0, 'rev_add3': 100.0, 'rev_add4': 100.0} 80s
scratch step 950 loss 0.0008 exact 100.0 token 100.0 {'add0': 100.0, 'add1': 100.0, 'add2': 100.0, 'add3': 100.0, 'add4': 100.0, 'rev_add0': 100.0, 'rev_add1': 100.0, 'rev_add2': 100.0, 'rev_add3': 100.0, 'rev_add4': 100.0} 82s
scratch step 975 loss 0.0008 exact 100.0 token 100.0 {'add0': 100.0, 'add1': 100.0, 'add2': 100.0, 'add3': 100.0, 'add4': 100.0, 'rev_add0': 100.0, 'rev_add1': 100.0, 'rev_add2': 100.0, 'rev_add3': 100.0, 'rev_add4': 100.0} 84s
scratch step 1000 loss 0.0008 exact 100.0 token 100.0 {'add0': 100.0, 'add1': 100.0, 'add2': 100.0, 'add3': 100.0, 'add4': 100.0, 'rev_add0': 100.0, 'rev_add1': 100.0, 'rev_add2': 100.0, 'rev_add3': 100.0, 'rev_add4': 100.0} 86s
=== run scratch2x
scratch2x step 0 exact 0.0 token 6.95 {'add0': 0.0, 'add1': 0.0, 'add2': 0.0, 'add3': 0.0, 'add4': 0.0, 'rev_add0': 0.0, 'rev_add1': 0.0, 'rev_add2': 0.0, 'rev_add3': 0.0, 'rev_add4': 0.0}
scratch2x step 25 loss 3.0175 exact 0.0 token 9.79 {'add0': 0.0, 'add1': 0.0, 'add2': 0.0, 'add3': 0.0, 'add4': 0.0, 'rev_add0': 0.0, 'rev_add1': 0.0, 'rev_add2': 0.0, 'rev_add3': 0.0, 'rev_add4': 0.0} 3s
scratch2x step 50 loss 2.4017 exact 0.0 token 10.4 {'add0': 0.0, 'add1': 0.0, 'add2': 0.0, 'add3': 0.0, 'add4': 0.0, 'rev_add0': 0.0, 'rev_add1': 0.0, 'rev_add2': 0.0, 'rev_add3': 0.0, 'rev_add4': 0.0} 5s
scratch2x step 75 loss 2.1645 exact 0.0 token 11.51 {'add0': 0.0, 'add1': 0.0, 'add2': 0.0, 'add3': 0.0, 'add4': 0.0, 'rev_add0': 0.0, 'rev_add1': 0.0, 'rev_add2': 0.0, 'rev_add3': 0.0, 'rev_add4': 0.0} 8s
scratch2x step 100 loss 2.1143 exact 0.0 token 13.39 {'add0': 0.0, 'add1': 0.0, 'add2': 0.0, 'add3': 0.0, 'add4': 0.0, 'rev_add0': 0.0, 'rev_add1': 0.0, 'rev_add2': 0.0, 'rev_add3': 0.0, 'rev_add4': 0.0} 10s
scratch2x step 125 loss 2.0273 exact 0.0 token 22.07 {'add0': 0.0, 'add1': 0.0, 'add2': 0.0, 'add3': 0.0, 'add4': 0.0, 'rev_add0': 0.0, 'rev_add1': 0.0, 'rev_add2': 0.0, 'rev_add3': 0.0, 'rev_add4': 0.0} 12s
scratch2x step 150 loss 1.6433 exact 0.0 token 28.91 {'add0': 0.0, 'add1': 0.0, 'add2': 0.0, 'add3': 0.0, 'add4': 0.0, 'rev_add0': 0.0, 'rev_add1': 0.0, 'rev_add2': 0.0, 'rev_add3': 0.0, 'rev_add4': 0.0} 15s
scratch2x step 175 loss 1.1854 exact 0.8 token 55.39 {'add0': 1.53, 'add1': 0.99, 'add2': 3.27, 'add3': 0.5, 'add4': 0.96, 'rev_add0': 0.0, 'rev_add1': 0.0, 'rev_add2': 0.0, 'rev_add3': 0.53, 'rev_add4': 0.0} 17s
scratch2x step 200 loss 0.4973 exact 69.5 token 96.98 {'add0': 64.29, 'add1': 85.22, 'add2': 75.7, 'add3': 77.39, 'add4': 67.31, 'rev_add0': 68.09, 'rev_add1': 59.18, 'rev_add2': 55.33, 'rev_add3': 66.32, 'rev_add4': 74.64} 19s
scratch2x step 225 loss 0.1126 exact 99.7 token 99.98 {'add0': 100.0, 'add1': 99.51, 'add2': 100.0, 'add3': 100.0, 'add4': 99.52, 'rev_add0': 98.94, 'rev_add1': 99.49, 'rev_add2': 99.49, 'rev_add3': 100.0, 'rev_add4': 100.0} 21s
scratch2x step 250 loss 0.0202 exact 100.0 token 100.0 {'add0': 100.0, 'add1': 100.0, 'add2': 100.0, 'add3': 100.0, 'add4': 100.0, 'rev_add0': 100.0, 'rev_add1': 100.0, 'rev_add2': 100.0, 'rev_add3': 100.0, 'rev_add4': 100.0} 23s
scratch2x step 275 loss 0.0078 exact 100.0 token 100.0 {'add0': 100.0, 'add1': 100.0, 'add2': 100.0, 'add3': 100.0, 'add4': 100.0, 'rev_add0': 100.0, 'rev_add1': 100.0, 'rev_add2': 100.0, 'rev_add3': 100.0, 'rev_add4': 100.0} 25s
scratch2x step 300 loss 0.0048 exact 100.0 token 100.0 {'add0': 100.0, 'add1': 100.0, 'add2': 100.0, 'add3': 100.0, 'add4': 100.0, 'rev_add0': 100.0, 'rev_add1': 100.0, 'rev_add2': 100.0, 'rev_add3': 100.0, 'rev_add4': 100.0} 27s
scratch2x step 325 loss 0.0035 exact 100.0 token 100.0 {'add0': 100.0, 'add1': 100.0, 'add2': 100.0, 'add3': 100.0, 'add4': 100.0, 'rev_add0': 100.0, 'rev_add1': 100.0, 'rev_add2': 100.0, 'rev_add3': 100.0, 'rev_add4': 100.0} 29s
scratch2x step 350 loss 0.0027 exact 99.95 token 100.0 {'add0': 100.0, 'add1': 100.0, 'add2': 100.0, 'add3': 100.0, 'add4': 99.52, 'rev_add0': 100.0, 'rev_add1': 100.0, 'rev_add2': 100.0, 'rev_add3': 100.0, 'rev_add4': 100.0} 32s
scratch2x step 375 loss 0.0022 exact 100.0 token 100.0 {'add0': 100.0, 'add1': 100.0, 'add2': 100.0, 'add3': 100.0, 'add4': 100.0, 'rev_add0': 100.0, 'rev_add1': 100.0, 'rev_add2': 100.0, 'rev_add3': 100.0, 'rev_add4': 100.0} 34s
scratch2x step 400 loss 0.0019 exact 100.0 token 100.0 {'add0': 100.0, 'add1': 100.0, 'add2': 100.0, 'add3': 100.0, 'add4': 100.0, 'rev_add0': 100.0, 'rev_add1': 100.0, 'rev_add2': 100.0, 'rev_add3': 100.0, 'rev_add4': 100.0} 37s
scratch2x step 425 loss 0.0016 exact 100.0 token 100.0 {'add0': 100.0, 'add1': 100.0, 'add2': 100.0, 'add3': 100.0, 'add4': 100.0, 'rev_add0': 100.0, 'rev_add1': 100.0, 'rev_add2': 100.0, 'rev_add3': 100.0, 'rev_add4': 100.0} 39s
scratch2x step 450 loss 0.0014 exact 100.0 token 100.0 {'add0': 100.0, 'add1': 100.0, 'add2': 100.0, 'add3': 100.0, 'add4': 100.0, 'rev_add0': 100.0, 'rev_add1': 100.0, 'rev_add2': 100.0, 'rev_add3': 100.0, 'rev_add4': 100.0} 42s
scratch2x step 475 loss 0.0012 exact 100.0 token 100.0 {'add0': 100.0, 'add1': 100.0, 'add2': 100.0, 'add3': 100.0, 'add4': 100.0, 'rev_add0': 100.0, 'rev_add1': 100.0, 'rev_add2': 100.0, 'rev_add3': 100.0, 'rev_add4': 100.0} 44s
scratch2x step 500 loss 0.0013 exact 100.0 token 100.0 {'add0': 100.0, 'add1': 100.0, 'add2': 100.0, 'add3': 100.0, 'add4': 100.0, 'rev_add0': 100.0, 'rev_add1': 100.0, 'rev_add2': 100.0, 'rev_add3': 100.0, 'rev_add4': 100.0} 47s
scratch2x step 525 loss 0.001 exact 100.0 token 100.0 {'add0': 100.0, 'add1': 100.0, 'add2': 100.0, 'add3': 100.0, 'add4': 100.0, 'rev_add0': 100.0, 'rev_add1': 100.0, 'rev_add2': 100.0, 'rev_add3': 100.0, 'rev_add4': 100.0} 50s
scratch2x step 550 loss 0.0009 exact 100.0 token 100.0 {'add0': 100.0, 'add1': 100.0, 'add2': 100.0, 'add3': 100.0, 'add4': 100.0, 'rev_add0': 100.0, 'rev_add1': 100.0, 'rev_add2': 100.0, 'rev_add3': 100.0, 'rev_add4': 100.0} 52s
scratch2x step 575 loss 0.0009 exact 100.0 token 100.0 {'add0': 100.0, 'add1': 100.0, 'add2': 100.0, 'add3': 100.0, 'add4': 100.0, 'rev_add0': 100.0, 'rev_add1': 100.0, 'rev_add2': 100.0, 'rev_add3': 100.0, 'rev_add4': 100.0} 55s
scratch2x step 600 loss 0.0008 exact 100.0 token 100.0 {'add0': 100.0, 'add1': 100.0, 'add2': 100.0, 'add3': 100.0, 'add4': 100.0, 'rev_add0': 100.0, 'rev_add1': 100.0, 'rev_add2': 100.0, 'rev_add3': 100.0, 'rev_add4': 100.0} 57s
scratch2x step 625 loss 0.0007 exact 100.0 token 100.0 {'add0': 100.0, 'add1': 100.0, 'add2': 100.0, 'add3': 100.0, 'add4': 100.0, 'rev_add0': 100.0, 'rev_add1': 100.0, 'rev_add2': 100.0, 'rev_add3': 100.0, 'rev_add4': 100.0} 60s
scratch2x step 650 loss 0.0007 exact 100.0 token 100.0 {'add0': 100.0, 'add1': 100.0, 'add2': 100.0, 'add3': 100.0, 'add4': 100.0, 'rev_add0': 100.0, 'rev_add1': 100.0, 'rev_add2': 100.0, 'rev_add3': 100.0, 'rev_add4': 100.0} 62s
scratch2x step 675 loss 0.0006 exact 100.0 token 100.0 {'add0': 100.0, 'add1': 100.0, 'add2': 100.0, 'add3': 100.0, 'add4': 100.0, 'rev_add0': 100.0, 'rev_add1': 100.0, 'rev_add2': 100.0, 'rev_add3': 100.0, 'rev_add4': 100.0} 64s
scratch2x step 700 loss 0.0006 exact 100.0 token 100.0 {'add0': 100.0, 'add1': 100.0, 'add2': 100.0, 'add3': 100.0, 'add4': 100.0, 'rev_add0': 100.0, 'rev_add1': 100.0, 'rev_add2': 100.0, 'rev_add3': 100.0, 'rev_add4': 100.0} 66s
scratch2x step 725 loss 0.0006 exact 100.0 token 100.0 {'add0': 100.0, 'add1': 100.0, 'add2': 100.0, 'add3': 100.0, 'add4': 100.0, 'rev_add0': 100.0, 'rev_add1': 100.0, 'rev_add2': 100.0, 'rev_add3': 100.0, 'rev_add4': 100.0} 69s
scratch2x step 750 loss 0.0005 exact 100.0 token 100.0 {'add0': 100.0, 'add1': 100.0, 'add2': 100.0, 'add3': 100.0, 'add4': 100.0, 'rev_add0': 100.0, 'rev_add1': 100.0, 'rev_add2': 100.0, 'rev_add3': 100.0, 'rev_add4': 100.0} 71s
scratch2x step 775 loss 0.0005 exact 100.0 token 100.0 {'add0': 100.0, 'add1': 100.0, 'add2': 100.0, 'add3': 100.0, 'add4': 100.0, 'rev_add0': 100.0, 'rev_add1': 100.0, 'rev_add2': 100.0, 'rev_add3': 100.0, 'rev_add4': 100.0} 73s
scratch2x step 800 loss 0.0005 exact 100.0 token 100.0 {'add0': 100.0, 'add1': 100.0, 'add2': 100.0, 'add3': 100.0, 'add4': 100.0, 'rev_add0': 100.0, 'rev_add1': 100.0, 'rev_add2': 100.0, 'rev_add3': 100.0, 'rev_add4': 100.0} 75s
scratch2x step 825 loss 0.0004 exact 100.0 token 100.0 {'add0': 100.0, 'add1': 100.0, 'add2': 100.0, 'add3': 100.0, 'add4': 100.0, 'rev_add0': 100.0, 'rev_add1': 100.0, 'rev_add2': 100.0, 'rev_add3': 100.0, 'rev_add4': 100.0} 77s
scratch2x step 850 loss 0.0004 exact 100.0 token 100.0 {'add0': 100.0, 'add1': 100.0, 'add2': 100.0, 'add3': 100.0, 'add4': 100.0, 'rev_add0': 100.0, 'rev_add1': 100.0, 'rev_add2': 100.0, 'rev_add3': 100.0, 'rev_add4': 100.0} 79s
scratch2x step 875 loss 0.0004 exact 100.0 token 100.0 {'add0': 100.0, 'add1': 100.0, 'add2': 100.0, 'add3': 100.0, 'add4': 100.0, 'rev_add0': 100.0, 'rev_add1': 100.0, 'rev_add2': 100.0, 'rev_add3': 100.0, 'rev_add4': 100.0} 81s
scratch2x step 900 loss 0.0004 exact 100.0 token 100.0 {'add0': 100.0, 'add1': 100.0, 'add2': 100.0, 'add3': 100.0, 'add4': 100.0, 'rev_add0': 100.0, 'rev_add1': 100.0, 'rev_add2': 100.0, 'rev_add3': 100.0, 'rev_add4': 100.0} 83s
scratch2x step 925 loss 0.0004 exact 100.0 token 100.0 {'add0': 100.0, 'add1': 100.0, 'add2': 100.0, 'add3': 100.0, 'add4': 100.0, 'rev_add0': 100.0, 'rev_add1': 100.0, 'rev_add2': 100.0, 'rev_add3': 100.0, 'rev_add4': 100.0} 85s
scratch2x step 950 loss 0.0004 exact 100.0 token 100.0 {'add0': 100.0, 'add1': 100.0, 'add2': 100.0, 'add3': 100.0, 'add4': 100.0, 'rev_add0': 100.0, 'rev_add1': 100.0, 'rev_add2': 100.0, 'rev_add3': 100.0, 'rev_add4': 100.0} 87s
scratch2x step 975 loss 0.0003 exact 100.0 token 100.0 {'add0': 100.0, 'add1': 100.0, 'add2': 100.0, 'add3': 100.0, 'add4': 100.0, 'rev_add0': 100.0, 'rev_add1': 100.0, 'rev_add2': 100.0, 'rev_add3': 100.0, 'rev_add4': 100.0} 89s
scratch2x step 1000 loss 0.0003 exact 100.0 token 100.0 {'add0': 100.0, 'add1': 100.0, 'add2': 100.0, 'add3': 100.0, 'add4': 100.0, 'rev_add0': 100.0, 'rev_add1': 100.0, 'rev_add2': 100.0, 'rev_add3': 100.0, 'rev_add4': 100.0} 91s
scratch2x step 1025 loss 0.0003 exact 100.0 token 100.0 {'add0': 100.0, 'add1': 100.0, 'add2': 100.0, 'add3': 100.0, 'add4': 100.0, 'rev_add0': 100.0, 'rev_add1': 100.0, 'rev_add2': 100.0, 'rev_add3': 100.0, 'rev_add4': 100.0} 93s
scratch2x step 1050 loss 0.0003 exact 100.0 token 100.0 {'add0': 100.0, 'add1': 100.0, 'add2': 100.0, 'add3': 100.0, 'add4': 100.0, 'rev_add0': 100.0, 'rev_add1': 100.0, 'rev_add2': 100.0, 'rev_add3': 100.0, 'rev_add4': 100.0} 95s
scratch2x step 1075 loss 0.0003 exact 100.0 token 100.0 {'add0': 100.0, 'add1': 100.0, 'add2': 100.0, 'add3': 100.0, 'add4': 100.0, 'rev_add0': 100.0, 'rev_add1': 100.0, 'rev_add2': 100.0, 'rev_add3': 100.0, 'rev_add4': 100.0} 97s
scratch2x step 1100 loss 0.0003 exact 100.0 token 100.0 {'add0': 100.0, 'add1': 100.0, 'add2': 100.0, 'add3': 100.0, 'add4': 100.0, 'rev_add0': 100.0, 'rev_add1': 100.0, 'rev_add2': 100.0, 'rev_add3': 100.0, 'rev_add4': 100.0} 99s
scratch2x step 1125 loss 0.0003 exact 100.0 token 100.0 {'add0': 100.0, 'add1': 100.0, 'add2': 100.0, 'add3': 100.0, 'add4': 100.0, 'rev_add0': 100.0, 'rev_add1': 100.0, 'rev_add2': 100.0, 'rev_add3': 100.0, 'rev_add4': 100.0} 101s
scratch2x step 1150 loss 0.0003 exact 100.0 token 100.0 {'add0': 100.0, 'add1': 100.0, 'add2': 100.0, 'add3': 100.0, 'add4': 100.0, 'rev_add0': 100.0, 'rev_add1': 100.0, 'rev_add2': 100.0, 'rev_add3': 100.0, 'rev_add4': 100.0} 103s
scratch2x step 1175 loss 0.0003 exact 100.0 token 100.0 {'add0': 100.0, 'add1': 100.0, 'add2': 100.0, 'add3': 100.0, 'add4': 100.0, 'rev_add0': 100.0, 'rev_add1': 100.0, 'rev_add2': 100.0, 'rev_add3': 100.0, 'rev_add4': 100.0} 105s
scratch2x step 1200 loss 0.0003 exact 100.0 token 100.0 {'add0': 100.0, 'add1': 100.0, 'add2': 100.0, 'add3': 100.0, 'add4': 100.0, 'rev_add0': 100.0, 'rev_add1': 100.0, 'rev_add2': 100.0, 'rev_add3': 100.0, 'rev_add4': 100.0} 106s
scratch2x step 1225 loss 0.0003 exact 100.0 token 100.0 {'add0': 100.0, 'add1': 100.0, 'add2': 100.0, 'add3': 100.0, 'add4': 100.0, 'rev_add0': 100.0, 'rev_add1': 100.0, 'rev_add2': 100.0, 'rev_add3': 100.0, 'rev_add4': 100.0} 108s
scratch2x step 1250 loss 0.0003 exact 100.0 token 100.0 {'add0': 100.0, 'add1': 100.0, 'add2': 100.0, 'add3': 100.0, 'add4': 100.0, 'rev_add0': 100.0, 'rev_add1': 100.0, 'rev_add2': 100.0, 'rev_add3': 100.0, 'rev_add4': 100.0} 110s
scratch2x step 1275 loss 0.0002 exact 100.0 token 100.0 {'add0': 100.0, 'add1': 100.0, 'add2': 100.0, 'add3': 100.0, 'add4': 100.0, 'rev_add0': 100.0, 'rev_add1': 100.0, 'rev_add2': 100.0, 'rev_add3': 100.0, 'rev_add4': 100.0} 112s
scratch2x step 1300 loss 0.0002 exact 100.0 token 100.0 {'add0': 100.0, 'add1': 100.0, 'add2': 100.0, 'add3': 100.0, 'add4': 100.0, 'rev_add0': 100.0, 'rev_add1': 100.0, 'rev_add2': 100.0, 'rev_add3': 100.0, 'rev_add4': 100.0} 114s
scratch2x step 1325 loss 0.0002 exact 100.0 token 100.0 {'add0': 100.0, 'add1': 100.0, 'add2': 100.0, 'add3': 100.0, 'add4': 100.0, 'rev_add0': 100.0, 'rev_add1': 100.0, 'rev_add2': 100.0, 'rev_add3': 100.0, 'rev_add4': 100.0} 116s
scratch2x step 1350 loss 0.0002 exact 100.0 token 100.0 {'add0': 100.0, 'add1': 100.0, 'add2': 100.0, 'add3': 100.0, 'add4': 100.0, 'rev_add0': 100.0, 'rev_add1': 100.0, 'rev_add2': 100.0, 'rev_add3': 100.0, 'rev_add4': 100.0} 118s
scratch2x step 1375 loss 0.0002 exact 100.0 token 100.0 {'add0': 100.0, 'add1': 100.0, 'add2': 100.0, 'add3': 100.0, 'add4': 100.0, 'rev_add0': 100.0, 'rev_add1': 100.0, 'rev_add2': 100.0, 'rev_add3': 100.0, 'rev_add4': 100.0} 120s
scratch2x step 1400 loss 0.0002 exact 100.0 token 100.0 {'add0': 100.0, 'add1': 100.0, 'add2': 100.0, 'add3': 100.0, 'add4': 100.0, 'rev_add0': 100.0, 'rev_add1': 100.0, 'rev_add2': 100.0, 'rev_add3': 100.0, 'rev_add4': 100.0} 122s
scratch2x step 1425 loss 0.0002 exact 100.0 token 100.0 {'add0': 100.0, 'add1': 100.0, 'add2': 100.0, 'add3': 100.0, 'add4': 100.0, 'rev_add0': 100.0, 'rev_add1': 100.0, 'rev_add2': 100.0, 'rev_add3': 100.0, 'rev_add4': 100.0} 123s
scratch2x step 1450 loss 0.0002 exact 100.0 token 100.0 {'add0': 100.0, 'add1': 100.0, 'add2': 100.0, 'add3': 100.0, 'add4': 100.0, 'rev_add0': 100.0, 'rev_add1': 100.0, 'rev_add2': 100.0, 'rev_add3': 100.0, 'rev_add4': 100.0} 125s
scratch2x step 1475 loss 0.0002 exact 100.0 token 100.0 {'add0': 100.0, 'add1': 100.0, 'add2': 100.0, 'add3': 100.0, 'add4': 100.0, 'rev_add0': 100.0, 'rev_add1': 100.0, 'rev_add2': 100.0, 'rev_add3': 100.0, 'rev_add4': 100.0} 127s
scratch2x step 1500 loss 0.0002 exact 100.0 token 100.0 {'add0': 100.0, 'add1': 100.0, 'add2': 100.0, 'add3': 100.0, 'add4': 100.0, 'rev_add0': 100.0, 'rev_add1': 100.0, 'rev_add2': 100.0, 'rev_add3': 100.0, 'rev_add4': 100.0} 129s
scratch2x step 1525 loss 0.0002 exact 100.0 token 100.0 {'add0': 100.0, 'add1': 100.0, 'add2': 100.0, 'add3': 100.0, 'add4': 100.0, 'rev_add0': 100.0, 'rev_add1': 100.0, 'rev_add2': 100.0, 'rev_add3': 100.0, 'rev_add4': 100.0} 131s
scratch2x step 1550 loss 0.0002 exact 100.0 token 100.0 {'add0': 100.0, 'add1': 100.0, 'add2': 100.0, 'add3': 100.0, 'add4': 100.0, 'rev_add0': 100.0, 'rev_add1': 100.0, 'rev_add2': 100.0, 'rev_add3': 100.0, 'rev_add4': 100.0} 133s
scratch2x step 1575 loss 0.0002 exact 100.0 token 100.0 {'add0': 100.0, 'add1': 100.0, 'add2': 100.0, 'add3': 100.0, 'add4': 100.0, 'rev_add0': 100.0, 'rev_add1': 100.0, 'rev_add2': 100.0, 'rev_add3': 100.0, 'rev_add4': 100.0} 135s
scratch2x step 1600 loss 0.0002 exact 100.0 token 100.0 {'add0': 100.0, 'add1': 100.0, 'add2': 100.0, 'add3': 100.0, 'add4': 100.0, 'rev_add0': 100.0, 'rev_add1': 100.0, 'rev_add2': 100.0, 'rev_add3': 100.0, 'rev_add4': 100.0} 137s
scratch2x step 1625 loss 0.0002 exact 100.0 token 100.0 {'add0': 100.0, 'add1': 100.0, 'add2': 100.0, 'add3': 100.0, 'add4': 100.0, 'rev_add0': 100.0, 'rev_add1': 100.0, 'rev_add2': 100.0, 'rev_add3': 100.0, 'rev_add4': 100.0} 139s
scratch2x step 1650 loss 0.0002 exact 100.0 token 100.0 {'add0': 100.0, 'add1': 100.0, 'add2': 100.0, 'add3': 100.0, 'add4': 100.0, 'rev_add0': 100.0, 'rev_add1': 100.0, 'rev_add2': 100.0, 'rev_add3': 100.0, 'rev_add4': 100.0} 141s
scratch2x step 1675 loss 0.0002 exact 100.0 token 100.0 {'add0': 100.0, 'add1': 100.0, 'add2': 100.0, 'add3': 100.0, 'add4': 100.0, 'rev_add0': 100.0, 'rev_add1': 100.0, 'rev_add2': 100.0, 'rev_add3': 100.0, 'rev_add4': 100.0} 143s
scratch2x step 1700 loss 0.0002 exact 100.0 token 100.0 {'add0': 100.0, 'add1': 100.0, 'add2': 100.0, 'add3': 100.0, 'add4': 100.0, 'rev_add0': 100.0, 'rev_add1': 100.0, 'rev_add2': 100.0, 'rev_add3': 100.0, 'rev_add4': 100.0} 145s
scratch2x step 1725 loss 0.0002 exact 100.0 token 100.0 {'add0': 100.0, 'add1': 100.0, 'add2': 100.0, 'add3': 100.0, 'add4': 100.0, 'rev_add0': 100.0, 'rev_add1': 100.0, 'rev_add2': 100.0, 'rev_add3': 100.0, 'rev_add4': 100.0} 146s
scratch2x step 1750 loss 0.0002 exact 100.0 token 100.0 {'add0': 100.0, 'add1': 100.0, 'add2': 100.0, 'add3': 100.0, 'add4': 100.0, 'rev_add0': 100.0, 'rev_add1': 100.0, 'rev_add2': 100.0, 'rev_add3': 100.0, 'rev_add4': 100.0} 148s
scratch2x step 1775 loss 0.0002 exact 100.0 token 100.0 {'add0': 100.0, 'add1': 100.0, 'add2': 100.0, 'add3': 100.0, 'add4': 100.0, 'rev_add0': 100.0, 'rev_add1': 100.0, 'rev_add2': 100.0, 'rev_add3': 100.0, 'rev_add4': 100.0} 150s
scratch2x step 1800 loss 0.0002 exact 100.0 token 100.0 {'add0': 100.0, 'add1': 100.0, 'add2': 100.0, 'add3': 100.0, 'add4': 100.0, 'rev_add0': 100.0, 'rev_add1': 100.0, 'rev_add2': 100.0, 'rev_add3': 100.0, 'rev_add4': 100.0} 152s
scratch2x step 1825 loss 0.0002 exact 100.0 token 100.0 {'add0': 100.0, 'add1': 100.0, 'add2': 100.0, 'add3': 100.0, 'add4': 100.0, 'rev_add0': 100.0, 'rev_add1': 100.0, 'rev_add2': 100.0, 'rev_add3': 100.0, 'rev_add4': 100.0} 154s
scratch2x step 1850 loss 0.0002 exact 100.0 token 100.0 {'add0': 100.0, 'add1': 100.0, 'add2': 100.0, 'add3': 100.0, 'add4': 100.0, 'rev_add0': 100.0, 'rev_add1': 100.0, 'rev_add2': 100.0, 'rev_add3': 100.0, 'rev_add4': 100.0} 156s
scratch2x step 1875 loss 0.0002 exact 100.0 token 100.0 {'add0': 100.0, 'add1': 100.0, 'add2': 100.0, 'add3': 100.0, 'add4': 100.0, 'rev_add0': 100.0, 'rev_add1': 100.0, 'rev_add2': 100.0, 'rev_add3': 100.0, 'rev_add4': 100.0} 158s
scratch2x step 1900 loss 0.0002 exact 100.0 token 100.0 {'add0': 100.0, 'add1': 100.0, 'add2': 100.0, 'add3': 100.0, 'add4': 100.0, 'rev_add0': 100.0, 'rev_add1': 100.0, 'rev_add2': 100.0, 'rev_add3': 100.0, 'rev_add4': 100.0} 160s
scratch2x step 1925 loss 0.0002 exact 100.0 token 100.0 {'add0': 100.0, 'add1': 100.0, 'add2': 100.0, 'add3': 100.0, 'add4': 100.0, 'rev_add0': 100.0, 'rev_add1': 100.0, 'rev_add2': 100.0, 'rev_add3': 100.0, 'rev_add4': 100.0} 162s
scratch2x step 1950 loss 0.0002 exact 100.0 token 100.0 {'add0': 100.0, 'add1': 100.0, 'add2': 100.0, 'add3': 100.0, 'add4': 100.0, 'rev_add0': 100.0, 'rev_add1': 100.0, 'rev_add2': 100.0, 'rev_add3': 100.0, 'rev_add4': 100.0} 163s
scratch2x step 1975 loss 0.0002 exact 100.0 token 100.0 {'add0': 100.0, 'add1': 100.0, 'add2': 100.0, 'add3': 100.0, 'add4': 100.0, 'rev_add0': 100.0, 'rev_add1': 100.0, 'rev_add2': 100.0, 'rev_add3': 100.0, 'rev_add4': 100.0} 165s
scratch2x step 2000 loss 0.0002 exact 100.0 token 100.0 {'add0': 100.0, 'add1': 100.0, 'add2': 100.0, 'add3': 100.0, 'add4': 100.0, 'rev_add0': 100.0, 'rev_add1': 100.0, 'rev_add2': 100.0, 'rev_add3': 100.0, 'rev_add4': 100.0} 167s
scratch2x step 2025 loss 0.0002 exact 100.0 token 100.0 {'add0': 100.0, 'add1': 100.0, 'add2': 100.0, 'add3': 100.0, 'add4': 100.0, 'rev_add0': 100.0, 'rev_add1': 100.0, 'rev_add2': 100.0, 'rev_add3': 100.0, 'rev_add4': 100.0} 169s
scratch2x step 2050 loss 0.0002 exact 100.0 token 100.0 {'add0': 100.0, 'add1': 100.0, 'add2': 100.0, 'add3': 100.0, 'add4': 100.0, 'rev_add0': 100.0, 'rev_add1': 100.0, 'rev_add2': 100.0, 'rev_add3': 100.0, 'rev_add4': 100.0} 171s
scratch2x step 2075 loss 0.0002 exact 100.0 token 100.0 {'add0': 100.0, 'add1': 100.0, 'add2': 100.0, 'add3': 100.0, 'add4': 100.0, 'rev_add0': 100.0, 'rev_add1': 100.0, 'rev_add2': 100.0, 'rev_add3': 100.0, 'rev_add4': 100.0} 173s
scratch2x step 2100 loss 0.0002 exact 100.0 token 100.0 {'add0': 100.0, 'add1': 100.0, 'add2': 100.0, 'add3': 100.0, 'add4': 100.0, 'rev_add0': 100.0, 'rev_add1': 100.0, 'rev_add2': 100.0, 'rev_add3': 100.0, 'rev_add4': 100.0} 175s
scratch2x step 2125 loss 0.0002 exact 100.0 token 100.0 {'add0': 100.0, 'add1': 100.0, 'add2': 100.0, 'add3': 100.0, 'add4': 100.0, 'rev_add0': 100.0, 'rev_add1': 100.0, 'rev_add2': 100.0, 'rev_add3': 100.0, 'rev_add4': 100.0} 176s
scratch2x step 2150 loss 0.0002 exact 100.0 token 100.0 {'add0': 100.0, 'add1': 100.0, 'add2': 100.0, 'add3': 100.0, 'add4': 100.0, 'rev_add0': 100.0, 'rev_add1': 100.0, 'rev_add2': 100.0, 'rev_add3': 100.0, 'rev_add4': 100.0} 178s
scratch2x step 2175 loss 0.0001 exact 100.0 token 100.0 {'add0': 100.0, 'add1': 100.0, 'add2': 100.0, 'add3': 100.0, 'add4': 100.0, 'rev_add0': 100.0, 'rev_add1': 100.0, 'rev_add2': 100.0, 'rev_add3': 100.0, 'rev_add4': 100.0} 180s
scratch2x step 2200 loss 0.0002 exact 100.0 token 100.0 {'add0': 100.0, 'add1': 100.0, 'add2': 100.0, 'add3': 100.0, 'add4': 100.0, 'rev_add0': 100.0, 'rev_add1': 100.0, 'rev_add2': 100.0, 'rev_add3': 100.0, 'rev_add4': 100.0} 182s
scratch2x step 2225 loss 0.0002 exact 100.0 token 100.0 {'add0': 100.0, 'add1': 100.0, 'add2': 100.0, 'add3': 100.0, 'add4': 100.0, 'rev_add0': 100.0, 'rev_add1': 100.0, 'rev_add2': 100.0, 'rev_add3': 100.0, 'rev_add4': 100.0} 184s
scratch2x step 2250 loss 0.0001 exact 100.0 token 100.0 {'add0': 100.0, 'add1': 100.0, 'add2': 100.0, 'add3': 100.0, 'add4': 100.0, 'rev_add0': 100.0, 'rev_add1': 100.0, 'rev_add2': 100.0, 'rev_add3': 100.0, 'rev_add4': 100.0} 186s
scratch2x step 2275 loss 0.0001 exact 100.0 token 100.0 {'add0': 100.0, 'add1': 100.0, 'add2': 100.0, 'add3': 100.0, 'add4': 100.0, 'rev_add0': 100.0, 'rev_add1': 100.0, 'rev_add2': 100.0, 'rev_add3': 100.0, 'rev_add4': 100.0} 188s
scratch2x step 2300 loss 0.0001 exact 100.0 token 100.0 {'add0': 100.0, 'add1': 100.0, 'add2': 100.0, 'add3': 100.0, 'add4': 100.0, 'rev_add0': 100.0, 'rev_add1': 100.0, 'rev_add2': 100.0, 'rev_add3': 100.0, 'rev_add4': 100.0} 190s
scratch2x step 2325 loss 0.0002 exact 100.0 token 100.0 {'add0': 100.0, 'add1': 100.0, 'add2': 100.0, 'add3': 100.0, 'add4': 100.0, 'rev_add0': 100.0, 'rev_add1': 100.0, 'rev_add2': 100.0, 'rev_add3': 100.0, 'rev_add4': 100.0} 192s
scratch2x step 2350 loss 0.0001 exact 100.0 token 100.0 {'add0': 100.0, 'add1': 100.0, 'add2': 100.0, 'add3': 100.0, 'add4': 100.0, 'rev_add0': 100.0, 'rev_add1': 100.0, 'rev_add2': 100.0, 'rev_add3': 100.0, 'rev_add4': 100.0} 194s
scratch2x step 2375 loss 0.0001 exact 100.0 token 100.0 {'add0': 100.0, 'add1': 100.0, 'add2': 100.0, 'add3': 100.0, 'add4': 100.0, 'rev_add0': 100.0, 'rev_add1': 100.0, 'rev_add2': 100.0, 'rev_add3': 100.0, 'rev_add4': 100.0} 196s
scratch2x step 2400 loss 0.0001 exact 100.0 token 100.0 {'add0': 100.0, 'add1': 100.0, 'add2': 100.0, 'add3': 100.0, 'add4': 100.0, 'rev_add0': 100.0, 'rev_add1': 100.0, 'rev_add2': 100.0, 'rev_add3': 100.0, 'rev_add4': 100.0} 198s
scratch2x step 2425 loss 0.0001 exact 100.0 token 100.0 {'add0': 100.0, 'add1': 100.0, 'add2': 100.0, 'add3': 100.0, 'add4': 100.0, 'rev_add0': 100.0, 'rev_add1': 100.0, 'rev_add2': 100.0, 'rev_add3': 100.0, 'rev_add4': 100.0} 200s
scratch2x step 2450 loss 0.0001 exact 100.0 token 100.0 {'add0': 100.0, 'add1': 100.0, 'add2': 100.0, 'add3': 100.0, 'add4': 100.0, 'rev_add0': 100.0, 'rev_add1': 100.0, 'rev_add2': 100.0, 'rev_add3': 100.0, 'rev_add4': 100.0} 202s
scratch2x step 2475 loss 0.0002 exact 100.0 token 100.0 {'add0': 100.0, 'add1': 100.0, 'add2': 100.0, 'add3': 100.0, 'add4': 100.0, 'rev_add0': 100.0, 'rev_add1': 100.0, 'rev_add2': 100.0, 'rev_add3': 100.0, 'rev_add4': 100.0} 203s
scratch2x step 2500 loss 0.0001 exact 100.0 token 100.0 {'add0': 100.0, 'add1': 100.0, 'add2': 100.0, 'add3': 100.0, 'add4': 100.0, 'rev_add0': 100.0, 'rev_add1': 100.0, 'rev_add2': 100.0, 'rev_add3': 100.0, 'rev_add4': 100.0} 205s
=== run big_small_w0
big_small_w0 step 0 exact 0.0 token 10.15 {'add0': 0.0, 'add1': 0.0, 'add2': 0.0, 'add3': 0.0, 'add4': 0.0, 'rev_add0': 0.0, 'rev_add1': 0.0, 'rev_add2': 0.0, 'rev_add3': 0.0, 'rev_add4': 0.0}
big_small_w0 step 25 loss 3.9479 exact 0.0 token 9.93 {'add0': 0.0, 'add1': 0.0, 'add2': 0.0, 'add3': 0.0, 'add4': 0.0, 'rev_add0': 0.0, 'rev_add1': 0.0, 'rev_add2': 0.0, 'rev_add3': 0.0, 'rev_add4': 0.0} 4s
big_small_w0 step 50 loss 2.1356 exact 0.0 token 11.57 {'add0': 0.0, 'add1': 0.0, 'add2': 0.0, 'add3': 0.0, 'add4': 0.0, 'rev_add0': 0.0, 'rev_add1': 0.0, 'rev_add2': 0.0, 'rev_add3': 0.0, 'rev_add4': 0.0} 6s
big_small_w0 step 75 loss 2.0832 exact 0.0 token 14.51 {'add0': 0.0, 'add1': 0.0, 'add2': 0.0, 'add3': 0.0, 'add4': 0.0, 'rev_add0': 0.0, 'rev_add1': 0.0, 'rev_add2': 0.0, 'rev_add3': 0.0, 'rev_add4': 0.0} 9s
big_small_w0 step 100 loss 2.03 exact 0.0 token 14.43 {'add0': 0.0, 'add1': 0.0, 'add2': 0.0, 'add3': 0.0, 'add4': 0.0, 'rev_add0': 0.0, 'rev_add1': 0.0, 'rev_add2': 0.0, 'rev_add3': 0.0, 'rev_add4': 0.0} 11s
big_small_w0 step 125 loss 1.9808 exact 0.0 token 17.81 {'add0': 0.0, 'add1': 0.0, 'add2': 0.0, 'add3': 0.0, 'add4': 0.0, 'rev_add0': 0.0, 'rev_add1': 0.0, 'rev_add2': 0.0, 'rev_add3': 0.0, 'rev_add4': 0.0} 14s
big_small_w0 step 150 loss 1.8596 exact 0.0 token 22.19 {'add0': 0.0, 'add1': 0.0, 'add2': 0.0, 'add3': 0.0, 'add4': 0.0, 'rev_add0': 0.0, 'rev_add1': 0.0, 'rev_add2': 0.0, 'rev_add3': 0.0, 'rev_add4': 0.0} 16s
big_small_w0 step 175 loss 1.6187 exact 0.0 token 39.34 {'add0': 0.0, 'add1': 0.0, 'add2': 0.0, 'add3': 0.0, 'add4': 0.0, 'rev_add0': 0.0, 'rev_add1': 0.0, 'rev_add2': 0.0, 'rev_add3': 0.0, 'rev_add4': 0.0} 19s
big_small_w0 step 200 loss 0.9441 exact 0.8 token 61.12 {'add0': 1.53, 'add1': 1.48, 'add2': 0.93, 'add3': 0.5, 'add4': 0.48, 'rev_add0': 0.0, 'rev_add1': 0.0, 'rev_add2': 0.0, 'rev_add3': 1.58, 'rev_add4': 1.44} 21s
big_small_w0 step 225 loss 0.4335 exact 10.5 token 75.37 {'add0': 11.73, 'add1': 13.3, 'add2': 6.54, 'add3': 10.05, 'add4': 10.1, 'rev_add0': 11.17, 'rev_add1': 9.18, 'rev_add2': 10.66, 'rev_add3': 14.74, 'rev_add4': 8.13} 24s
big_small_w0 step 250 loss 0.223 exact 44.9 token 91.97 {'add0': 35.71, 'add1': 46.8, 'add2': 49.07, 'add3': 31.66, 'add4': 19.23, 'rev_add0': 59.04, 'rev_add1': 66.84, 'rev_add2': 65.48, 'rev_add3': 44.74, 'rev_add4': 33.01} 26s
big_small_w0 step 275 loss 0.1062 exact 67.4 token 95.3 {'add0': 67.86, 'add1': 79.31, 'add2': 57.01, 'add3': 68.34, 'add4': 65.87, 'rev_add0': 69.15, 'rev_add1': 80.1, 'rev_add2': 66.5, 'rev_add3': 56.32, 'rev_add4': 64.11} 29s
big_small_w0 step 300 loss 0.0696 exact 69.2 token 95.6 {'add0': 77.55, 'add1': 87.19, 'add2': 61.68, 'add3': 68.34, 'add4': 78.37, 'rev_add0': 65.96, 'rev_add1': 69.39, 'rev_add2': 59.39, 'rev_add3': 60.53, 'rev_add4': 63.16} 32s
big_small_w0 step 325 loss 0.0644 exact 77.8 token 96.77 {'add0': 72.45, 'add1': 79.8, 'add2': 72.9, 'add3': 78.89, 'add4': 75.0, 'rev_add0': 76.06, 'rev_add1': 82.65, 'rev_add2': 86.8, 'rev_add3': 93.68, 'rev_add4': 61.72} 34s
big_small_w0 step 350 loss 0.0336 exact 89.65 token 98.83 {'add0': 80.61, 'add1': 92.12, 'add2': 96.26, 'add3': 95.48, 'add4': 81.25, 'rev_add0': 85.11, 'rev_add1': 95.92, 'rev_add2': 94.42, 'rev_add3': 94.21, 'rev_add4': 81.34} 37s
big_small_w0 step 375 loss 0.0253 exact 91.15 token 98.8 {'add0': 97.96, 'add1': 95.07, 'add2': 88.79, 'add3': 83.92, 'add4': 95.19, 'rev_add0': 92.55, 'rev_add1': 91.84, 'rev_add2': 92.89, 'rev_add3': 87.89, 'rev_add4': 85.65} 39s
big_small_w0 step 400 loss 0.0375 exact 87.4 token 98.48 {'add0': 82.65, 'add1': 86.7, 'add2': 86.45, 'add3': 92.46, 'add4': 95.67, 'rev_add0': 79.26, 'rev_add1': 85.71, 'rev_add2': 83.25, 'rev_add3': 88.95, 'rev_add4': 91.87} 42s
big_small_w0 step 425 loss 0.023 exact 94.1 token 99.3 {'add0': 98.98, 'add1': 98.52, 'add2': 85.51, 'add3': 97.49, 'add4': 91.83, 'rev_add0': 96.81, 'rev_add1': 95.92, 'rev_add2': 87.31, 'rev_add3': 93.68, 'rev_add4': 95.69} 45s
big_small_w0 step 450 loss 0.0091 exact 97.05 token 99.65 {'add0': 100.0, 'add1': 95.57, 'add2': 99.07, 'add3': 85.43, 'add4': 99.52, 'rev_add0': 98.94, 'rev_add1': 97.45, 'rev_add2': 99.49, 'rev_add3': 96.32, 'rev_add4': 98.56} 47s
big_small_w0 step 475 loss 0.0047 exact 99.9 token 99.99 {'add0': 100.0, 'add1': 100.0, 'add2': 100.0, 'add3': 99.5, 'add4': 100.0, 'rev_add0': 99.47, 'rev_add1': 100.0, 'rev_add2': 100.0, 'rev_add3': 100.0, 'rev_add4': 100.0} 50s
big_small_w0 step 500 loss 0.0026 exact 99.85 token 99.98 {'add0': 99.49, 'add1': 99.51, 'add2': 100.0, 'add3': 100.0, 'add4': 100.0, 'rev_add0': 100.0, 'rev_add1': 99.49, 'rev_add2': 100.0, 'rev_add3': 100.0, 'rev_add4': 100.0} 52s
big_small_w0 step 525 loss 0.0014 exact 100.0 token 100.0 {'add0': 100.0, 'add1': 100.0, 'add2': 100.0, 'add3': 100.0, 'add4': 100.0, 'rev_add0': 100.0, 'rev_add1': 100.0, 'rev_add2': 100.0, 'rev_add3': 100.0, 'rev_add4': 100.0} 55s
big_small_w0 step 550 loss 0.0014 exact 100.0 token 100.0 {'add0': 100.0, 'add1': 100.0, 'add2': 100.0, 'add3': 100.0, 'add4': 100.0, 'rev_add0': 100.0, 'rev_add1': 100.0, 'rev_add2': 100.0, 'rev_add3': 100.0, 'rev_add4': 100.0} 58s
big_small_w0 step 575 loss 0.0012 exact 99.8 token 99.98 {'add0': 100.0, 'add1': 99.51, 'add2': 100.0, 'add3': 100.0, 'add4': 99.52, 'rev_add0': 100.0, 'rev_add1': 100.0, 'rev_add2': 99.49, 'rev_add3': 100.0, 'rev_add4': 99.52} 60s
big_small_w0 step 600 loss 0.0009 exact 100.0 token 100.0 {'add0': 100.0, 'add1': 100.0, 'add2': 100.0, 'add3': 100.0, 'add4': 100.0, 'rev_add0': 100.0, 'rev_add1': 100.0, 'rev_add2': 100.0, 'rev_add3': 100.0, 'rev_add4': 100.0} 63s
big_small_w0 step 625 loss 0.0006 exact 100.0 token 100.0 {'add0': 100.0, 'add1': 100.0, 'add2': 100.0, 'add3': 100.0, 'add4': 100.0, 'rev_add0': 100.0, 'rev_add1': 100.0, 'rev_add2': 100.0, 'rev_add3': 100.0, 'rev_add4': 100.0} 65s
big_small_w0 step 650 loss 0.0005 exact 100.0 token 100.0 {'add0': 100.0, 'add1': 100.0, 'add2': 100.0, 'add3': 100.0, 'add4': 100.0, 'rev_add0': 100.0, 'rev_add1': 100.0, 'rev_add2': 100.0, 'rev_add3': 100.0, 'rev_add4': 100.0} 68s
big_small_w0 step 675 loss 0.0005 exact 100.0 token 100.0 {'add0': 100.0, 'add1': 100.0, 'add2': 100.0, 'add3': 100.0, 'add4': 100.0, 'rev_add0': 100.0, 'rev_add1': 100.0, 'rev_add2': 100.0, 'rev_add3': 100.0, 'rev_add4': 100.0} 70s
big_small_w0 step 700 loss 0.0004 exact 100.0 token 100.0 {'add0': 100.0, 'add1': 100.0, 'add2': 100.0, 'add3': 100.0, 'add4': 100.0, 'rev_add0': 100.0, 'rev_add1': 100.0, 'rev_add2': 100.0, 'rev_add3': 100.0, 'rev_add4': 100.0} 73s
big_small_w0 step 725 loss 0.0004 exact 100.0 token 100.0 {'add0': 100.0, 'add1': 100.0, 'add2': 100.0, 'add3': 100.0, 'add4': 100.0, 'rev_add0': 100.0, 'rev_add1': 100.0, 'rev_add2': 100.0, 'rev_add3': 100.0, 'rev_add4': 100.0} 75s
big_small_w0 step 750 loss 0.0004 exact 100.0 token 100.0 {'add0': 100.0, 'add1': 100.0, 'add2': 100.0, 'add3': 100.0, 'add4': 100.0, 'rev_add0': 100.0, 'rev_add1': 100.0, 'rev_add2': 100.0, 'rev_add3': 100.0, 'rev_add4': 100.0} 78s
big_small_w0 step 775 loss 0.0004 exact 100.0 token 100.0 {'add0': 100.0, 'add1': 100.0, 'add2': 100.0, 'add3': 100.0, 'add4': 100.0, 'rev_add0': 100.0, 'rev_add1': 100.0, 'rev_add2': 100.0, 'rev_add3': 100.0, 'rev_add4': 100.0} 81s
big_small_w0 step 800 loss 0.0004 exact 100.0 token 100.0 {'add0': 100.0, 'add1': 100.0, 'add2': 100.0, 'add3': 100.0, 'add4': 100.0, 'rev_add0': 100.0, 'rev_add1': 100.0, 'rev_add2': 100.0, 'rev_add3': 100.0, 'rev_add4': 100.0} 83s
big_small_w0 step 825 loss 0.0004 exact 100.0 token 100.0 {'add0': 100.0, 'add1': 100.0, 'add2': 100.0, 'add3': 100.0, 'add4': 100.0, 'rev_add0': 100.0, 'rev_add1': 100.0, 'rev_add2': 100.0, 'rev_add3': 100.0, 'rev_add4': 100.0} 85s
big_small_w0 step 850 loss 0.0004 exact 100.0 token 100.0 {'add0': 100.0, 'add1': 100.0, 'add2': 100.0, 'add3': 100.0, 'add4': 100.0, 'rev_add0': 100.0, 'rev_add1': 100.0, 'rev_add2': 100.0, 'rev_add3': 100.0, 'rev_add4': 100.0} 88s
big_small_w0 step 875 loss 0.0003 exact 100.0 token 100.0 {'add0': 100.0, 'add1': 100.0, 'add2': 100.0, 'add3': 100.0, 'add4': 100.0, 'rev_add0': 100.0, 'rev_add1': 100.0, 'rev_add2': 100.0, 'rev_add3': 100.0, 'rev_add4': 100.0} 91s
big_small_w0 step 900 loss 0.0003 exact 100.0 token 100.0 {'add0': 100.0, 'add1': 100.0, 'add2': 100.0, 'add3': 100.0, 'add4': 100.0, 'rev_add0': 100.0, 'rev_add1': 100.0, 'rev_add2': 100.0, 'rev_add3': 100.0, 'rev_add4': 100.0} 94s
big_small_w0 step 925 loss 0.0003 exact 100.0 token 100.0 {'add0': 100.0, 'add1': 100.0, 'add2': 100.0, 'add3': 100.0, 'add4': 100.0, 'rev_add0': 100.0, 'rev_add1': 100.0, 'rev_add2': 100.0, 'rev_add3': 100.0, 'rev_add4': 100.0} 97s
big_small_w0 step 950 loss 0.0003 exact 100.0 token 100.0 {'add0': 100.0, 'add1': 100.0, 'add2': 100.0, 'add3': 100.0, 'add4': 100.0, 'rev_add0': 100.0, 'rev_add1': 100.0, 'rev_add2': 100.0, 'rev_add3': 100.0, 'rev_add4': 100.0} 99s
big_small_w0 step 975 loss 0.0003 exact 100.0 token 100.0 {'add0': 100.0, 'add1': 100.0, 'add2': 100.0, 'add3': 100.0, 'add4': 100.0, 'rev_add0': 100.0, 'rev_add1': 100.0, 'rev_add2': 100.0, 'rev_add3': 100.0, 'rev_add4': 100.0} 102s
big_small_w0 step 1000 loss 0.0003 exact 100.0 token 100.0 {'add0': 100.0, 'add1': 100.0, 'add2': 100.0, 'add3': 100.0, 'add4': 100.0, 'rev_add0': 100.0, 'rev_add1': 100.0, 'rev_add2': 100.0, 'rev_add3': 100.0, 'rev_add4': 100.0} 105s
=== run big_small_w100
big_small_w100 step 0 exact 0.0 token 10.15 {'add0': 0.0, 'add1': 0.0, 'add2': 0.0, 'add3': 0.0, 'add4': 0.0, 'rev_add0': 0.0, 'rev_add1': 0.0, 'rev_add2': 0.0, 'rev_add3': 0.0, 'rev_add4': 0.0}
big_small_w100 step 25 loss 4.9733 exact 0.0 token 9.67 {'add0': 0.0, 'add1': 0.0, 'add2': 0.0, 'add3': 0.0, 'add4': 0.0, 'rev_add0': 0.0, 'rev_add1': 0.0, 'rev_add2': 0.0, 'rev_add3': 0.0, 'rev_add4': 0.0} 4s
big_small_w100 step 50 loss 2.227 exact 0.0 token 10.07 {'add0': 0.0, 'add1': 0.0, 'add2': 0.0, 'add3': 0.0, 'add4': 0.0, 'rev_add0': 0.0, 'rev_add1': 0.0, 'rev_add2': 0.0, 'rev_add3': 0.0, 'rev_add4': 0.0} 6s
big_small_w100 step 75 loss 2.1305 exact 0.0 token 10.36 {'add0': 0.0, 'add1': 0.0, 'add2': 0.0, 'add3': 0.0, 'add4': 0.0, 'rev_add0': 0.0, 'rev_add1': 0.0, 'rev_add2': 0.0, 'rev_add3': 0.0, 'rev_add4': 0.0} 8s
big_small_w100 step 100 loss 2.126 exact 0.0 token 10.85 {'add0': 0.0, 'add1': 0.0, 'add2': 0.0, 'add3': 0.0, 'add4': 0.0, 'rev_add0': 0.0, 'rev_add1': 0.0, 'rev_add2': 0.0, 'rev_add3': 0.0, 'rev_add4': 0.0} 11s
big_small_w100 step 125 loss 2.1629 exact 0.0 token 10.89 {'add0': 0.0, 'add1': 0.0, 'add2': 0.0, 'add3': 0.0, 'add4': 0.0, 'rev_add0': 0.0, 'rev_add1': 0.0, 'rev_add2': 0.0, 'rev_add3': 0.0, 'rev_add4': 0.0} 14s
big_small_w100 step 150 loss 2.1286 exact 0.0 token 11.98 {'add0': 0.0, 'add1': 0.0, 'add2': 0.0, 'add3': 0.0, 'add4': 0.0, 'rev_add0': 0.0, 'rev_add1': 0.0, 'rev_add2': 0.0, 'rev_add3': 0.0, 'rev_add4': 0.0} 16s
big_small_w100 step 175 loss 2.1044 exact 0.0 token 14.17 {'add0': 0.0, 'add1': 0.0, 'add2': 0.0, 'add3': 0.0, 'add4': 0.0, 'rev_add0': 0.0, 'rev_add1': 0.0, 'rev_add2': 0.0, 'rev_add3': 0.0, 'rev_add4': 0.0} 19s
big_small_w100 step 200 loss 2.0752 exact 0.0 token 14.75 {'add0': 0.0, 'add1': 0.0, 'add2': 0.0, 'add3': 0.0, 'add4': 0.0, 'rev_add0': 0.0, 'rev_add1': 0.0, 'rev_add2': 0.0, 'rev_add3': 0.0, 'rev_add4': 0.0} 21s
big_small_w100 step 225 loss 2.0419 exact 0.0 token 14.43 {'add0': 0.0, 'add1': 0.0, 'add2': 0.0, 'add3': 0.0, 'add4': 0.0, 'rev_add0': 0.0, 'rev_add1': 0.0, 'rev_add2': 0.0, 'rev_add3': 0.0, 'rev_add4': 0.0} 24s
big_small_w100 step 250 loss 2.0197 exact 0.0 token 15.1 {'add0': 0.0, 'add1': 0.0, 'add2': 0.0, 'add3': 0.0, 'add4': 0.0, 'rev_add0': 0.0, 'rev_add1': 0.0, 'rev_add2': 0.0, 'rev_add3': 0.0, 'rev_add4': 0.0} 26s
big_small_w100 step 275 loss 1.9435 exact 0.0 token 18.68 {'add0': 0.0, 'add1': 0.0, 'add2': 0.0, 'add3': 0.0, 'add4': 0.0, 'rev_add0': 0.0, 'rev_add1': 0.0, 'rev_add2': 0.0, 'rev_add3': 0.0, 'rev_add4': 0.0} 28s
big_small_w100 step 300 loss 1.768 exact 0.0 token 20.69 {'add0': 0.0, 'add1': 0.0, 'add2': 0.0, 'add3': 0.0, 'add4': 0.0, 'rev_add0': 0.0, 'rev_add1': 0.0, 'rev_add2': 0.0, 'rev_add3': 0.0, 'rev_add4': 0.0} 31s
big_small_w100 step 325 loss 1.5502 exact 0.0 token 30.4 {'add0': 0.0, 'add1': 0.0, 'add2': 0.0, 'add3': 0.0, 'add4': 0.0, 'rev_add0': 0.0, 'rev_add1': 0.0, 'rev_add2': 0.0, 'rev_add3': 0.0, 'rev_add4': 0.0} 33s
big_small_w100 step 350 loss 1.2144 exact 0.0 token 42.71 {'add0': 0.0, 'add1': 0.0, 'add2': 0.0, 'add3': 0.0, 'add4': 0.0, 'rev_add0': 0.0, 'rev_add1': 0.0, 'rev_add2': 0.0, 'rev_add3': 0.0, 'rev_add4': 0.0} 36s
big_small_w100 step 375 loss 0.9174 exact 0.1 token 56.2 {'add0': 0.0, 'add1': 0.0, 'add2': 0.47, 'add3': 0.0, 'add4': 0.0, 'rev_add0': 0.0, 'rev_add1': 0.51, 'rev_add2': 0.0, 'rev_add3': 0.0, 'rev_add4': 0.0} 38s
big_small_w100 step 400 loss 0.6844 exact 0.9 token 71.5 {'add0': 0.51, 'add1': 0.99, 'add2': 0.93, 'add3': 0.0, 'add4': 0.0, 'rev_add0': 0.53, 'rev_add1': 3.06, 'rev_add2': 1.52, 'rev_add3': 1.05, 'rev_add4': 0.48} 41s
big_small_w100 step 425 loss 0.5021 exact 6.1 token 76.86 {'add0': 4.59, 'add1': 4.43, 'add2': 2.34, 'add3': 2.01, 'add4': 6.25, 'rev_add0': 6.91, 'rev_add1': 13.27, 'rev_add2': 8.12, 'rev_add3': 7.37, 'rev_add4': 6.22} 43s
big_small_w100 step 450 loss 0.2774 exact 14.2 token 83.67 {'add0': 10.71, 'add1': 9.85, 'add2': 6.54, 'add3': 10.55, 'add4': 14.42, 'rev_add0': 15.96, 'rev_add1': 18.88, 'rev_add2': 19.8, 'rev_add3': 16.84, 'rev_add4': 19.14} 46s
big_small_w100 step 475 loss 0.1896 exact 20.5 token 86.75 {'add0': 15.82, 'add1': 17.73, 'add2': 15.89, 'add3': 17.59, 'add4': 20.67, 'rev_add0': 27.66, 'rev_add1': 27.55, 'rev_add2': 20.3, 'rev_add3': 21.05, 'rev_add4': 21.53} 48s
big_small_w100 step 500 loss 0.1522 exact 18.3 token 86.48 {'add0': 12.76, 'add1': 21.67, 'add2': 16.36, 'add3': 14.57, 'add4': 16.83, 'rev_add0': 21.81, 'rev_add1': 21.43, 'rev_add2': 22.84, 'rev_add3': 18.95, 'rev_add4': 16.27} 51s
big_small_w100 step 525 loss 0.1508 exact 21.55 token 87.38 {'add0': 19.9, 'add1': 27.09, 'add2': 15.89, 'add3': 15.58, 'add4': 24.04, 'rev_add0': 23.4, 'rev_add1': 24.49, 'rev_add2': 20.81, 'rev_add3': 23.68, 'rev_add4': 21.05} 53s
big_small_w100 step 550 loss 0.1348 exact 23.1 token 87.74 {'add0': 17.86, 'add1': 26.6, 'add2': 20.56, 'add3': 20.1, 'add4': 24.52, 'rev_add0': 23.4, 'rev_add1': 26.53, 'rev_add2': 23.35, 'rev_add3': 21.58, 'rev_add4': 26.32} 56s
big_small_w100 step 575 loss 0.1215 exact 23.3 token 87.72 {'add0': 20.41, 'add1': 27.59, 'add2': 19.63, 'add3': 19.6, 'add4': 25.0, 'rev_add0': 25.53, 'rev_add1': 27.04, 'rev_add2': 24.37, 'rev_add3': 20.53, 'rev_add4': 23.44} 58s
big_small_w100 step 600 loss 0.1201 exact 25.3 token 88.16 {'add0': 21.43, 'add1': 27.09, 'add2': 18.69, 'add3': 23.62, 'add4': 28.85, 'rev_add0': 30.32, 'rev_add1': 27.55, 'rev_add2': 28.93, 'rev_add3': 21.05, 'rev_add4': 25.84} 61s
big_small_w100 step 625 loss 0.1149 exact 27.7 token 88.4 {'add0': 23.47, 'add1': 30.05, 'add2': 22.9, 'add3': 24.62, 'add4': 30.77, 'rev_add0': 29.79, 'rev_add1': 29.59, 'rev_add2': 30.96, 'rev_add3': 27.37, 'rev_add4': 27.75} 63s
big_small_w100 step 650 loss 0.1047 exact 33.4 token 89.24 {'add0': 26.02, 'add1': 33.99, 'add2': 23.36, 'add3': 27.64, 'add4': 37.98, 'rev_add0': 33.51, 'rev_add1': 37.76, 'rev_add2': 34.01, 'rev_add3': 36.84, 'rev_add4': 43.06} 66s
big_small_w100 step 675 loss 0.104 exact 29.05 token 89.17 {'add0': 30.61, 'add1': 30.05, 'add2': 28.5, 'add3': 28.64, 'add4': 34.13, 'rev_add0': 31.91, 'rev_add1': 30.1, 'rev_add2': 22.34, 'rev_add3': 30.53, 'rev_add4': 23.92} 69s
big_small_w100 step 700 loss 0.1035 exact 38.0 token 90.0 {'add0': 31.63, 'add1': 37.44, 'add2': 33.18, 'add3': 28.64, 'add4': 40.38, 'rev_add0': 40.43, 'rev_add1': 43.37, 'rev_add2': 44.67, 'rev_add3': 43.68, 'rev_add4': 37.32} 71s
big_small_w100 step 725 loss 0.0861 exact 44.55 token 90.9 {'add0': 33.67, 'add1': 45.32, 'add2': 38.32, 'add3': 42.21, 'add4': 48.56, 'rev_add0': 46.28, 'rev_add1': 47.96, 'rev_add2': 47.21, 'rev_add3': 45.79, 'rev_add4': 50.24} 74s
big_small_w100 step 750 loss 0.079 exact 49.85 token 92.02 {'add0': 48.98, 'add1': 47.29, 'add2': 43.93, 'add3': 47.24, 'add4': 55.77, 'rev_add0': 44.15, 'rev_add1': 52.55, 'rev_add2': 53.3, 'rev_add3': 56.84, 'rev_add4': 48.8} 76s
big_small_w100 step 775 loss 0.0757 exact 50.05 token 92.32 {'add0': 54.08, 'add1': 53.2, 'add2': 43.93, 'add3': 47.24, 'add4': 47.6, 'rev_add0': 62.23, 'rev_add1': 55.1, 'rev_add2': 48.22, 'rev_add3': 42.63, 'rev_add4': 47.37} 78s
big_small_w100 step 800 loss 0.0676 exact 61.45 token 94.0 {'add0': 52.55, 'add1': 58.13, 'add2': 52.8, 'add3': 52.76, 'add4': 55.29, 'rev_add0': 65.96, 'rev_add1': 65.82, 'rev_add2': 70.05, 'rev_add3': 70.0, 'rev_add4': 72.25} 81s
big_small_w100 step 825 loss 0.0561 exact 70.85 token 95.59 {'add0': 64.8, 'add1': 76.85, 'add2': 65.89, 'add3': 74.87, 'add4': 67.79, 'rev_add0': 69.68, 'rev_add1': 74.49, 'rev_add2': 65.99, 'rev_add3': 76.32, 'rev_add4': 72.25} 83s
big_small_w100 step 850 loss 0.0455 exact 81.2 token 97.45 {'add0': 77.55, 'add1': 77.83, 'add2': 88.32, 'add3': 86.43, 'add4': 80.29, 'rev_add0': 72.34, 'rev_add1': 84.69, 'rev_add2': 85.79, 'rev_add3': 80.0, 'rev_add4': 77.99} 86s
big_small_w100 step 875 loss 0.0359 exact 87.65 token 98.35 {'add0': 83.16, 'add1': 84.24, 'add2': 84.11, 'add3': 93.97, 'add4': 83.17, 'rev_add0': 87.77, 'rev_add1': 94.39, 'rev_add2': 93.4, 'rev_add3': 88.95, 'rev_add4': 84.21} 88s
big_small_w100 step 900 loss 0.0348 exact 85.5 token 98.36 {'add0': 94.39, 'add1': 97.54, 'add2': 94.39, 'add3': 91.46, 'add4': 84.62, 'rev_add0': 79.79, 'rev_add1': 81.12, 'rev_add2': 78.68, 'rev_add3': 75.26, 'rev_add4': 76.56} 91s
big_small_w100 step 925 loss 0.0271 exact 83.2 token 98.06 {'add0': 81.12, 'add1': 77.83, 'add2': 86.92, 'add3': 81.41, 'add4': 85.1, 'rev_add0': 82.98, 'rev_add1': 91.33, 'rev_add2': 89.85, 'rev_add3': 76.32, 'rev_add4': 78.95} 93s
big_small_w100 step 950 loss 0.0173 exact 96.35 token 99.61 {'add0': 95.92, 'add1': 99.01, 'add2': 99.07, 'add3': 96.48, 'add4': 96.15, 'rev_add0': 94.68, 'rev_add1': 97.96, 'rev_add2': 94.92, 'rev_add3': 95.26, 'rev_add4': 93.78} 96s
big_small_w100 step 975 loss 0.0164 exact 91.65 token 99.15 {'add0': 96.94, 'add1': 97.54, 'add2': 98.6, 'add3': 91.46, 'add4': 89.9, 'rev_add0': 95.74, 'rev_add1': 93.88, 'rev_add2': 85.28, 'rev_add3': 87.37, 'rev_add4': 79.9} 98s
big_small_w100 step 1000 loss 0.0141 exact 96.6 token 99.66 {'add0': 97.45, 'add1': 98.03, 'add2': 98.6, 'add3': 94.97, 'add4': 93.75, 'rev_add0': 96.28, 'rev_add1': 98.47, 'rev_add2': 96.45, 'rev_add3': 94.74, 'rev_add4': 97.13} 101s
=== run big_small_w500
big_small_w500 step 0 exact 0.0 token 10.15 {'add0': 0.0, 'add1': 0.0, 'add2': 0.0, 'add3': 0.0, 'add4': 0.0, 'rev_add0': 0.0, 'rev_add1': 0.0, 'rev_add2': 0.0, 'rev_add3': 0.0, 'rev_add4': 0.0}
big_small_w500 step 25 loss 4.9733 exact 0.0 token 9.67 {'add0': 0.0, 'add1': 0.0, 'add2': 0.0, 'add3': 0.0, 'add4': 0.0, 'rev_add0': 0.0, 'rev_add1': 0.0, 'rev_add2': 0.0, 'rev_add3': 0.0, 'rev_add4': 0.0} 4s
big_small_w500 step 50 loss 2.227 exact 0.0 token 10.07 {'add0': 0.0, 'add1': 0.0, 'add2': 0.0, 'add3': 0.0, 'add4': 0.0, 'rev_add0': 0.0, 'rev_add1': 0.0, 'rev_add2': 0.0, 'rev_add3': 0.0, 'rev_add4': 0.0} 6s
big_small_w500 step 75 loss 2.1305 exact 0.0 token 10.36 {'add0': 0.0, 'add1': 0.0, 'add2': 0.0, 'add3': 0.0, 'add4': 0.0, 'rev_add0': 0.0, 'rev_add1': 0.0, 'rev_add2': 0.0, 'rev_add3': 0.0, 'rev_add4': 0.0} 8s
big_small_w500 step 100 loss 2.126 exact 0.0 token 10.85 {'add0': 0.0, 'add1': 0.0, 'add2': 0.0, 'add3': 0.0, 'add4': 0.0, 'rev_add0': 0.0, 'rev_add1': 0.0, 'rev_add2': 0.0, 'rev_add3': 0.0, 'rev_add4': 0.0} 11s
big_small_w500 step 125 loss 2.1216 exact 0.0 token 12.22 {'add0': 0.0, 'add1': 0.0, 'add2': 0.0, 'add3': 0.0, 'add4': 0.0, 'rev_add0': 0.0, 'rev_add1': 0.0, 'rev_add2': 0.0, 'rev_add3': 0.0, 'rev_add4': 0.0} 13s
big_small_w500 step 150 loss 2.1139 exact 0.0 token 13.38 {'add0': 0.0, 'add1': 0.0, 'add2': 0.0, 'add3': 0.0, 'add4': 0.0, 'rev_add0': 0.0, 'rev_add1': 0.0, 'rev_add2': 0.0, 'rev_add3': 0.0, 'rev_add4': 0.0} 16s
big_small_w500 step 175 loss 2.1135 exact 0.0 token 13.47 {'add0': 0.0, 'add1': 0.0, 'add2': 0.0, 'add3': 0.0, 'add4': 0.0, 'rev_add0': 0.0, 'rev_add1': 0.0, 'rev_add2': 0.0, 'rev_add3': 0.0, 'rev_add4': 0.0} 18s
big_small_w500 step 200 loss 2.1066 exact 0.0 token 13.78 {'add0': 0.0, 'add1': 0.0, 'add2': 0.0, 'add3': 0.0, 'add4': 0.0, 'rev_add0': 0.0, 'rev_add1': 0.0, 'rev_add2': 0.0, 'rev_add3': 0.0, 'rev_add4': 0.0} 21s
big_small_w500 step 225 loss 2.1044 exact 0.0 token 13.75 {'add0': 0.0, 'add1': 0.0, 'add2': 0.0, 'add3': 0.0, 'add4': 0.0, 'rev_add0': 0.0, 'rev_add1': 0.0, 'rev_add2': 0.0, 'rev_add3': 0.0, 'rev_add4': 0.0} 23s
big_small_w500 step 250 loss 2.101 exact 0.0 token 14.17 {'add0': 0.0, 'add1': 0.0, 'add2': 0.0, 'add3': 0.0, 'add4': 0.0, 'rev_add0': 0.0, 'rev_add1': 0.0, 'rev_add2': 0.0, 'rev_add3': 0.0, 'rev_add4': 0.0} 26s
big_small_w500 step 275 loss 2.0978 exact 0.0 token 14.06 {'add0': 0.0, 'add1': 0.0, 'add2': 0.0, 'add3': 0.0, 'add4': 0.0, 'rev_add0': 0.0, 'rev_add1': 0.0, 'rev_add2': 0.0, 'rev_add3': 0.0, 'rev_add4': 0.0} 28s
big_small_w500 step 300 loss 2.0925 exact 0.0 token 14.18 {'add0': 0.0, 'add1': 0.0, 'add2': 0.0, 'add3': 0.0, 'add4': 0.0, 'rev_add0': 0.0, 'rev_add1': 0.0, 'rev_add2': 0.0, 'rev_add3': 0.0, 'rev_add4': 0.0} 31s
big_small_w500 step 325 loss 2.0928 exact 0.0 token 14.5 {'add0': 0.0, 'add1': 0.0, 'add2': 0.0, 'add3': 0.0, 'add4': 0.0, 'rev_add0': 0.0, 'rev_add1': 0.0, 'rev_add2': 0.0, 'rev_add3': 0.0, 'rev_add4': 0.0} 33s
big_small_w500 step 350 loss 2.0915 exact 0.0 token 14.45 {'add0': 0.0, 'add1': 0.0, 'add2': 0.0, 'add3': 0.0, 'add4': 0.0, 'rev_add0': 0.0, 'rev_add1': 0.0, 'rev_add2': 0.0, 'rev_add3': 0.0, 'rev_add4': 0.0} 36s
big_small_w500 step 375 loss 2.0866 exact 0.0 token 14.55 {'add0': 0.0, 'add1': 0.0, 'add2': 0.0, 'add3': 0.0, 'add4': 0.0, 'rev_add0': 0.0, 'rev_add1': 0.0, 'rev_add2': 0.0, 'rev_add3': 0.0, 'rev_add4': 0.0} 38s
big_small_w500 step 400 loss 2.084 exact 0.0 token 15.02 {'add0': 0.0, 'add1': 0.0, 'add2': 0.0, 'add3': 0.0, 'add4': 0.0, 'rev_add0': 0.0, 'rev_add1': 0.0, 'rev_add2': 0.0, 'rev_add3': 0.0, 'rev_add4': 0.0} 41s
big_small_w500 step 425 loss 2.0785 exact 0.0 token 15.05 {'add0': 0.0, 'add1': 0.0, 'add2': 0.0, 'add3': 0.0, 'add4': 0.0, 'rev_add0': 0.0, 'rev_add1': 0.0, 'rev_add2': 0.0, 'rev_add3': 0.0, 'rev_add4': 0.0} 43s
big_small_w500 step 450 loss 2.0741 exact 0.0 token 15.31 {'add0': 0.0, 'add1': 0.0, 'add2': 0.0, 'add3': 0.0, 'add4': 0.0, 'rev_add0': 0.0, 'rev_add1': 0.0, 'rev_add2': 0.0, 'rev_add3': 0.0, 'rev_add4': 0.0} 46s
big_small_w500 step 475 loss 2.0725 exact 0.0 token 15.58 {'add0': 0.0, 'add1': 0.0, 'add2': 0.0, 'add3': 0.0, 'add4': 0.0, 'rev_add0': 0.0, 'rev_add1': 0.0, 'rev_add2': 0.0, 'rev_add3': 0.0, 'rev_add4': 0.0} 48s
big_small_w500 step 500 loss 2.0666 exact 0.0 token 15.85 {'add0': 0.0, 'add1': 0.0, 'add2': 0.0, 'add3': 0.0, 'add4': 0.0, 'rev_add0': 0.0, 'rev_add1': 0.0, 'rev_add2': 0.0, 'rev_add3': 0.0, 'rev_add4': 0.0} 51s
big_small_w500 step 525 loss 2.0632 exact 0.0 token 19.81 {'add0': 0.0, 'add1': 0.0, 'add2': 0.0, 'add3': 0.0, 'add4': 0.0, 'rev_add0': 0.0, 'rev_add1': 0.0, 'rev_add2': 0.0, 'rev_add3': 0.0, 'rev_add4': 0.0} 53s
big_small_w500 step 550 loss 1.8816 exact 0.0 token 27.04 {'add0': 0.0, 'add1': 0.0, 'add2': 0.0, 'add3': 0.0, 'add4': 0.0, 'rev_add0': 0.0, 'rev_add1': 0.0, 'rev_add2': 0.0, 'rev_add3': 0.0, 'rev_add4': 0.0} 56s
big_small_w500 step 575 loss 1.7135 exact 0.0 token 32.77 {'add0': 0.0, 'add1': 0.0, 'add2': 0.0, 'add3': 0.0, 'add4': 0.0, 'rev_add0': 0.0, 'rev_add1': 0.0, 'rev_add2': 0.0, 'rev_add3': 0.0, 'rev_add4': 0.0} 59s
big_small_w500 step 600 loss 1.5608 exact 0.0 token 39.13 {'add0': 0.0, 'add1': 0.0, 'add2': 0.0, 'add3': 0.0, 'add4': 0.0, 'rev_add0': 0.0, 'rev_add1': 0.0, 'rev_add2': 0.0, 'rev_add3': 0.0, 'rev_add4': 0.0} 62s
big_small_w500 step 625 loss 1.3605 exact 0.0 token 49.31 {'add0': 0.0, 'add1': 0.0, 'add2': 0.0, 'add3': 0.0, 'add4': 0.0, 'rev_add0': 0.0, 'rev_add1': 0.0, 'rev_add2': 0.0, 'rev_add3': 0.0, 'rev_add4': 0.0} 64s
big_small_w500 step 650 loss 1.0897 exact 0.0 token 57.55 {'add0': 0.0, 'add1': 0.0, 'add2': 0.0, 'add3': 0.0, 'add4': 0.0, 'rev_add0': 0.0, 'rev_add1': 0.0, 'rev_add2': 0.0, 'rev_add3': 0.0, 'rev_add4': 0.0} 67s
big_small_w500 step 675 loss 0.877 exact 0.15 token 69.52 {'add0': 0.0, 'add1': 0.0, 'add2': 0.47, 'add3': 0.0, 'add4': 0.0, 'rev_add0': 0.0, 'rev_add1': 0.51, 'rev_add2': 0.51, 'rev_add3': 0.0, 'rev_add4': 0.0} 70s
big_small_w500 step 700 loss 0.5359 exact 1.75 token 83.17 {'add0': 1.53, 'add1': 0.99, 'add2': 2.34, 'add3': 0.5, 'add4': 1.44, 'rev_add0': 2.13, 'rev_add1': 1.02, 'rev_add2': 4.06, 'rev_add3': 2.11, 'rev_add4': 1.44} 72s
big_small_w500 step 725 loss 0.3763 exact 4.2 token 86.73 {'add0': 7.65, 'add1': 4.93, 'add2': 6.07, 'add3': 3.02, 'add4': 1.92, 'rev_add0': 5.32, 'rev_add1': 3.06, 'rev_add2': 3.05, 'rev_add3': 2.63, 'rev_add4': 4.31} 75s
big_small_w500 step 750 loss 0.2918 exact 7.85 token 89.3 {'add0': 10.71, 'add1': 7.39, 'add2': 11.21, 'add3': 6.03, 'add4': 7.21, 'rev_add0': 4.79, 'rev_add1': 5.61, 'rev_add2': 8.12, 'rev_add3': 8.42, 'rev_add4': 8.61} 78s
big_small_w500 step 775 loss 0.2366 exact 8.85 token 90.32 {'add0': 11.22, 'add1': 6.4, 'add2': 9.35, 'add3': 3.52, 'add4': 6.25, 'rev_add0': 7.45, 'rev_add1': 13.78, 'rev_add2': 8.12, 'rev_add3': 15.26, 'rev_add4': 7.66} 80s
big_small_w500 step 800 loss 0.2127 exact 10.55 token 91.37 {'add0': 13.27, 'add1': 8.37, 'add2': 10.75, 'add3': 7.04, 'add4': 6.73, 'rev_add0': 11.7, 'rev_add1': 12.24, 'rev_add2': 11.68, 'rev_add3': 11.58, 'rev_add4': 12.44} 83s
big_small_w500 step 825 loss 0.2005 exact 11.55 token 91.62 {'add0': 14.29, 'add1': 7.88, 'add2': 14.49, 'add3': 9.55, 'add4': 5.29, 'rev_add0': 11.7, 'rev_add1': 14.29, 'rev_add2': 12.18, 'rev_add3': 12.11, 'rev_add4': 13.88} 86s
big_small_w500 step 850 loss 0.1956 exact 11.85 token 92.09 {'add0': 15.31, 'add1': 8.37, 'add2': 12.15, 'add3': 8.54, 'add4': 11.54, 'rev_add0': 9.04, 'rev_add1': 13.78, 'rev_add2': 13.71, 'rev_add3': 14.74, 'rev_add4': 11.48} 88s
big_small_w500 step 875 loss 0.1942 exact 11.85 token 92.07 {'add0': 14.29, 'add1': 9.85, 'add2': 12.15, 'add3': 9.55, 'add4': 9.13, 'rev_add0': 8.51, 'rev_add1': 13.27, 'rev_add2': 12.18, 'rev_add3': 15.26, 'rev_add4': 14.35} 91s
big_small_w500 step 900 loss 0.1884 exact 13.05 token 92.53 {'add0': 12.76, 'add1': 8.87, 'add2': 12.62, 'add3': 11.56, 'add4': 8.17, 'rev_add0': 12.77, 'rev_add1': 18.37, 'rev_add2': 15.74, 'rev_add3': 12.63, 'rev_add4': 17.22} 93s
big_small_w500 step 925 loss 0.1848 exact 14.35 token 92.61 {'add0': 16.84, 'add1': 10.84, 'add2': 14.95, 'add3': 11.06, 'add4': 8.17, 'rev_add0': 13.83, 'rev_add1': 15.31, 'rev_add2': 17.77, 'rev_add3': 15.79, 'rev_add4': 19.14} 96s
big_small_w500 step 950 loss 0.1817 exact 14.9 token 92.85 {'add0': 16.84, 'add1': 12.32, 'add2': 15.42, 'add3': 14.57, 'add4': 13.46, 'rev_add0': 10.64, 'rev_add1': 16.33, 'rev_add2': 16.24, 'rev_add3': 15.79, 'rev_add4': 17.22} 98s
big_small_w500 step 975 loss 0.1787 exact 17.15 token 93.0 {'add0': 18.88, 'add1': 13.3, 'add2': 17.76, 'add3': 13.57, 'add4': 12.98, 'rev_add0': 14.36, 'rev_add1': 19.39, 'rev_add2': 22.34, 'rev_add3': 17.89, 'rev_add4': 21.05} 101s
big_small_w500 step 1000 loss 0.1772 exact 18.85 token 92.98 {'add0': 17.35, 'add1': 14.29, 'add2': 17.76, 'add3': 16.08, 'add4': 13.46, 'rev_add0': 19.68, 'rev_add1': 27.04, 'rev_add2': 20.3, 'rev_add3': 16.84, 'rev_add4': 25.84} 104s
done ['dec_cont', 'ad_bi', 'ad_causal', 'scratch', 'scratch2x', 'big_small_w0', 'big_small_w100', 'big_small_w500']
overlap {'held_out': 2000, 'training_samples_checked': 256000, 'held_out_hits': 0}
done ['overlap']
